id,TARGET
80001,0.4489237989567945
80002,0.44893576722778183
80003,0.44893893611804647
80004,0.4489336476929237
80005,0.4489134815093337
80006,0.44896078387602123
80007,0.4489224530011961
80008,0.4489432413219855
80009,0.4489247823420615
80010,0.4489203437150642
80011,0.44890541999628214
80012,0.4489399671191749
80013,0.44890194822196045
80014,0.4489263324803946
80015,0.4489383012494007
80016,0.4489408265061662
80017,0.4488897640277524
80018,0.4489132421095497
80019,0.44896262317914587
80020,0.44892369827088613
80021,0.448965088750687
80022,0.4489127505829031
80023,0.4488935120689841
80024,0.4489013257519619
80025,0.4489526722688281
80026,0.44891087490964615
80027,0.4489072096978405
80028,0.44894157032865956
80029,0.4489091199250982
80030,0.4489174391899182
80031,0.4489389020598825
80032,0.4489343703519439
80033,0.44889165573894696
80034,0.4489262222040683
80035,0.44896452811628423
80036,0.4488938728207999
80037,0.44891304685423716
80038,0.44893377731157413
80039,0.4489000232793733
80040,0.44888997846139134
80041,0.4489583419467362
80042,0.44892199883914685
80043,0.4488869039748441
80044,0.44895984231999625
80045,0.4489469761371496
80046,0.4489186176657968
80047,0.4489408982602967
80048,0.44893918708964464
80049,0.448890886785659
80050,0.4489234760660473
80051,0.44891479009993374
80052,0.44893167298413783
80053,0.4489507957681412
80054,0.4488991182603838
80055,0.44892583384371904
80056,0.4488848300703512
80057,0.4488937269993966
80058,0.44894330381819814
80059,0.44895842857831475
80060,0.4489379919160972
80061,0.4489572596919305
80062,0.4489566006859698
80063,0.4489414433544693
80064,0.448934149635418
80065,0.44895413147514085
80066,0.44889877486826096
80067,0.44889232102869703
80068,0.44891541719794564
80069,0.44894911716750524
80070,0.4489364867467536
80071,0.4489179999904568
80072,0.44891511745464985
80073,0.448945537102454
80074,0.44892333123727934
80075,0.44890960186432927
80076,0.44891823558635785
80077,0.44893425032200734
80078,0.4489143880165712
80079,0.4489218437587836
80080,0.44889110849474906
80081,0.44889382173298503
80082,0.44896428722850235
80083,0.4488992482093757
80084,0.44889385000485066
80085,0.44889712288666545
80086,0.4489574552795181
80087,0.448894054022176
80088,0.44892167379941444
80089,0.44891914424334317
80090,0.44896589358025063
80091,0.4488876815256322
80092,0.44896160358581927
80093,0.44888738723579896
80094,0.4488897937876193
80095,0.4489378049274087
80096,0.4489180466144578
80097,0.4489326644726492
80098,0.4489291068916434
80099,0.4489456534943031
80100,0.4489229463472731
80101,0.44896338981643613
80102,0.4489031478589976
80103,0.4488989570625002
80104,0.44894900689246975
80105,0.4489630877560619
80106,0.4489568807561478
80107,0.44895651735805614
80108,0.4489655343171269
80109,0.4489322098122151
80110,0.4489002555679544
80111,0.4489327821874861
80112,0.44891391979999934
80113,0.4489617125389444
80114,0.44894485428592634
80115,0.4489050134479204
80116,0.4489087843054607
80117,0.4489628629079172
80118,0.44896549116663786
80119,0.4489549363038059
80120,0.44890571130782414
80121,0.4489397670676786
80122,0.44892780722824394
80123,0.44889314420869225
80124,0.44894716163878395
80125,0.44892757725354515
80126,0.44892912689633935
80127,0.4489024833966034
80128,0.4489295428664562
80129,0.4489553160669759
80130,0.4489216293255602
80131,0.44891195898142533
80132,0.4489503373054452
80133,0.44890525797207853
80134,0.44889567359982446
80135,0.4489074443017388
80136,0.4489591975315239
80137,0.44889486645652266
80138,0.4489005207582733
80139,0.4489117779438275
80140,0.44895083131414176
80141,0.44893098752410426
80142,0.44895449569850143
80143,0.44894963184033254
80144,0.44889099028380713
80145,0.44891410001058324
80146,0.4489509587839523
80147,0.4489549022456736
80148,0.44895207476487464
80149,0.4489489300141671
80150,0.4489323668774286
80151,0.4489141378708395
80152,0.44895648627692214
80153,0.4489119841113328
80154,0.44894008367544985
80155,0.44892158451931574
80156,0.44891731370283283
80157,0.44892087740092673
80158,0.44890766138064414
80159,0.4488896086167516
80160,0.44888958844551474
80161,0.4488868917416365
80162,0.44889356745468134
80163,0.4489649088710536
80164,0.4489381415401737
80165,0.44896540106153565
80166,0.4489432810021837
80167,0.44889325101215055
80168,0.4489553030075217
80169,0.44893140994504155
80170,0.4488864678330186
80171,0.44889944875432863
80172,0.4489557548552484
80173,0.4488952164610699
80174,0.4489011409116257
80175,0.448901289049018
80176,0.44895150734999645
80177,0.4489522655559181
80178,0.4489322170879897
80179,0.4489359325581998
80180,0.4489191878902445
80181,0.44888539913692
80182,0.4489188821945643
80183,0.4489659023418452
80184,0.44890528855694495
80185,0.4489263124745214
80186,0.44894888289333196
80187,0.4489572839967629
80188,0.4489113189872329
80189,0.4489278034259319
80190,0.4489558543838953
80191,0.4489464444352129
80192,0.4489411348478578
80193,0.44894914295809724
80194,0.44889600326748086
80195,0.4488909267955866
80196,0.4489467035084587
80197,0.4488857932864047
80198,0.4489299507376802
80199,0.4489155463210596
80200,0.4489437308667308
80201,0.44894691562707606
80202,0.4489173499110453
80203,0.44895192481012447
80204,0.4489125786383256
80205,0.4488855399998007
80206,0.44889660126868813
80207,0.44893009209522583
80208,0.44894870979366797
80209,0.44893574656140867
80210,0.44890870974116526
80211,0.4489061747290586
80212,0.4489647260164695
80213,0.44894505830471493
80214,0.44888582783886233
80215,0.44889487687236435
80216,0.4489624699177178
80217,0.4489407187097968
80218,0.44889006790476427
80219,0.44896533889691453
80220,0.44893068364791144
80221,0.44892547706108105
80222,0.44895332780454067
80223,0.4489397222630455
80224,0.4489085878933112
80225,0.44893955991020557
80226,0.4489491110502826
80227,0.4489079508750305
80228,0.4488980302188967
80229,0.4489229261760367
80230,0.44888972401814337
80231,0.4489320315872153
80232,0.44891640934606675
80233,0.44894881081015786
80234,0.44896252083786253
80235,0.4489133219650585
80236,0.4489123172509175
80237,0.4488979351548736
80238,0.4488846693698749
80239,0.44894706921947414
80240,0.44889173542826744
80241,0.4489575878741389
80242,0.44896142089515745
80243,0.44893651088546427
80244,0.4488924451915278
80245,0.44889408014520016
80246,0.4489047307320115
80247,0.4489473463137296
80248,0.4489657282504884
80249,0.448888712524679
80250,0.44890174651843345
80251,0.44890028797344245
80252,0.4489161236550148
80253,0.4489383984633045
80254,0.44894578245119654
80255,0.44891214646448463
80256,0.4489512403403472
80257,0.4489284683854694
80258,0.44890946794702075
80259,0.44888623653737525
80260,0.44895862598277764
80261,0.448943323822753
80262,0.4489544244397606
80263,0.4489119436052727
80264,0.44895538418440356
80265,0.4489022436658481
80266,0.4489585550569898
80267,0.44893120394328284
80268,0.4489408078238239
80269,0.44893842227051056
80270,0.448910349489347
80271,0.4488942446486512
80272,0.44895093993630464
80273,0.4488884365895449
80274,0.44894499862067466
80275,0.4489116774236601
80276,0.44894216716991386
80277,0.44890334046978697
80278,0.4489539077830145
80279,0.4488909267956104
80280,0.44895717801867047
80281,0.4488893442524213
80282,0.4489019336728129
80283,0.4489339024664005
80284,0.448962664181078
80285,0.448911566485201
80286,0.4488931799203983
80287,0.44888975311464124
80288,0.44889144940644504
80289,0.4488985756454762
80290,0.4489433218395841
80291,0.44892440456099314
80292,0.44895383586503973
80293,0.4488977313015054
80294,0.4488931030405313
80295,0.4489577507242887
80296,0.4489029413603884
80297,0.44896241502803624
80298,0.4489245563352907
80299,0.4488943643466688
80300,0.44895515040680717
80301,0.4488914513905202
80302,0.4489433529213058
80303,0.44889806543596733
80304,0.4489345087335412
80305,0.4489506292799089
80306,0.4489082365660573
80307,0.4489505424814571
80308,0.44893175565104354
80309,0.44891238106978615
80310,0.4488954743766217
80311,0.4488980715515423
80312,0.4489304740076222
80313,0.44895964359311896
80314,0.448948718058895
80315,0.4489347919449913
80316,0.44892392741731885
80317,0.44888818660985036
80318,0.4489024103201821
80319,0.4489065754905437
80320,0.44892103512625303
80321,0.4489378621309697
80322,0.4489074776975481
80323,0.4488897517919676
80324,0.44891403272062097
80325,0.44890094929486457
80326,0.4489541785950241
80327,0.4489367636744029
80328,0.448890625067557
80329,0.4489095263090031
80330,0.44892396379133065
80331,0.44891476232470684
80332,0.4489145553293929
80333,0.44891730047759515
80334,0.44894686933496936
80335,0.4488866034049829
80336,0.44889894366976024
80337,0.4488908305742175
80338,0.4489481789178512
80339,0.44892122459656786
80340,0.44889634947111856
80341,0.4489061864682754
80342,0.4489030187367065
80343,0.44892033991286595
80344,0.4489172186377503
80345,0.4488878251960856
80346,0.4489047282532394
80347,0.4489422342941166
80348,0.44891621111395485
80349,0.4488852640632388
80350,0.4488948218168891
80351,0.4489309450340662
80352,0.4488886452352537
80353,0.4489617133652342
80354,0.44888495010024665
80355,0.44892247829711174
80356,0.4489344323505458
80357,0.4489204174515873
80358,0.44890775247770853
80359,0.44895786744671146
80360,0.4489133206424271
80361,0.4489370526730371
80362,0.44889436500962715
80363,0.4489318318683741
80364,0.4489596581425479
80365,0.4489095193643636
80366,0.4489393897835056
80367,0.4489270758065336
80368,0.44892328362219475
80369,0.44889353538056703
80370,0.4489601389219264
80371,0.44890867006178936
80372,0.448903706675976
80373,0.4488877841941309
80374,0.448896961689822
80375,0.4489334120965697
80376,0.44892533272750945
80377,0.44893993570475055
80378,0.4489169450171856
80379,0.44893334414580605
80380,0.4489163610696118
80381,0.44893794810190263
80382,0.4489278965057373
80383,0.4489616340069648
80384,0.44892236025148324
80385,0.4489129311241265
80386,0.44888761935968
80387,0.448898260856598
80388,0.4489113930545751
80389,0.4489076430280773
80390,0.4488878776072016
80391,0.44890241296511463
80392,0.4489065683809994
80393,0.44890700601139955
80394,0.44892671092262193
80395,0.44892168057764065
80396,0.44895100507612834
80397,0.4489554754468313
80398,0.44893065983999053
80399,0.4489230202499916
80400,0.4489571059345683
80401,0.4489239670982915
80402,0.44893379847252224
80403,0.4489394932813034
80404,0.4489189407208467
80405,0.44893076267632426
80406,0.4489507438543759
80407,0.44889908569032905
80408,0.44892110506223504
80409,0.4489115595430357
80410,0.44889593829266156
80411,0.44890707660758344
80412,0.4489476247302288
80413,0.4488863178799391
80414,0.44891702305316317
80415,0.4489182660079297
80416,0.4489091668789155
80417,0.4489326069376039
80418,0.4489001170216906
80419,0.44894740665762206
80420,0.44895826936597394
80421,0.4489482465363902
80422,0.44892948715010306
80423,0.4489394382262059
80424,0.4489443330003171
80425,0.4489046940302852
80426,0.4489135734334225
80427,0.4489351006153196
80428,0.4489128468053338
80429,0.44888582899779744
80430,0.4489119736955388
80431,0.4488910903086801
80432,0.44892416003892555
80433,0.4489269693334589
80434,0.4489505113993301
80435,0.44893168621191365
80436,0.4489033684098415
80437,0.44895907865763496
80438,0.44893893248076394
80439,0.44895183784639786
80440,0.4489328889913733
80441,0.4489028046333295
80442,0.4489353000047127
80443,0.4489137943145568
80444,0.44889685240639443
80445,0.44894070101937245
80446,0.44889412627199876
80447,0.4489403324990825
80448,0.448925450111837
80449,0.44895096440546656
80450,0.44892135338729233
80451,0.4489228314433431
80452,0.4489258558318848
80453,0.4489209291503218
80454,0.4489162190507566
80455,0.4489438184906104
80456,0.448916729591173
80457,0.4489265773340113
80458,0.44889005699335294
80459,0.4489168411895997
80460,0.4489028643163813
80461,0.44894064100444747
80462,0.44891689177946686
80463,0.4488968823305108
80464,0.4489059960059778
80465,0.4489594336234185
80466,0.4488921869456835
80467,0.44891298072374974
80468,0.4488936380508163
80469,0.4489064146239705
80470,0.44889302847740115
80471,0.4488948158641259
80472,0.44890162962843233
80473,0.44889458374015623
80474,0.44890605618760504
80475,0.44888491042178635
80476,0.44892875192719695
80477,0.44889428399691456
80478,0.44895906609385244
80479,0.4489231516884063
80480,0.4489154568772793
80481,0.4489159128578206
80482,0.44894286668441497
80483,0.44892255335749665
80484,0.44893924908892285
80485,0.44892662660340965
80486,0.4489543774872078
80487,0.44894851238901917
80488,0.4489203450385381
80489,0.44893014020543076
80490,0.4489189362559512
80491,0.44891053532076663
80492,0.4489602482069713
80493,0.44891948895736244
80494,0.44891382523135587
80495,0.4489230622439274
80496,0.4489448367609384
80497,0.44889958779721784
80498,0.4489573069764031
80499,0.44896613826837434
80500,0.4489481881760262
80501,0.44891026864244027
80502,0.44889807485904976
80503,0.44894242640938
80504,0.44892610680518885
80505,0.4489491242757992
80506,0.44888734805237024
80507,0.4489532347230623
80508,0.4488871971057422
80509,0.4489515728216424
80510,0.4488964984331115
80511,0.44895940121902317
80512,0.4488957579179452
80513,0.4488939452339207
80514,0.4489205330184554
80515,0.44895814338456513
80516,0.4489189818880794
80517,0.44893261851003935
80518,0.44891097741280656
80519,0.4489222317890132
80520,0.4489016997294542
80521,0.4489270152943722
80522,0.44892125931436044
80523,0.448945963323603
80524,0.44891206495829467
80525,0.4488988390172786
80526,0.4489573924522158
80527,0.448942511058908
80528,0.44889599351428694
80529,0.4488872349673156
80530,0.448901451899865
80531,0.44895783785258375
80532,0.4489045665597208
80533,0.4489147355412687
80534,0.44896454167343564
80535,0.44890305610137876
80536,0.4488858003953041
80537,0.4489267262984075
80538,0.4489225477358507
80539,0.4488977041873461
80540,0.4489368253436282
80541,0.44894079277951804
80542,0.4489196757790986
80543,0.44890829757264333
80544,0.44894807294034694
80545,0.4489621891862282
80546,0.4489509855670767
80547,0.448891141230483
80548,0.44895716710689654
80549,0.44889363689419304
80550,0.44890701378124387
80551,0.4489368365868237
80552,0.4489421073203068
80553,0.4489312118791816
80554,0.44890464740624403
80555,0.44896356175935104
80556,0.4489210389304901
80557,0.4489632385386874
80558,0.4489308977513246
80559,0.4488955446424023
80560,0.44895313420174954
80561,0.4489186965276879
80562,0.4489319041174758
80563,0.44895625696355806
80564,0.44895870435080004
80565,0.4489466198512774
80566,0.4489048005013891
80567,0.44891708835867633
80568,0.4489192090528969
80569,0.44895186479452165
80570,0.44892993073337095
80571,0.44896466269534574
80572,0.44889254472123263
80573,0.448904692375319
80574,0.4489318002886466
80575,0.44889905857578294
80576,0.4489617608149879
80577,0.44893874896422886
80578,0.4489059240881739
80579,0.4489202165764184
80580,0.4489196152698885
80581,0.44893639978330885
80582,0.44892180192887904
80583,0.44896223299845517
80584,0.4489572329092934
80585,0.44894533705224093
80586,0.4489513392079844
80587,0.4489222995748533
80588,0.44888455049699366
80589,0.4489002833434593
80590,0.4489614402389435
80591,0.44889984571402397
80592,0.44889853563513793
80593,0.4489648162876242
80594,0.44890338692759446
80595,0.4489178745050585
80596,0.44894538169012754
80597,0.4489455986036675
80598,0.4489147031361227
80599,0.4489471361786024
80600,0.4489204796158506
80601,0.44893036158380284
80602,0.44894764870146053
80603,0.44891879390730666
80604,0.44892554650015876
80605,0.44892311233935095
80606,0.4489523996376486
80607,0.4489139578260181
80608,0.4488968251268598
80609,0.44889726341754943
80610,0.44896416124799987
80611,0.44895133143873894
80612,0.44892554782209276
80613,0.4489537292251772
80614,0.4489145090377159
80615,0.44890554647376335
80616,0.44889042816023395
80617,0.4489174740733596
80618,0.4488959887196864
80619,0.44889982918141985
80620,0.44895832210543757
80621,0.4489209714751893
80622,0.44895556125204283
80623,0.44892601173845414
80624,0.4489399229759537
80625,0.448902564572289
80626,0.4488874841203217
80627,0.4488908360292389
80628,0.44896221514355106
80629,0.44892760734434656
80630,0.4488992964859402
80631,0.4489238493830135
80632,0.44890759574484956
80633,0.44892182524132007
80634,0.44896197409003513
80635,0.4489260595202411
80636,0.4488891046894647
80637,0.4488923206984808
80638,0.4489604971939271
80639,0.44892829875558765
80640,0.44894178938979706
80641,0.4489292809830208
80642,0.4489537475785263
80643,0.4489060499046163
80644,0.44891254640024886
80645,0.44888987298021354
80646,0.44894209707070726
80647,0.4489349766174865
80648,0.44890543156777807
80649,0.4489383546508219
80650,0.4489471340277544
80651,0.4489227800239442
80652,0.44891784772014043
80653,0.4489001495910629
80654,0.4489552069488292
80655,0.44895203557992996
80656,0.448959205467079
80657,0.4489627076626127
80658,0.44890971511558714
80659,0.44889714652852536
80660,0.44891160682722925
80661,0.4488953979939431
80662,0.44892200826223905
80663,0.4489562010825426
80664,0.4489431608069692
80665,0.4488852518287768
80666,0.4489389030514981
80667,0.44894827943878396
80668,0.4489467511236443
80669,0.4489407013500982
80670,0.44889339435373943
80671,0.44893568373754694
80672,0.44893908012079087
80673,0.44893783815844357
80674,0.44893428801605423
80675,0.44895903930901976
80676,0.44893399571186104
80677,0.4489552484468074
80678,0.44892429990812166
80679,0.4488940222779163
80680,0.4489376096717446
80681,0.4489211073768501
80682,0.4489338259182867
80683,0.44888785644354307
80684,0.44893028520115424
80685,0.44893246359565253
80686,0.4489541030390026
80687,0.4489201367220583
80688,0.4488898127990052
80689,0.4489226034526191
80690,0.4489373555583651
80691,0.4489275713006441
80692,0.448946311178924
80693,0.4489568237171222
80694,0.44893287394461895
80695,0.4488949377135611
80696,0.44895771302934556
80697,0.4489291536785027
80698,0.44892432470643306
80699,0.44894921206800187
80700,0.44889102566449907
80701,0.4489545443052836
80702,0.44896128069412655
80703,0.448960270359604
80704,0.44894334448901657
80705,0.4489339970357261
80706,0.44893351360816686
80707,0.44890245181775623
80708,0.44893387270683954
80709,0.4489299743806255
80710,0.44895895614872844
80711,0.44892596792752254
80712,0.44896123225355117
80713,0.4488984653696692
80714,0.4488998991154402
80715,0.4489564679259537
80716,0.4489382580964739
80717,0.44891197815940426
80718,0.44895368557892035
80719,0.44889914967283134
80720,0.4489246846317298
80721,0.44895422406095387
80722,0.4489401613820614
80723,0.44889772435754066
80724,0.4489368994116456
80725,0.44895691646581365
80726,0.44888946428325105
80727,0.44890867221113745
80728,0.44888698647638403
80729,0.4489078407632808
80730,0.44895496854321904
80731,0.44889143122018116
80732,0.448956773621254
80733,0.44891220367055035
80734,0.44888656934723414
80735,0.4489422255324449
80736,0.4489472211577268
80737,0.4489323495173165
80738,0.4489327600336566
80739,0.4489013634477385
80740,0.4489083908177174
80741,0.44895429300332895
80742,0.4489105999650424
80743,0.4489635033967901
80744,0.4489065961555972
80745,0.448901150832752
80746,0.44892700636746974
80747,0.44893842392460404
80748,0.4488955745655958
80749,0.448951593816897
80750,0.4489357030804129
80751,0.44890804412101104
80752,0.4489390612731944
80753,0.44888452503480636
80754,0.44894162025837486
80755,0.4489308092995049
80756,0.44890575429407054
80757,0.448921558728676
80758,0.44892217921425126
80759,0.4489522313324475
80760,0.44888748841893744
80761,0.44893616352490096
80762,0.4489384650911275
80763,0.44895157430884
80764,0.44888468358663314
80765,0.44893628785467005
80766,0.44891520243413285
80767,0.44889935021831545
80768,0.4489003560895808
80769,0.44892692766919695
80770,0.44889919530400413
80771,0.44888948974420095
80772,0.4488937198900648
80773,0.44893433695389634
80774,0.4488899720139147
80775,0.4489513783922483
80776,0.4488914988406492
80777,0.4489003790705388
80778,0.44890719597613776
80779,0.44889339435370285
80780,0.4489050592448495
80781,0.44895253306099353
80782,0.4489470364837013
80783,0.4488918379335045
80784,0.44889519364420494
80785,0.44888685784893134
80786,0.4488895953903543
80787,0.4489119007851678
80788,0.4489552411732317
80789,0.4489482784460679
80790,0.4489418234492227
80791,0.4489385173359721
80792,0.4489307281205196
80793,0.4489262389033732
80794,0.4489513838482061
80795,0.4489243116452982
80796,0.4488973292191178
80797,0.44893374788143253
80798,0.44892639679435514
80799,0.4489327831799214
80800,0.4489401456756026
80801,0.4489110969476471
80802,0.4489203541299871
80803,0.44889868840083946
80804,0.44893654064459354
80805,0.44892548780781455
80806,0.4489609126693356
80807,0.44890987647893754
80808,0.4489586435087462
80809,0.4489586097821383
80810,0.4488854193085104
80811,0.44893625098595724
80812,0.44891302866787025
80813,0.448909965591661
80814,0.44891380043173135
80815,0.44894267870238597
80816,0.44895280287865996
80817,0.4489250184339212
80818,0.4488914189853832
80819,0.4489579605289515
80820,0.44893603126140186
80821,0.4488984561102129
80822,0.4489192002887527
80823,0.4488876755733474
80824,0.44890939668820834
80825,0.4489604952100063
80826,0.4489310197634673
80827,0.4488853422641912
80828,0.44891557624663186
80829,0.4489219991698299
80830,0.4489051908482732
80831,0.44891576571493025
80832,0.44891976985348303
80833,0.44894494025873943
80834,0.4489589834285448
80835,0.44892777846106197
80836,0.4489196959507913
80837,0.44892965859869605
80838,0.44896604403004053
80839,0.44891036750968977
80840,0.4489192918817971
80841,0.44891015572044796
80842,0.4489085812793706
80843,0.4489235980802709
80844,0.4489537781639018
80845,0.4489305079012875
80846,0.4489604137020435
80847,0.44892395370578236
80848,0.4489416774619929
80849,0.44896543892180335
80850,0.4489593932828062
80851,0.44896353795253074
80852,0.44889172550836204
80853,0.44890196938254556
80854,0.4489021128910616
80855,0.4489041213247321
80856,0.4489052655768646
80857,0.4489459406724617
80858,0.44890199765500255
80859,0.44895341096500946
80860,0.4489629652474753
80861,0.4489476401051841
80862,0.44891914523493
80863,0.44893033496565093
80864,0.44889288265594446
80865,0.4489635358032523
80866,0.44894688173504077
80867,0.448955499419768
80868,0.44890711298028524
80869,0.4488849744029912
80870,0.44894490372103946
80871,0.44889278643395886
80872,0.44892027642563237
80873,0.448906889618415
80874,0.4489211935140655
80875,0.4489288587303177
80876,0.4489636794750315
80877,0.44894398316062395
80878,0.44895384826478024
80879,0.4489627835488837
80880,0.44889267946389816
80881,0.44891056508030697
80882,0.4489258022656577
80883,0.44892915649010123
80884,0.44889972584940857
80885,0.44889889274792066
80886,0.44894097894150997
80887,0.44894251039686406
80888,0.4488978519927149
80889,0.4489547301358638
80890,0.4489582222458607
80891,0.4489035210106408
80892,0.44893423296231705
80893,0.4489251166402686
80894,0.44889552893564444
80895,0.4489230642282605
80896,0.4489220295905702
80897,0.44892796528406487
80898,0.448908775047362
80899,0.44892944399889206
80900,0.4489110729751209
80901,0.4488908861256156
80902,0.4488876117557888
80903,0.44890580719988044
80904,0.44893982261864473
80905,0.448919380169107
80906,0.4489633377356345
80907,0.4489396501798715
80908,0.44893410714546084
80909,0.4489438831356641
80910,0.4488850026757969
80911,0.4489432733977683
80912,0.44893331752711385
80913,0.44894857521332016
80914,0.44893245913050084
80915,0.4489095378804965
80916,0.44895618074619426
80917,0.4489296038743699
80918,0.44894832424261055
80919,0.44889302269121273
80920,0.44888526439424214
80921,0.4489541809092638
80922,0.44889429871173625
80923,0.4489566183750419
80924,0.4489403657308856
80925,0.44896012850738326
80926,0.44894528612999113
80927,0.44896511057429533
80928,0.4489506750755601
80929,0.44890581943475777
80930,0.44892537935039895
80931,0.4488977273347753
80932,0.4489072773179989
80933,0.44895985538020794
80934,0.44888576551018555
80935,0.44894509451277087
80936,0.4489485897624786
80937,0.44896212900600463
80938,0.44894674054209543
80939,0.4489219214636494
80940,0.44896580132585157
80941,0.44890001335786994
80942,0.44891103081553135
80943,0.44895504757036453
80944,0.4489634418948428
80945,0.44888811783106164
80946,0.44889785612684757
80947,0.44890329119955075
80948,0.44895945164448003
80949,0.4489444657606138
80950,0.448898853731262
80951,0.4488966629360226
80952,0.44895820257280594
80953,0.44893429694396403
80954,0.44890614563000997
80955,0.44891458376711024
80956,0.44891411472495335
80957,0.44895913503620044
80958,0.44890807900447754
80959,0.44889602046187727
80960,0.4489306537235051
80961,0.4489536849175508
80962,0.4489621615756509
80963,0.4489471341930278
80964,0.44888875071606016
80965,0.4489396685307105
80966,0.44892203901278604
80967,0.44890342759884405
80968,0.4489283814208761
80969,0.44892806216680836
80970,0.4489349470232467
80971,0.44893639730380025
80972,0.44890521167921
80973,0.4489028562160635
80974,0.4489123671807538
80975,0.448956799082169
80976,0.4489349595900439
80977,0.4489208292911004
80978,0.4488961082535539
80979,0.4489531720628247
80980,0.4489077065149724
80981,0.44888532325158875
80982,0.4488854885823747
80983,0.44890188308172324
80984,0.4488960201327926
80985,0.4489244452323518
80986,0.4489544538686601
80987,0.44892359708833246
80988,0.44892273687354406
80989,0.44890433327913926
80990,0.44893145789082317
80991,0.44894319800531896
80992,0.44892839365611165
80993,0.4489469700199349
80994,0.4489136068297719
80995,0.44895949677972014
80996,0.4489165070555274
80997,0.44889218297653094
80998,0.4489019414433992
80999,0.4488977736274144
81000,0.4489079812950247
81001,0.4489051061991539
81002,0.448962498023949
81003,0.44889206708107426
81004,0.44892555526194644
81005,0.44888501474488046
81006,0.4489377164751344
81007,0.44896157200632464
81008,0.44894749081253027
81009,0.4489254922710335
81010,0.44895348668672724
81011,0.448921410758314
81012,0.44889418926334523
81013,0.4489099900609974
81014,0.4488851346094421
81015,0.44894279145945803
81016,0.4488943914620939
81017,0.44892752104112293
81018,0.44895583752056506
81019,0.4488904400627935
81020,0.448906356923249
81021,0.44892255517574203
81022,0.44891221177176815
81023,0.4489622258899643
81024,0.4489607522991654
81025,0.448894055510969
81026,0.4489454701427962
81027,0.44892966421897157
81028,0.44895508295196607
81029,0.4489571070928113
81030,0.44895700078528106
81031,0.44895024505262326
81032,0.44893970953433915
81033,0.4488877739446594
81034,0.448908263182613
81035,0.44893597835479504
81036,0.4489174995358476
81037,0.44888590389214916
81038,0.4489224553164993
81039,0.44892626370297467
81040,0.44890748265755104
81041,0.44892151127789365
81042,0.4489250579479543
81043,0.4488941474338875
81044,0.44889712933416553
81045,0.4488907135193218
81046,0.44892741274969056
81047,0.44889002525029986
81048,0.44894252941065416
81049,0.4489421681635787
81050,0.44890956483019656
81051,0.448905222920799
81052,0.44893471539661955
81053,0.4489521458566997
81054,0.4488979282112875
81055,0.44891499395239426
81056,0.44889455778449505
81057,0.4489271728555357
81058,0.44894413559605506
81059,0.44889425341152506
81060,0.44893017657809603
81061,0.44892532991694406
81062,0.4489504684133245
81063,0.4489375921470383
81064,0.4489326947276694
81065,0.44895089017218553
81066,0.4489540400473958
81067,0.4489032630943765
81068,0.4489404001193066
81069,0.448913433398468
81070,0.44891616250676586
81071,0.44888953140784393
81072,0.4489565074399219
81073,0.4489595298444492
81074,0.4489182638582744
81075,0.4489490378080074
81076,0.4489417493808219
81077,0.4489406798587678
81078,0.44892450855558064
81079,0.4489344305322323
81080,0.44888710121495407
81081,0.4489191607747972
81082,0.448953796350619
81083,0.44891749606227616
81084,0.44892801025305445
81085,0.44896387456463904
81086,0.4489420120916219
81087,0.44891329253693757
81088,0.4489125657438892
81089,0.44888519693871193
81090,0.44895565598807186
81091,0.4488852956409708
81092,0.4489373668008509
81093,0.4489273054502119
81094,0.44889584521159825
81095,0.4489331837756202
81096,0.44892756452381377
81097,0.4489494519621028
81098,0.4489129987447702
81099,0.4488870053240922
81100,0.44894929688250407
81101,0.44895856117460786
81102,0.44896568559355604
81103,0.44890159375307304
81104,0.4489055825154502
81105,0.4489575754744134
81106,0.4489193775238196
81107,0.4488873445821889
81108,0.44889367243994355
81109,0.4489139667528906
81110,0.4489370387843701
81111,0.4489071920078473
81112,0.4489271308616868
81113,0.44892600876248523
81114,0.4488967446102359
81115,0.4489637522191365
81116,0.4489254401923627
81117,0.4489547251775462
81118,0.448965853075065
81119,0.4489196766070897
81120,0.4489590472457913
81121,0.44892965082724834
81122,0.44896222109377465
81123,0.4489176494902338
81124,0.44894721190007625
81125,0.4489504179876064
81126,0.4489176268404006
81127,0.44893574937335384
81128,0.44894575517255825
81129,0.4489519177009588
81130,0.4489614007256598
81131,0.4489269971080201
81132,0.44894993108847003
81133,0.44889805088530127
81134,0.44894624339410377
81135,0.44890463219666843
81136,0.44891234932663543
81137,0.4489327767319768
81138,0.4489104032214086
81139,0.44895331953800466
81140,0.44891757162003887
81141,0.44891853202385373
81142,0.44892084615476335
81143,0.4489240781987374
81144,0.44890661715257824
81145,0.4489409085091566
81146,0.4489444616273966
81147,0.44889393878727474
81148,0.44890114653447044
81149,0.448934257926
81150,0.44892363660107154
81151,0.44888475567071484
81152,0.44891965114658605
81153,0.44894884519884154
81154,0.44892048556933467
81155,0.4489383829209547
81156,0.4488862720827233
81157,0.4489610808096099
81158,0.44893440986457334
81159,0.44889565656944347
81160,0.4489174547313652
81161,0.44896133922236053
81162,0.44890417373365743
81163,0.4488865096632996
81164,0.44891419176764835
81165,0.44895952736612194
81166,0.4488974933918789
81167,0.4489064781112321
81168,0.4489321651742769
81169,0.4489202939513932
81170,0.4489099029318086
81171,0.4488926131675721
81172,0.44892706208451044
81173,0.4489314552455928
81174,0.44896178098493716
81175,0.44892480383504546
81176,0.4489035944157284
81177,0.4489626769107146
81178,0.4489447704643666
81179,0.4489377058936361
81180,0.448941309602545
81181,0.448960388902506
81182,0.4489631623214095
81183,0.4488874331985232
81184,0.44888471929900514
81185,0.4489176190690707
81186,0.44894216138497933
81187,0.4489383453926913
81188,0.4489301648397346
81189,0.44896560441797184
81190,0.4489016413678677
81191,0.4489068739107348
81192,0.44893601042887965
81193,0.4489152262420423
81194,0.44893415261137776
81195,0.4489309050255024
81196,0.4489327074581499
81197,0.4489052148203921
81198,0.44896298822715824
81199,0.44895764574021113
81200,0.44894732862295056
81201,0.4489356265332068
81202,0.44895119338654005
81203,0.4489207398472728
81204,0.44893213855637004
81205,0.44892752534017133
81206,0.44896447355594526
81207,0.4489415718158823
81208,0.44894576410121423
81209,0.4489201074586394
81210,0.44896547215281585
81211,0.4488858258557921
81212,0.4489649015965683
81213,0.4489386684476249
81214,0.4489160451231099
81215,0.448904455456734
81216,0.44890744529281396
81217,0.4489322820628549
81218,0.44891435362625104
81219,0.4489108170435728
81220,0.448892835371714
81221,0.44890345041288304
81222,0.44891619557377843
81223,0.4489488956250113
81224,0.4489195937751891
81225,0.44891776505588976
81226,0.4489113465966137
81227,0.4489129803930893
81228,0.44894428488952776
81229,0.44895337012838465
81230,0.44894061885111736
81231,0.44894955149142896
81232,0.44888761803838656
81233,0.4489568810851184
81234,0.44893124808578505
81235,0.4488919134894292
81236,0.4489297331618364
81237,0.4488980649396006
81238,0.44890068674881584
81239,0.4489339120559217
81240,0.4489296194157529
81241,0.4489580706391487
81242,0.44895730548971524
81243,0.44889323464351566
81244,0.44891593468145313
81245,0.44895089033580193
81246,0.448943752029483
81247,0.44893686303897373
81248,0.4488995583693582
81249,0.44892987319838845
81250,0.44891011587742696
81251,0.4488940722076697
81252,0.44888652123603295
81253,0.44890787515208186
81254,0.4489589105166136
81255,0.44893325652066085
81256,0.4489032999630028
81257,0.4489168120910296
81258,0.4489079705489551
81259,0.4489133189894125
81260,0.44891157144511484
81261,0.4489413955735725
81262,0.44896394268120576
81263,0.44891586458134924
81264,0.4489317604452151
81265,0.4489233724038221
81266,0.4489040525473122
81267,0.44893088898714845
81268,0.4489578965456838
81269,0.44890049480146366
81270,0.4488847426096288
81271,0.44895323852525915
81272,0.44889722853151487
81273,0.44891307578872974
81274,0.44895777006797655
81275,0.44892330726369745
81276,0.44896119720347044
81277,0.4489400223394846
81278,0.4489578576921822
81279,0.4489370460588981
81280,0.44892295709407837
81281,0.4489291735190659
81282,0.44890881968658497
81283,0.44888735598832924
81284,0.4489594511489005
81285,0.4489444500545747
81286,0.4488958941493755
81287,0.4488850659974015
81288,0.4489555465385072
81289,0.44890415224198355
81290,0.44893134397816625
81291,0.44893556502952076
81292,0.44890599435392287
81293,0.44890346959204813
81294,0.44895740848931504
81295,0.44891894667307725
81296,0.44890764765730506
81297,0.4489434473246148
81298,0.4489375562699526
81299,0.44894618304851674
81300,0.4489254681327881
81301,0.44890268774508824
81302,0.4489073647781283
81303,0.4489579327538533
81304,0.4489302018737216
81305,0.44894638061775577
81306,0.44892934099802606
81307,0.4489406839920736
81308,0.4489532902744809
81309,0.44894685048727195
81310,0.44895385801762044
81311,0.44891291707071107
81312,0.4489391629514413
81313,0.44893212202296084
81314,0.44893453254154736
81315,0.44888774087926825
81316,0.44896604452763167
81317,0.4489578643063006
81318,0.448914118857879
81319,0.44895200482933495
81320,0.44890025705662545
81321,0.44890241114684104
81322,0.4488984726445742
81323,0.44891452590051545
81324,0.4489247735799256
81325,0.4489545758824767
81326,0.4489658009951632
81327,0.4489336326470977
81328,0.4488923132569118
81329,0.4489072751677756
81330,0.4489257278661067
81331,0.44894714692354276
81332,0.4488968147109964
81333,0.44895958853839313
81334,0.4489368985853719
81335,0.44891818168938097
81336,0.44895449569815105
81337,0.4488959878930213
81338,0.44894059041497514
81339,0.4489425452824105
81340,0.4488866587910223
81341,0.4489660116269267
81342,0.44891425988508726
81343,0.44892278300078736
81344,0.4489196767710937
81345,0.44893126015394863
81346,0.44891431841241447
81347,0.4489429681968834
81348,0.4489532170327548
81349,0.4489024080042632
81350,0.4489084083436624
81351,0.44894228406018266
81352,0.4488862671235284
81353,0.4489219885878698
81354,0.4489214506017058
81355,0.44896288737714757
81356,0.44889632400859564
81357,0.44894695679474805
81358,0.4489504568393812
81359,0.448955775852645
81360,0.44896262152538824
81361,0.44888772252596504
81362,0.4489436768024357
81363,0.4489430295345355
81364,0.44892691692438463
81365,0.4489015901153594
81366,0.44892572158352395
81367,0.4488981097446204
81368,0.44891495757998334
81369,0.44889583347475726
81370,0.4489343513385816
81371,0.44895537757086296
81372,0.44892030816940476
81373,0.44890372634945047
81374,0.4489113353545303
81375,0.4489591282580415
81376,0.4489174294354131
81377,0.44891928311926815
81378,0.44894378228446047
81379,0.44893020418833585
81380,0.44890645744425894
81381,0.44894610517789396
81382,0.44896512528992794
81383,0.4488919647415818
81384,0.4488988414972479
81385,0.44888593596490867
81386,0.4489120540461309
81387,0.4489520124336585
81388,0.4488858106461239
81389,0.4489418871014106
81390,0.44894824835599306
81391,0.4489169164145721
81392,0.44894840856030377
81393,0.4489383645702587
81394,0.4489291854228911
81395,0.4489058999489661
81396,0.44894553759674105
81397,0.4489184303456306
81398,0.44894981833398934
81399,0.4489411927121686
81400,0.44893946269589347
81401,0.4488908023035112
81402,0.44895532020118006
81403,0.44889999682614606
81404,0.4488983253351557
81405,0.44894788248036815
81406,0.44888761770643937
81407,0.44888540426314966
81408,0.4489131280327076
81409,0.4488980948631281
81410,0.448904544075503
81411,0.4488961871149828
81412,0.44893359743067957
81413,0.448960378817251
81414,0.4489514620494054
81415,0.4489151275394205
81416,0.4489025098491921
81417,0.44894888620158213
81418,0.4489506140685844
81419,0.4489292251025694
81420,0.4489264513521992
81421,0.44894036490389294
81422,0.44894914576881184
81423,0.44892223691328503
81424,0.44893382442951396
81425,0.4489405680946781
81426,0.44891420797100823
81427,0.44893739259275794
81428,0.44896570030804345
81429,0.4489453565598606
81430,0.4488940019438868
81431,0.4489592010021712
81432,0.4489617963607125
81433,0.4489265065734018
81434,0.4489202498074376
81435,0.4488913219367313
81436,0.44890686250421463
81437,0.44890988672776466
81438,0.4489211462282865
81439,0.44892368438241753
81440,0.44895441815719156
81441,0.44895451652884066
81442,0.4489450485505597
81443,0.4489143966138324
81444,0.44888561572151653
81445,0.4489209114589769
81446,0.44893316757249324
81447,0.44894171945632144
81448,0.44889474956659803
81449,0.4488867941970136
81450,0.448897119909369
81451,0.4489644421448441
81452,0.4489633010336672
81453,0.4489538148677208
81454,0.4489634863678296
81455,0.4489035234889378
81456,0.448947281668741
81457,0.44894239152433857
81458,0.4488901262672126
81459,0.4489206818150176
81460,0.44891118589579204
81461,0.448961202824339
81462,0.44894452032013044
81463,0.4489272765181555
81464,0.44895710924249577
81465,0.448913918476384
81466,0.4489584317211455
81467,0.4489001239639084
81468,0.4488950527835456
81469,0.4489234015019516
81470,0.4489278120235562
81471,0.44896021828054933
81472,0.4489519904456213
81473,0.4489025584550244
81474,0.4489299337085905
81475,0.4489081838240306
81476,0.4489256518148796
81477,0.44890798956199945
81478,0.4489229832150475
81479,0.4488883316033897
81480,0.4489072419380584
81481,0.44896153265768685
81482,0.44892044307774415
81483,0.44895809262679187
81484,0.4489047394953987
81485,0.44888588355603914
81486,0.44889499690184914
81487,0.44893382261248393
81488,0.4489598322351518
81489,0.44892219376334436
81490,0.44892965248221456
81491,0.4489487200440599
81492,0.44895210121774864
81493,0.44896288853413807
81494,0.44895461407548803
81495,0.44894962126011884
81496,0.44895770658106743
81497,0.44892332363045784
81498,0.4489145015982237
81499,0.4488904160898887
81500,0.448912381069408
81501,0.4489045495314211
81502,0.4489565906004807
81503,0.4489239160094439
81504,0.44889023025935626
81505,0.44888598440674565
81506,0.4489424389731646
81507,0.44894479212303584
81508,0.44893627528996766
81509,0.44889993234680975
81510,0.44888677105005975
81511,0.4489031875386939
81512,0.448903377007409
81513,0.448947619604622
81514,0.4488941509062629
81515,0.4489367049829849
81516,0.4489483892174902
81517,0.4489173128761235
81518,0.4489551560287969
81519,0.44892125815827344
81520,0.44894709286214307
81521,0.4488888150309618
81522,0.44893009358355485
81523,0.4488915173577373
81524,0.4489038973020438
81525,0.44892056145613896
81526,0.4489356609215677
81527,0.44888582354151235
81528,0.44888682610579095
81529,0.44890366319410857
81530,0.44893930579728436
81531,0.44895803889438984
81532,0.44896365467422833
81533,0.4489256774415448
81534,0.44896535013935723
81535,0.4489053411332647
81536,0.4488853250697931
81537,0.4489557287327411
81538,0.4489250162846335
81539,0.44895846114962445
81540,0.44892882483753055
81541,0.44891269966116193
81542,0.44894465076508694
81543,0.4489555455469679
81544,0.44889763524576937
81545,0.4489121481178558
81546,0.44888457165799683
81547,0.44894090487310784
81548,0.4489144437322366
81549,0.4489239596576586
81550,0.4488864760995829
81551,0.4489425611540586
81552,0.4489484619632076
81553,0.4489471193132541
81554,0.4488917423708355
81555,0.4489542357990789
81556,0.4488943522784161
81557,0.44888454256072907
81558,0.44893918245910536
81559,0.44891488913250477
81560,0.4489647686708464
81561,0.44892142514080174
81562,0.448932448880907
81563,0.44894885330010725
81564,0.4489402000690315
81565,0.44894387172794914
81566,0.44890986887200984
81567,0.44894339904720587
81568,0.4489098827611769
81569,0.4489484002949769
81570,0.4489003501369662
81571,0.4489157759658263
81572,0.44896578198290116
81573,0.44890877670030366
81574,0.4489651545530618
81575,0.4489023266630143
81576,0.4489406539002806
81577,0.4489056248400363
81578,0.4489095403617886
81579,0.44896127507446376
81580,0.44894488536935195
81581,0.4489276008957694
81582,0.44896198219254146
81583,0.44888536326112555
81584,0.4489388134427659
81585,0.44896147562004113
81586,0.4488998493499984
81587,0.4489525471123245
81588,0.4489344196200102
81589,0.44888965044449075
81590,0.44888828084696275
81591,0.4489078232398862
81592,0.4489307621786713
81593,0.44889193233675856
81594,0.4489144660509657
81595,0.44894703582309686
81596,0.4488849524149827
81597,0.44893578624242236
81598,0.4489125503684904
81599,0.44889810759525905
81600,0.44890779232139816
81601,0.4489545610036428
81602,0.448922051248538
81603,0.4489043987493372
81604,0.448926062000233
81605,0.4489648174433726
81606,0.44895651355555233
81607,0.44890627062072697
81608,0.4489298564992644
81609,0.44893028024030757
81610,0.44893462743957135
81611,0.4489163065105843
81612,0.4489369395877098
81613,0.44888513212817843
81614,0.44889324324080115
81615,0.4489613440165128
81616,0.448933751188938
81617,0.44895937443510053
81618,0.44889587315409657
81619,0.44894524612040926
81620,0.4489660475036449
81621,0.44888977626188054
81622,0.44895372641626363
81623,0.44894281658972496
81624,0.4489127452914572
81625,0.44892449036919785
81626,0.44892891361877996
81627,0.4489288317818105
81628,0.4489619754140048
81629,0.4489530624473768
81630,0.448965867127388
81631,0.4488971541337143
81632,0.4489076145912475
81633,0.4489148178753875
81634,0.44895720331588057
81635,0.44888881139233994
81636,0.4489577841201345
81637,0.44890440139536625
81638,0.4489274458149196
81639,0.44896265558314
81640,0.4489305636167206
81641,0.44892430205700246
81642,0.4488938123094752
81643,0.4489620531180011
81644,0.4489394878260872
81645,0.44890799104954243
81646,0.44893212119628473
81647,0.44895251586626245
81648,0.44892096271142035
81649,0.44893425974553
81650,0.44895981355324965
81651,0.4489431533678775
81652,0.44892266098687394
81653,0.44894566953206766
81654,0.4489188206912317
81655,0.44890048570861096
81656,0.4489554805723861
81657,0.44891863155189604
81658,0.4489046156632957
81659,0.44892453533740767
81660,0.44890271188170616
81661,0.44888745684075226
81662,0.4488866604430077
81663,0.44890224713858634
81664,0.4489564394887264
81665,0.4489154340617099
81666,0.4489187249636975
81667,0.4489004301576395
81668,0.44893443962580265
81669,0.448920950477031
81670,0.44890410991766366
81671,0.44890948960405025
81672,0.4489144212473302
81673,0.4489001467808634
81674,0.448956366082454
81675,0.4489558216484637
81676,0.448928350008454
81677,0.4489623793159069
81678,0.44895844031806387
81679,0.44891939075111964
81680,0.4489620263344342
81681,0.44892610085251317
81682,0.4488938420693087
81683,0.44890614067108003
81684,0.4489273869581954
81685,0.44890525664907216
81686,0.448921219139058
81687,0.4489315889975253
81688,0.4488984600794303
81689,0.44889425522848575
81690,0.44893768737742457
81691,0.44895151512093556
81692,0.44895890688055196
81693,0.4489371255841369
81694,0.4489293884494656
81695,0.44894641070696717
81696,0.4489254324205128
81697,0.44894913502400624
81698,0.4488865943125393
81699,0.44893170059428084
81700,0.4489074502535989
81701,0.4489357349900027
81702,0.4489326912553415
81703,0.44888803367789587
81704,0.4489107717417758
81705,0.4489305055867007
81706,0.44892534645035337
81707,0.4488979457363484
81708,0.4489153118815352
81709,0.44892023145569143
81710,0.44895178113637607
81711,0.4488956215211566
81712,0.4488903254900337
81713,0.44891552730810064
81714,0.4489113882607091
81715,0.4489305601457786
81716,0.4488967541997808
81717,0.44894992728720773
81718,0.448941652001114
81719,0.4489579603641182
81720,0.44894987801745634
81721,0.4489210595967217
81722,0.4489278538504574
81723,0.44894584197174026
81724,0.4489242765968447
81725,0.44888642120990585
81726,0.4489301182165318
81727,0.44890169857211104
81728,0.4488959333326999
81729,0.44895585438418695
81730,0.44888560580128467
81731,0.4489649273880778
81732,0.44889462689302756
81733,0.44892775333042306
81734,0.4489188843435247
81735,0.4489275893216645
81736,0.44894522710745854
81737,0.4489020295637827
81738,0.4488982425033204
81739,0.44889748347282765
81740,0.4489295101323634
81741,0.44891883821660417
81742,0.4488972462227706
81743,0.44894513799305286
81744,0.4489119244266695
81745,0.44893077606644244
81746,0.44892692353727426
81747,0.448897736923974
81748,0.44889568021263726
81749,0.44896352373342185
81750,0.44894133208666864
81751,0.44892904637996056
81752,0.4489563156562222
81753,0.44890764782390424
81754,0.4489419773722485
81755,0.44894513700197863
81756,0.4488907690720312
81757,0.44889942577342923
81758,0.4489571105655024
81759,0.4489627020409335
81760,0.448908553503788
81761,0.448962071800302
81762,0.44894774889340683
81763,0.4489555581117282
81764,0.44889504121077944
81765,0.4489384295454866
81766,0.4489263518240792
81767,0.4489659339212864
81768,0.4489644580149117
81769,0.4489364475634544
81770,0.44896304278711857
81771,0.4489077042020199
81772,0.4489442252048
81773,0.44893511946462517
81774,0.4488904002193857
81775,0.44892127336898946
81776,0.4489210377727367
81777,0.4489451940416774
81778,0.4489548171005057
81779,0.4489187439783372
81780,0.4489096757677229
81781,0.44891082068121013
81782,0.44893712095523675
81783,0.448953311436397
81784,0.448945166099179
81785,0.44894011856018223
81786,0.44894321338244736
81787,0.44896146784902935
81788,0.44892731024516164
81789,0.44892119417500875
81790,0.44894885677209584
81791,0.44889249677463305
81792,0.44892901281870684
81793,0.44889907444611965
81794,0.4489183273451835
81795,0.4489620756029121
81796,0.4489034461141943
81797,0.4488979668974514
81798,0.448889515205015
81799,0.44893863257087346
81800,0.44889008906613204
81801,0.44890542495545444
81802,0.44893442954024954
81803,0.4489359438006064
81804,0.44890549472530894
81805,0.44890978008955135
81806,0.44889562962057805
81807,0.44893788081361435
81808,0.4488956357391563
81809,0.44890395731689264
81810,0.44892798876178586
81811,0.44888781692958296
81812,0.448930216093803
81813,0.44889676775724174
81814,0.4489180750508572
81815,0.4489128567259027
81816,0.44891320143915114
81817,0.44893630901736925
81818,0.4489406911011744
81819,0.4489079290497227
81820,0.44893712591347185
81821,0.4489165702126152
81822,0.4489187829962867
81823,0.4489227034758874
81824,0.44890643297562
81825,0.4489464646059318
81826,0.44889048536417026
81827,0.44896323638977503
81828,0.44892645217972266
81829,0.4488853748342373
81830,0.448922924028426
81831,0.44895672501487566
81832,0.4488864987498686
81833,0.4489216331277864
81834,0.4489489986255963
81835,0.44892506687579925
81836,0.44896294325889907
81837,0.448896929615741
81838,0.44893967696347176
81839,0.44888941749474454
81840,0.4489061707603289
81841,0.44892453368501284
81842,0.4489480696336409
81843,0.44890624300963206
81844,0.4489441628752061
81845,0.44895911255168985
81846,0.448888627050148
81847,0.4489476751543346
81848,0.4489625839957371
81849,0.44894064166663256
81850,0.4489469987883184
81851,0.44891143686713497
81852,0.4489639671501143
81853,0.44894351345687133
81854,0.44894225611906874
81855,0.4489603113624952
81856,0.4489331121866996
81857,0.44895685132651897
81858,0.44893355279276137
81859,0.44890446653520605
81860,0.4489328048373694
81861,0.4488871919818088
81862,0.44895230077089976
81863,0.44894517271371676
81864,0.4488910193816425
81865,0.448897738576898
81866,0.44894787834549754
81867,0.4489248058197084
81868,0.4488988634857355
81869,0.448956357648894
81870,0.44896162855062915
81871,0.44888774021754596
81872,0.44895460117892144
81873,0.44893203720801056
81874,0.44890869172086134
81875,0.44896333310739833
81876,0.44895866020712294
81877,0.4489414899775949
81878,0.44892491543213525
81879,0.44889114222293025
81880,0.4488899953237392
81881,0.4489516764838265
81882,0.4489577411359247
81883,0.44894556305933414
81884,0.4489251964939507
81885,0.44895337393009044
81886,0.44895005211204747
81887,0.44894236573182217
81888,0.44888698068904676
81889,0.4489131642388131
81890,0.44888495985476445
81891,0.4489397019273986
81892,0.44888995151118705
81893,0.448966048493998
81894,0.44892355658275374
81895,0.4488907241017793
81896,0.4489257392751949
81897,0.4489282511412537
81898,0.44890910835358716
81899,0.4489613276491994
81900,0.44889107212242596
81901,0.4488918326428948
81902,0.44893179169230535
81903,0.4489632866498283
81904,0.44890086828172876
81905,0.44894329670764943
81906,0.448926211458895
81907,0.4489398940427032
81908,0.4489476624255095
81909,0.44889156794802865
81910,0.44892276398849384
81911,0.44891685226542444
81912,0.4489401622074356
81913,0.44896022274443076
81914,0.44888630829002973
81915,0.44892420980265685
81916,0.4489113009658486
81917,0.4488985425793074
81918,0.44893654643112485
81919,0.4489425366852516
81920,0.44890930856837846
81921,0.4489144556363437
81922,0.4489545533975338
81923,0.4488879978028599
81924,0.4489106366680519
81925,0.44895292803546905
81926,0.44891384159940423
81927,0.4488934543686082
81928,0.4489424450917999
81929,0.44895893101923967
81930,0.4489388451862797
81931,0.44895103913448087
81932,0.44889752166377644
81933,0.44888601962303043
81934,0.4488979062219892
81935,0.44890548662369323
81936,0.44889902154168165
81937,0.4488900316981756
81938,0.4489052961637779
81939,0.44896547380525703
81940,0.4489597189825315
81941,0.44895305848073197
81942,0.4489589187831001
81943,0.4489337495359915
81944,0.4489140773607217
81945,0.4488988467874351
81946,0.4489018430713994
81947,0.4489353244736212
81948,0.44888900532667453
81949,0.44892504720181314
81950,0.44893028867222606
81951,0.44893305795747646
81952,0.44892018499862646
81953,0.44891292517094356
81954,0.4489193933956408
81955,0.44890224168312454
81956,0.4489033584899567
81957,0.4489141681263348
81958,0.4488924914840459
81959,0.4489631069360555
81960,0.44896208254844366
81961,0.4489024301598602
81962,0.4489058331571336
81963,0.4489615549789486
81964,0.44894500225798906
81965,0.44892855137964754
81966,0.4488939945023986
81967,0.44889054356094943
81968,0.4489216225453521
81969,0.448938282071067
81970,0.448906320219023
81971,0.44891443695406624
81972,0.44890135319680635
81973,0.44894368821186736
81974,0.4489296696749736
81975,0.4489250085144597
81976,0.44895034937614525
81977,0.4489604909117404
81978,0.4489613534404254
81979,0.448884602575614
81980,0.448928405725224
81981,0.4489479046330411
81982,0.44892568802228283
81983,0.448913867555574
81984,0.448956971355551
81985,0.44892163643473604
81986,0.4488978468691842
81987,0.44896552836517317
81988,0.448928952472334
81989,0.4489551813226074
81990,0.4489207620011586
81991,0.44890025936956973
81992,0.44892709928310115
81993,0.4489343620850617
81994,0.44896473246349217
81995,0.4488906591272086
81996,0.44891472479402234
81997,0.4489452173525835
81998,0.4489071586097916
81999,0.4489599320934949
82000,0.4489469405927392
82001,0.44896530417715014
82002,0.4488935333956618
82003,0.4489306528960905
82004,0.4489404174788833
82005,0.4489641693479464
82006,0.4488892086823906
82007,0.44895808617977495
82008,0.44894957761192794
82009,0.4488874204671428
82010,0.4488988800191985
82011,0.4489394383919561
82012,0.4489566845072188
82013,0.44889571360936076
82014,0.44895215213883094
82015,0.4489545449673829
82016,0.4489398618032949
82017,0.44891439777114617
82018,0.44890870131005334
82019,0.44889938890604747
82020,0.44891462609249255
82021,0.4489393734170555
82022,0.4489462657134139
82023,0.44896045239009275
82024,0.4489510092084046
82025,0.4489334330922964
82026,0.44892233908927404
82027,0.4489540828679574
82028,0.4489030326240376
82029,0.4489118612694479
82030,0.4488932511782998
82031,0.4489042173817949
82032,0.4489237951545577
82033,0.44894137275804014
82034,0.4489629058934178
82035,0.44890265881149555
82036,0.4489211773120874
82037,0.44893095892280577
82038,0.448942796915278
82039,0.44891517069068354
82040,0.4489535789411382
82041,0.4489640336125246
82042,0.44888780337343703
82043,0.44895858283331036
82044,0.44894094752837865
82045,0.44888685255708255
82046,0.44889132309397156
82047,0.4489288344267874
82048,0.44891515862187853
82049,0.4489332127076858
82050,0.4489624383380393
82051,0.4489357996342264
82052,0.44889909726266775
82053,0.44889864723228035
82054,0.4489047680975344
82055,0.44889789001870856
82056,0.4488956593813681
82057,0.4489313605096281
82058,0.44890068096394115
82059,0.4489634997608473
82060,0.4489636234280046
82061,0.4489265778308455
82062,0.44889010196199675
82063,0.4488881396556187
82064,0.4489128408537381
82065,0.4489086779984453
82066,0.4489209040204223
82067,0.44896239766757545
82068,0.44896211511697187
82069,0.44890244189865725
82070,0.44889232317833627
82071,0.4489016585626273
82072,0.4489229542822642
82073,0.44889233045251276
82074,0.4488900791472357
82075,0.44894018089099114
82076,0.4489528309856937
82077,0.4489234588724491
82078,0.44892614648364454
82079,0.44895053421490116
82080,0.44890076891900454
82081,0.448950012265767
82082,0.4489549053877916
82083,0.4489106100498573
82084,0.44894525108037653
82085,0.4489084847263927
82086,0.4489650079049084
82087,0.44892674035073055
82088,0.44889971097007414
82089,0.44893347756611457
82090,0.44896050479990196
82091,0.44890224614574015
82092,0.44889997963042677
82093,0.44888569590682703
82094,0.44893934663390866
82095,0.44893323998723594
82096,0.44892493973570097
82097,0.4489230653851414
82098,0.4489369151179825
82099,0.44894378757551967
82100,0.44895089182376174
82101,0.4489269989283168
82102,0.44891837942423907
82103,0.44895598234963074
82104,0.4489025863975228
82105,0.44892861222134695
82106,0.4489218287123964
82107,0.44893972160261897
82108,0.44894420288393616
82109,0.448913748682886
82110,0.4489154778742274
82111,0.4488875223116298
82112,0.4489345171641007
82113,0.44894709203544186
82114,0.4489184199306431
82115,0.44895164622799366
82116,0.4489650353501645
82117,0.44891699412029196
82118,0.4488976529361638
82119,0.4489239287412977
82120,0.4489382556177971
82121,0.4489459310849688
82122,0.4489482339721779
82123,0.4489336035488669
82124,0.4489093327053763
82125,0.4488949203538211
82126,0.44891501494965386
82127,0.4489034095762711
82128,0.4489450434256496
82129,0.4489134459619454
82130,0.4488844942846615
82131,0.44895461440450335
82132,0.44890160945812824
82133,0.4489153801639491
82134,0.4489143532955772
82135,0.4489264878914082
82136,0.44890280793954773
82137,0.4489381405474164
82138,0.44892989915491954
82139,0.4489605165383008
82140,0.4488954725576552
82141,0.44893624420616673
82142,0.4489194024895464
82143,0.4489398844522171
82144,0.4489055557309716
82145,0.44891253003211834
82146,0.44892983682573306
82147,0.44892142663000567
82148,0.44892713896279085
82149,0.44891551358599835
82150,0.44895081411852344
82151,0.4489074183455531
82152,0.4489136813937663
82153,0.4489201205190035
82154,0.4489154596878889
82155,0.44893179433672736
82156,0.44891264923530894
82157,0.4488908439660087
82158,0.4489130048619201
82159,0.44893009887369567
82160,0.4488855358652537
82161,0.44891658426611597
82162,0.44893311400578967
82163,0.4489300737438459
82164,0.44891321995648914
82165,0.4489385456078216
82166,0.4489522415830027
82167,0.448905420159951
82168,0.44896616521730465
82169,0.44890106750489206
82170,0.4489199836257364
82171,0.44892380953796923
82172,0.44895054744212404
82173,0.4489166368407962
82174,0.4489520635220927
82175,0.4489230343021305
82176,0.44890980042688033
82177,0.44893261834465187
82178,0.44889326721359635
82179,0.44892055236287154
82180,0.44888707674647627
82181,0.448904547215149
82182,0.4489519782102594
82183,0.44893820601903356
82184,0.4488952151371399
82185,0.4489623072326188
82186,0.4489411541910465
82187,0.44888640170248373
82188,0.4488921659484014
82189,0.44892640059739597
82190,0.4488851840433268
82191,0.4488940884100251
82192,0.4489222997401997
82193,0.44889260506521506
82194,0.4489315850296036
82195,0.44888478212529476
82196,0.44894653718562627
82197,0.4489508551216554
82198,0.4489417346670993
82199,0.44888609369189564
82200,0.44894260612226244
82201,0.44893448360333044
82202,0.44891777695973195
82203,0.44895190777947563
82204,0.44894884982817984
82205,0.4489191196087083
82206,0.44890297178247
82207,0.44896534633635415
82208,0.4489459935794611
82209,0.44893548881217743
82210,0.448941309602092
82211,0.44889729135799833
82212,0.4489169569210155
82213,0.4488884982577175
82214,0.4488918829025397
82215,0.44893709516203406
82216,0.44889348776447785
82217,0.4489287251436575
82218,0.448892250928235
82219,0.4489483125041206
82220,0.44895788149977706
82221,0.4489367697932802
82222,0.4489045339895785
82223,0.448915273361199
82224,0.4489550685686068
82225,0.44895367003693637
82226,0.44892323766033887
82227,0.44892245779478324
82228,0.4488852719990866
82229,0.44894930597488536
82230,0.4488865771173873
82231,0.44895830309415513
82232,0.4488899115024809
82233,0.4489082689692189
82234,0.4489109451749837
82235,0.4489439135573451
82236,0.44894543542424203
82237,0.44889800608236774
82238,0.4489282653596407
82239,0.44893937854198657
82240,0.44895112097312645
82241,0.44893878021135525
82242,0.44892120095434357
82243,0.44889598260113645
82244,0.448906648732371
82245,0.44893867076292004
82246,0.44891658062752676
82247,0.44895445155394503
82248,0.44895388943166753
82249,0.4489351121897301
82250,0.4488895796846618
82251,0.4489487906402323
82252,0.448918642299651
82253,0.44888754744224707
82254,0.4489194122440675
82255,0.4489220983673541
82256,0.44895068631897106
82257,0.44891613241828326
82258,0.4488980834566424
82259,0.4489444796480589
82260,0.44894598878454683
82261,0.4489390873949321
82262,0.448924068610454
82263,0.4489454357531966
82264,0.44889512288437144
82265,0.44892663553160816
82266,0.4489342777656427
82267,0.4489291918716108
82268,0.44893903829186915
82269,0.4489365985093241
82270,0.4489192674128442
82271,0.4489354965817696
82272,0.4489192070689395
82273,0.44893621229729835
82274,0.4489436394386465
82275,0.4489416367910663
82276,0.4489019652492968
82277,0.4488932794493369
82278,0.4489036274817861
82279,0.4489300841593071
82280,0.44889701591747744
82281,0.4489577803191795
82282,0.4489343749812062
82283,0.44895491762178524
82284,0.4489147355395422
82285,0.4489018921731957
82286,0.4489415000614873
82287,0.4489081841563294
82288,0.4489082400380176
82289,0.44889233111383464
82290,0.4489475872001366
82291,0.44889562300867775
82292,0.4489124905181389
82293,0.44890370088936543
82294,0.4489248084642984
82295,0.44895707766471293
82296,0.44890518291078957
82297,0.4489651467825301
82298,0.4489611957159179
82299,0.44890873007581455
82300,0.44890966435921953
82301,0.4489242964357905
82302,0.4489152130139719
82303,0.44894795770538165
82304,0.4489575662158184
82305,0.4489211839235476
82306,0.44893364488184057
82307,0.448887956635134
82308,0.4489458517254836
82309,0.4489548204072164
82310,0.4488932572954621
82311,0.4488870198727622
82312,0.4489559532518562
82313,0.44890426565735503
82314,0.4489097779420137
82315,0.4489395992581415
82316,0.44891094335601756
82317,0.44890579099705463
82318,0.44891453846656343
82319,0.44889856870158534
82320,0.44892922047367123
82321,0.4489282187357656
82322,0.44894677972616903
82323,0.44894410715887223
82324,0.44889572385900367
82325,0.44892950467605575
82326,0.4489435437122446
82327,0.448891475363413
82328,0.4489616642616953
82329,0.4489243240460066
82330,0.44894618552771975
82331,0.4489450194520085
82332,0.4489602124952809
82333,0.448890627712791
82334,0.4489066889072616
82335,0.4489530381448155
82336,0.4489253393411686
82337,0.44891290830817593
82338,0.4489582391108382
82339,0.4489246667760398
82340,0.4489435795880917
82341,0.44896445487487785
82342,0.44892385483722314
82343,0.4489525375244882
82344,0.4489570138468439
82345,0.44891003866771323
82346,0.44896169418641235
82347,0.4489111979653831
82348,0.4489342518100592
82349,0.4488886730124342
82350,0.448944060699783
82351,0.4489217627464782
82352,0.4489401817177402
82353,0.4489599611933065
82354,0.4489457659194617
82355,0.4489048565500903
82356,0.4488984928144595
82357,0.4489000988349529
82358,0.4489598939031129
82359,0.44892348020009026
82360,0.4489115187056553
82361,0.4489013988288231
82362,0.4489102068075486
82363,0.4489006710432853
82364,0.44894052990231165
82365,0.44893700886035487
82366,0.4488864154245812
82367,0.4489192903947876
82368,0.44893090667745145
82369,0.4489092249108095
82370,0.44891947705324586
82371,0.4489084389301983
82372,0.4489175132566144
82373,0.4489121011655995
82374,0.448908070408898
82375,0.4489195512862455
82376,0.44891224913472577
82377,0.4489376566251582
82378,0.4489345593234084
82379,0.44889684050090745
82380,0.448901051137221
82381,0.4489081542314631
82382,0.44889826829614604
82383,0.4489554050147883
82384,0.4489113621376867
82385,0.4489484945330269
82386,0.44893394462474806
82387,0.44894395918852764
82388,0.4489167735681746
82389,0.44889339286609914
82390,0.44893396777262806
82391,0.4489199874287472
82392,0.44895185289066347
82393,0.448890300855399
82394,0.44890129533196316
82395,0.44891847151370273
82396,0.44894234870284105
82397,0.44889902683223265
82398,0.4489146520476585
82399,0.4489150212315666
82400,0.44889891787945774
82401,0.44894458645227125
82402,0.4489419490991255
82403,0.44895963284531604
82404,0.4488982094388668
82405,0.4489001398369963
82406,0.44891366700878016
82407,0.4488992417605479
82408,0.4489615544822558
82409,0.4489173419752069
82410,0.4489331302078215
82411,0.44892441596876315
82412,0.44891784672815765
82413,0.4489215084685892
82414,0.4489077356148078
82415,0.44892470595849154
82416,0.4489232857697771
82417,0.44895138087290215
82418,0.44896570940120917
82419,0.44895471492674754
82420,0.4489137769544156
82421,0.4489083106333383
82422,0.44890944562770735
82423,0.44890471634985796
82424,0.44888715891570397
82425,0.4489354937727804
82426,0.4489529329953714
82427,0.44889303409932596
82428,0.4489572623385042
82429,0.44891498403126995
82430,0.4488995160447581
82431,0.4489244427533025
82432,0.4489049721157482
82433,0.4489423968139615
82434,0.4489236726439309
82435,0.448955179009291
82436,0.44893912525569507
82437,0.4489653122773826
82438,0.44891372173442917
82439,0.44889291869873926
82440,0.44894748122334294
82441,0.4489093573412702
82442,0.44892760436682194
82443,0.44892425940217545
82444,0.4489434448437851
82445,0.4489590242655969
82446,0.4488861034463085
82447,0.4489471246047161
82448,0.4489226613166354
82449,0.44895280833455237
82450,0.4489044022216309
82451,0.44890978802709564
82452,0.44891879770998366
82453,0.4489250124827991
82454,0.4489519633313888
82455,0.44888898234533087
82456,0.44893056427900524
82457,0.4488845032128566
82458,0.44889867269448297
82459,0.44892060080312746
82460,0.4489387392090872
82461,0.44889935583864354
82462,0.4489461134427952
82463,0.4489322117974448
82464,0.44896011461957064
82465,0.44896278106891846
82466,0.44896337973096795
82467,0.4489407954247694
82468,0.44896155762386064
82469,0.4488993082233735
82470,0.44896133475803063
82471,0.44890182604101064
82472,0.4489093669304185
82473,0.4489567924679987
82474,0.4489619818622805
82475,0.44894790777596866
82476,0.4488946065566555
82477,0.4489425889292376
82478,0.44890548910449324
82479,0.4489548518206806
82480,0.4489226727243643
82481,0.44891681886967544
82482,0.44893314260663847
82483,0.44895191191399353
82484,0.4488932695299935
82485,0.4489581037056294
82486,0.44891729783102147
82487,0.4488856534164785
82488,0.44889919497200653
82489,0.44893771548361555
82490,0.44895822406619346
82491,0.44891318374918265
82492,0.44888542840207346
82493,0.44892765495956405
82494,0.44895538633241777
82495,0.448966248213165
82496,0.448907266405293
82497,0.4489192574930464
82498,0.44889011866029627
82499,0.4489566757446599
82500,0.44889516686067
82501,0.4489241760743837
82502,0.44893466844150237
82503,0.4488884298113064
82504,0.44896451902187595
82505,0.44889606675607985
82506,0.44894765250574703
82507,0.44891017489970075
82508,0.4488954583382757
82509,0.4489167975424006
82510,0.44896100393251637
82511,0.44890002807392226
82512,0.4488920411245783
82513,0.44895960986564754
82514,0.4489151559766239
82515,0.4489620369169369
82516,0.4489049775712651
82517,0.44889444816914853
82518,0.4489408372533683
82519,0.44894899614605455
82520,0.4488900753437799
82521,0.44890864327822927
82522,0.4488917367508511
82523,0.44893681162026705
82524,0.44890472825366723
82525,0.448906181011713
82526,0.44891026450787197
82527,0.44894399010530045
82528,0.4488945698540704
82529,0.4489376144658398
82530,0.44892772588599744
82531,0.4489171782981137
82532,0.4489172498861392
82533,0.4489622553171805
82534,0.44894001886757784
82535,0.4489070083256745
82536,0.44893260925052436
82537,0.4489340130724024
82538,0.44896567831903944
82539,0.44895243601029783
82540,0.4489625765541842
82541,0.4489080548675162
82542,0.44889205418538725
82543,0.4489368460098995
82544,0.4489154667975185
82545,0.448944527759957
82546,0.4489444612954464
82547,0.44894913535463055
82548,0.44893861967592896
82549,0.4489313694374289
82550,0.4489408904890553
82551,0.44890065517195993
82552,0.44888808972618527
82553,0.44888802442097525
82554,0.44889812760028613
82555,0.448925867736863
82556,0.44890990441945516
82557,0.44888760877853984
82558,0.4489541868616244
82559,0.4489024296626191
82560,0.44893596777524214
82561,0.4488959296963404
82562,0.4489068889558024
82563,0.4489326398384107
82564,0.4489322997535897
82565,0.4489347494543482
82566,0.448888646724563
82567,0.4489566461514468
82568,0.4489523057311795
82569,0.4489585415002819
82570,0.4489138353161215
82571,0.4488960869262995
82572,0.44891243347990584
82573,0.44892432090546125
82574,0.44890351208274043
82575,0.44895960523648154
82576,0.4488986335097551
82577,0.44896197359575735
82578,0.44892310853556083
82579,0.4489337369713485
82580,0.44894043996264954
82581,0.44895517735594215
82582,0.44890295028820965
82583,0.4489268259918258
82584,0.4489502814237854
82585,0.4489366910943549
82586,0.44895785818951695
82587,0.44895760738349033
82588,0.44892439629616454
82589,0.44888688777245883
82590,0.4488916687996475
82591,0.4488915003269618
82592,0.4489058541524408
82593,0.44891485606674814
82594,0.4489325267507121
82595,0.44895158191480183
82596,0.44893573581625507
82597,0.4489613694777941
82598,0.44890649232896446
82599,0.44895167268085534
82600,0.44889831458868845
82601,0.44896221183620066
82602,0.4488851422150508
82603,0.4488879564702442
82604,0.4489463500305906
82605,0.4489267066224111
82606,0.4489140274304978
82607,0.44890950465040863
82608,0.4489501205584666
82609,0.44893584559440836
82610,0.44891870330627964
82611,0.4489331555041362
82612,0.4489475233822278
82613,0.44894102143115056
82614,0.448892670867525
82615,0.4488943612053649
82616,0.4489232269130129
82617,0.4489133923961175
82618,0.44894260248667434
82619,0.44893043714024405
82620,0.44890379793741897
82621,0.44892360089099015
82622,0.4489309653707176
82623,0.448899381630208
82624,0.448940647617723
82625,0.44895630771995754
82626,0.4489483077095277
82627,0.448889032109403
82628,0.4489588242157859
82629,0.448954242907885
82630,0.44891588458717807
82631,0.44889365706285933
82632,0.4488943841878959
82633,0.44891591352084065
82634,0.44891628617562596
82635,0.448950805191477
82636,0.44890795798392996
82637,0.44893682484672753
82638,0.4489211280432465
82639,0.44891969264286086
82640,0.4489086854366796
82641,0.4489190663719092
82642,0.4488877091357943
82643,0.44896301302762254
82644,0.4489502700172446
82645,0.4489406391858694
82646,0.44895584413243245
82647,0.4489568999340902
82648,0.4489473230013809
82649,0.4489209966051263
82650,0.4489516511865913
82651,0.448919412077983
82652,0.4489234582107438
82653,0.44889957572909167
82654,0.44896167434680107
82655,0.4489396076907618
82656,0.44893332893572674
82657,0.4489235825396193
82658,0.44896050017058503
82659,0.4489458895866227
82660,0.44892296767490186
82661,0.4489413638305261
82662,0.4488939735053856
82663,0.44890054125898116
82664,0.44896025812518997
82665,0.4489164498520429
82666,0.4489310627506862
82667,0.4489203905040051
82668,0.4489228615327572
82669,0.4489657439553108
82670,0.44892205885240877
82671,0.44893947443364207
82672,0.44893672168043347
82673,0.4489415453620579
82674,0.4489458022917606
82675,0.4489278535207607
82676,0.44890189928334534
82677,0.4489165391295929
82678,0.4489330862302719
82679,0.44893712426106824
82680,0.4489459957287272
82681,0.4489027032844696
82682,0.4488950681600501
82683,0.4489552315847663
82684,0.44894471607094577
82685,0.4489095211821435
82686,0.4489235164067328
82687,0.44894365746005793
82688,0.4489564275849454
82689,0.4489238397933869
82690,0.4488950190561611
82691,0.44895184908845426
82692,0.44895346998869085
82693,0.4489619316014573
82694,0.4489162942764609
82695,0.4489584846261967
82696,0.4489644208165125
82697,0.4489653010349889
82698,0.4489570186418026
82699,0.4489149398892804
82700,0.4489513501197745
82701,0.44896588117947295
82702,0.4489465259434892
82703,0.4489637839642994
82704,0.4489592843296608
82705,0.4489472667893894
82706,0.4489072554935076
82707,0.44893708607049976
82708,0.4489074292557339
82709,0.44891813109663886
82710,0.448913318493486
82711,0.4489513560726358
82712,0.4489585545617884
82713,0.44893289560461225
82714,0.44891753375931037
82715,0.44891902255846106
82716,0.44895311733875204
82717,0.44895944784221364
82718,0.4489331817898963
82719,0.4489317776399823
82720,0.44889074427164294
82721,0.4488949702840233
82722,0.4489134509218469
82723,0.44890026664416255
82724,0.44890678810519713
82725,0.44891930246465306
82726,0.4489652153946598
82727,0.44895877974144466
82728,0.4488928287588708
82729,0.44894005490795713
82730,0.4489259732163915
82731,0.4489619960799021
82732,0.4488930215338593
82733,0.4489086875858742
82734,0.448909661051715
82735,0.448962679390725
82736,0.4488862763804076
82737,0.4489557264171668
82738,0.44892643663776377
82739,0.4489064139627012
82740,0.4489530378132109
82741,0.4489194568815783
82742,0.44892566107253973
82743,0.4489326684398263
82744,0.44890637362201574
82745,0.44891090483371876
82746,0.44896449422399193
82747,0.4488933422749446
82748,0.44891595782773025
82749,0.4489304333363571
82750,0.4489003972569149
82751,0.44891898668346925
82752,0.44895608039055085
82753,0.4489613724524813
82754,0.44894099729250225
82755,0.4489314874842869
82756,0.4489397842636717
82757,0.4488859979655586
82758,0.4489584303981708
82759,0.4489366443067588
82760,0.4489201973976712
82761,0.4488915170253623
82762,0.44889199995731827
82763,0.4489372591697678
82764,0.44889405121073495
82765,0.4488950159152721
82766,0.44891461038612074
82767,0.4489334119316839
82768,0.4489339257787497
82769,0.44896227218249585
82770,0.4489113449441044
82771,0.44895917008699204
82772,0.4489257434083346
82773,0.4488961057740453
82774,0.448945231404789
82775,0.44892836703749167
82776,0.44893233761355805
82777,0.4489228145793095
82778,0.44892278762915777
82779,0.44890197847666974
82780,0.44888500928932673
82781,0.4488924599066703
82782,0.44894010434307224
82783,0.4489364169780728
82784,0.4488869932541619
82785,0.44892949674099636
82786,0.4489469604316519
82787,0.4488920199622976
82788,0.4489607407247262
82789,0.4489250944863652
82790,0.4488900692274285
82791,0.44889790043584277
82792,0.44893519518434427
82793,0.44889236037770186
82794,0.4489186866069927
82795,0.44889024183238724
82796,0.448930939414161
82797,0.44888755025327215
82798,0.44895877114462973
82799,0.44892886071292276
82800,0.4489286585154604
82801,0.4489443144819985
82802,0.4489387650006394
82803,0.4489662539996963
82804,0.44892299015893805
82805,0.4489303134717954
82806,0.44893746087389036
82807,0.4489255871714752
82808,0.4488868778542607
82809,0.44889662160431903
82810,0.4489019516931714
82811,0.44889192655027005
82812,0.4489201674735563
82813,0.44893428355380566
82814,0.4489451712252991
82815,0.4489624722316667
82816,0.44889485885000513
82817,0.4488852055349244
82818,0.4489402929847507
82819,0.4489274932660138
82820,0.4489280692777212
82821,0.44896326151919885
82822,0.44894043401067324
82823,0.44895568558142634
82824,0.44891420119151665
82825,0.44892543721505185
82826,0.44893826173460133
82827,0.44888876824109747
82828,0.4489520291337432
82829,0.4489466646561798
82830,0.4489652911159796
82831,0.4489372325528795
82832,0.4489233697593297
82833,0.4489454269923359
82834,0.44895019446123596
82835,0.44889393928321353
82836,0.44895000912444183
82837,0.4489176380827753
82838,0.44895762077528295
82839,0.44894922182208724
82840,0.4488880559983192
82841,0.44895065689089036
82842,0.44894170837915665
82843,0.44889992441177917
82844,0.44895766144625354
82845,0.4489606603754076
82846,0.44891629477120093
82847,0.44892456294930294
82848,0.4489129868392915
82849,0.44890296599627916
82850,0.4489621331396544
82851,0.44895244973272624
82852,0.448957875051873
82853,0.448927782594637
82854,0.4489333403431931
82855,0.44894151742126226
82856,0.4489141314233954
82857,0.4488886017542085
82858,0.448957173225019
82859,0.4488889267942769
82860,0.44894213939610195
82861,0.44892316011996375
82862,0.4489087504131354
82863,0.44891496716920054
82864,0.4489283686903734
82865,0.44893731720207836
82866,0.44894990166058363
82867,0.4489195354151973
82868,0.4489481579192529
82869,0.44890765146162737
82870,0.4489171551508526
82871,0.44894279873233683
82872,0.4489022091126303
82873,0.44893516294621405
82874,0.4489529682103838
82875,0.4488945262059776
82876,0.44889108898608887
82877,0.448953395258563
82878,0.4488878189145087
82879,0.4489084187598695
82880,0.44890062971145545
82881,0.4489654754598037
82882,0.44891320193422257
82883,0.4488883344152496
82884,0.44894610914584104
82885,0.4488928862931704
82886,0.4489055921045522
82887,0.44888827175369533
82888,0.44892308985485635
82889,0.4489592502719116
82890,0.44890595996392413
82891,0.4489617062559889
82892,0.4489058591136281
82893,0.4489324151542753
82894,0.4489532833306457
82895,0.44894243847816534
82896,0.4489298049166035
82897,0.4488896790479074
82898,0.4489127505833703
82899,0.4489648270337938
82900,0.4489452135498975
82901,0.4488857618728505
82902,0.44890238601705085
82903,0.4489626704628677
82904,0.4489654013918783
82905,0.44891786904954084
82906,0.4489584251079713
82907,0.4489653756006366
82908,0.4489003078126692
82909,0.4489501321315862
82910,0.4489159348467187
82911,0.44894996316346036
82912,0.44890347306439027
82913,0.44892625609814374
82914,0.4489186877656045
82915,0.4489499927580267
82916,0.44896052430726013
82917,0.44889644982670945
82918,0.44895317470851936
82919,0.44890209586034957
82920,0.4489071068630832
82921,0.4489061302560034
82922,0.4489200211557864
82923,0.4489231295324328
82924,0.44891805934318973
82925,0.4488877293057905
82926,0.44895380577454536
82927,0.4488895386826947
82928,0.4488860533508883
82929,0.44893239977846927
82930,0.44890163954916773
82931,0.44890766369436297
82932,0.44893866629829615
82933,0.44890388721592134
82934,0.44892159460535647
82935,0.44896431880759324
82936,0.44896567451733216
82937,0.44894436292547335
82938,0.44891128459810536
82939,0.4489574428780307
82940,0.44891300122396083
82941,0.4489535253739906
82942,0.44892555377466914
82943,0.4488850924501537
82944,0.4488963216940169
82945,0.4489087122210303
82946,0.44894358984025134
82947,0.44892571133301157
82948,0.4489409457097961
82949,0.4488941489219059
82950,0.448918670073862
82951,0.44896201360524496
82952,0.4489556044045592
82953,0.4489577122026818
82954,0.4489106467518574
82955,0.4489596806258435
82956,0.44891866164296645
82957,0.4489016400451921
82958,0.4489390905366986
82959,0.4489058344781554
82960,0.4489190309920107
82961,0.4489120209795711
82962,0.44896124333108145
82963,0.448888475772828
82964,0.4489277397724726
82965,0.44891671338924394
82966,0.44894338631803415
82967,0.4489415676816991
82968,0.4489398895787601
82969,0.4489353049637829
82970,0.44888596539502873
82971,0.44896136732722414
82972,0.44892871803277773
82973,0.44892356385560256
82974,0.4489390384571996
82975,0.4489511300663368
82976,0.4489042122565629
82977,0.4489656328544613
82978,0.44894573136534244
82979,0.4489328774182379
82980,0.4489024556203203
82981,0.448918459113196
82982,0.44895555464012293
82983,0.4488890717891338
82984,0.4489267818490562
82985,0.4489220552159937
82986,0.4489007609822142
82987,0.44895069690051165
82988,0.4488931296595909
82989,0.44892243150823596
82990,0.44892738795011283
82991,0.44893289775390827
82992,0.44894170127039834
82993,0.448884944644451
82994,0.44892093411094486
82995,0.4489435585928165
82996,0.44894248262050357
82997,0.44891518424729376
82998,0.44889180552828223
82999,0.44889034929757804
83000,0.44892130527742535
83001,0.44890195037124414
83002,0.4488983651793743
83003,0.4489455812456624
83004,0.44888730506823343
83005,0.4489175598815883
83006,0.4489238751741801
83007,0.4489612296082526
83008,0.448914040987608
83009,0.4489330321675987
83010,0.4489355255162544
83011,0.4488898223894706
83012,0.4488990094729332
83013,0.4489218371443153
83014,0.44888971046112314
83015,0.448939288932831
83016,0.44894838161306333
83017,0.4489356543086848
83018,0.44891093608025623
83019,0.44890267137570306
83020,0.44889463565388665
83021,0.4489166378335726
83022,0.4489208585544832
83023,0.44889614892453394
83024,0.4489280823387864
83025,0.44896084769494377
83026,0.44892785798542484
83027,0.44895102557744776
83028,0.4489497631139492
83029,0.44890785432132607
83030,0.44894841649703615
83031,0.44894769747397134
83032,0.448907946078781
83033,0.44889771245377924
83034,0.4488939710263137
83035,0.44891954120180466
83036,0.4489629601218179
83037,0.44888641029896637
83038,0.44894054279984613
83039,0.448957033850507
83040,0.44895012899074754
83041,0.4489360846622132
83042,0.4488868990149426
83043,0.44889734955475497
83044,0.4489064789375329
83045,0.4489035375432995
83046,0.44892134049154
83047,0.44895297912257054
83048,0.44892780987253367
83049,0.44889717728006906
83050,0.4489302989243444
83051,0.4489481255160913
83052,0.44895880288730083
83053,0.4489101621682507
83054,0.44896111966223207
83055,0.4489104063631148
83056,0.44889628019761046
83057,0.44890496070786995
83058,0.4488865972881221
83059,0.44891647861994943
83060,0.4489219665980548
83061,0.44889714718988744
83062,0.448938669934638
83063,0.4489365699087622
83064,0.448956715258707
83065,0.44889662325841734
83066,0.4489295785778886
83067,0.44895205773509445
83068,0.4489554489935663
83069,0.44895277708838127
83070,0.44895810304354083
83071,0.4489149430292981
83072,0.4488967328721265
83073,0.4489548582686335
83074,0.44894012831470215
83075,0.4489053844485917
83076,0.44893999208360275
83077,0.4489395098133886
83078,0.44888658902159895
83079,0.4489494473328096
83080,0.4489337807831434
83081,0.4489070013804645
83082,0.44888686760375757
83083,0.4488980556815463
83084,0.44895593986052057
83085,0.44889781810093027
83086,0.4489099168192394
83087,0.448958312847898
83088,0.4489582252227007
83089,0.4488892680364296
83090,0.4489300562176078
83091,0.4489217857265537
83092,0.4489358074043052
83093,0.4489615366255942
83094,0.44888776402512115
83095,0.44896144106628044
83096,0.4488885228919894
83097,0.4489441350996679
83098,0.4489269860308503
83099,0.44893078565553207
83100,0.4489435147798037
83101,0.4489254203531077
83102,0.44893087146204225
83103,0.4488976049890336
83104,0.4488862613366104
83105,0.4489543928626049
83106,0.448948883224905
83107,0.4489364092071657
83108,0.44893696091368607
83109,0.44889276460999405
83110,0.4488887991595761
83111,0.4489495104887454
83112,0.44890702882704
83113,0.44891924542481176
83114,0.44891090334564315
83115,0.44890354118090386
83116,0.44894548320474525
83117,0.44895743576879704
83118,0.4489630694053103
83119,0.4488990180697707
83120,0.44895106889438385
83121,0.44895642593164914
83122,0.44895719570993675
83123,0.44892530511695633
83124,0.4489083526279979
83125,0.44893612103656827
83126,0.4489449548068806
83127,0.4489446424986012
83128,0.4489022077899362
83129,0.4489531232890967
83130,0.44895559795668355
83131,0.4489536052282378
83132,0.4489661159500163
83133,0.44895281379169144
83134,0.448940641667396
83135,0.4489625586994667
83136,0.4489137291730342
83137,0.4488937598997834
83138,0.44894608632989846
83139,0.44888689273400234
83140,0.44891683556877415
83141,0.44895299681216494
83142,0.4489277983011278
83143,0.4489108998737034
83144,0.44896479115581756
83145,0.44895148585737066
83146,0.44896410652330293
83147,0.4489574663566833
83148,0.4489623607993262
83149,0.4489641098288954
83150,0.4489182025206867
83151,0.44888948709798215
83152,0.44896516199289965
83153,0.4489423487036601
83154,0.4489159366653424
83155,0.448959978220729
83156,0.44892862263882716
83157,0.4488997385795326
83158,0.4489465414842389
83159,0.44893303183614847
83160,0.44893143028028104
83161,0.4489369668672932
83162,0.44891201899602073
83163,0.4489472621588059
83164,0.4489252374968619
83165,0.44891508736273494
83166,0.4488955381929052
83167,0.44888974319647706
83168,0.4489611155298371
83169,0.4489141396898532
83170,0.4488911865297756
83171,0.44893106374273384
83172,0.44891926394217035
83173,0.4488883263137102
83174,0.44896111834044067
83175,0.4489446972219991
83176,0.4489634233782096
83177,0.44894995142506433
83178,0.4489310450599564
83179,0.4489552107527924
83180,0.44891203718108535
83181,0.44894715122297096
83182,0.44894659124911873
83183,0.44895782743799384
83184,0.448939078300849
83185,0.44896277131356604
83186,0.4489557330320768
83187,0.4489187504254064
83188,0.44891418631174507
83189,0.44889338261594136
83190,0.4489028024827997
83191,0.4488947122031472
83192,0.4489453940907833
83193,0.4489197891967685
83194,0.4489526982261144
83195,0.44892773382184825
83196,0.4488898822377757
83197,0.4488902935816774
83198,0.44895877577316984
83199,0.4488885569488104
83200,0.44895177502084715
83201,0.4488998014051256
83202,0.44892647896232735
83203,0.44894908889512125
83204,0.44889736625272314
83205,0.4489346345496324
83206,0.4489646813772697
83207,0.4489287744104738
83208,0.4489397096988905
83209,0.4488892136422922
83210,0.448925858477958
83211,0.4489335777573841
83212,0.4489134752263737
83213,0.4488891835528731
83214,0.4489058286925092
83215,0.44893524511504346
83216,0.44893880104343376
83217,0.4488940551795335
83218,0.4489049198716973
83219,0.4489253110692599
83220,0.44892598148427393
83221,0.44890838189155463
83222,0.44895946784651053
83223,0.44893541490856576
83224,0.44895541278534384
83225,0.4489009208568159
83226,0.44890528690525966
83227,0.4489342407332035
83228,0.44889611916500627
83229,0.44890546231923967
83230,0.4489549153067801
83231,0.44890874462620006
83232,0.44891482944727795
83233,0.4489236065117824
83234,0.4488870954274962
83235,0.4489588303322216
83236,0.4488989587161058
83237,0.4489365060907964
83238,0.4488917552675069
83239,0.44889368599704144
83240,0.44893693396647405
83241,0.4489169954425972
83242,0.4489649450793449
83243,0.44893880319193974
83244,0.4488880726975003
83245,0.44895826837392633
83246,0.4488941826493728
83247,0.4489256498313246
83248,0.4489328243471942
83249,0.4489168130838312
83250,0.44895205293969337
83251,0.44895694573065664
83252,0.44896521721373006
83253,0.4489387897992646
83254,0.448932158560667
83255,0.44894101365927747
83256,0.4488924632124957
83257,0.4489007677616913
83258,0.44894807045945045
83259,0.44895926647469603
83260,0.44895206583634056
83261,0.44895497846217103
83262,0.44888974584018004
83263,0.4488931177562411
83264,0.4489063124501971
83265,0.4488908877786065
83266,0.44891372553667824
83267,0.4489541871905466
83268,0.44893160602665205
83269,0.44892572604831443
83270,0.44894573285291284
83271,0.4489138554871631
83272,0.448914726613436
83273,0.44893839350376596
83274,0.44896052447416307
83275,0.4489456372923092
83276,0.44895145626326205
83277,0.44890381265357704
83278,0.44891256144565206
83279,0.4489544292352723
83280,0.44892785748772757
83281,0.4489456237351984
83282,0.448909481173092
83283,0.4489041041304531
83284,0.44895251041073253
83285,0.4489539980534583
83286,0.4488964213882731
83287,0.4489369253676854
83288,0.44889401070562474
83289,0.448892235882227
83290,0.4488869616760184
83291,0.4489232627900925
83292,0.44893489792149466
83293,0.4489282883398427
83294,0.44889456026446145
83295,0.44895222885290725
83296,0.44895408138001314
83297,0.4489197802692784
83298,0.448908305012156
83299,0.44892973646979195
83300,0.44895253537480123
83301,0.44890447595898986
83302,0.4488961609937025
83303,0.44888555587021145
83304,0.448900406183884
83305,0.44890107196880674
83306,0.44896354886354306
83307,0.44891724972160285
83308,0.44894593604447125
83309,0.4489500552516224
83310,0.448911555740072
83311,0.44891019440870816
83312,0.4489124638990617
83313,0.4489294266404034
83314,0.4489162126019495
83315,0.448904810752806
83316,0.44895319454772326
83317,0.4488885996049125
83318,0.4489496781344871
83319,0.4489034700884944
83320,0.448932792271388
83321,0.4489579798730228
83322,0.4489408157600533
83323,0.4489271108566647
83324,0.44892080267321255
83325,0.44892727833646
83326,0.44890902238135894
83327,0.44890054043226396
83328,0.4489142312816516
83329,0.44890784175531606
83330,0.44894234060255656
83331,0.44890464542274156
83332,0.44889985794815496
83333,0.44893232703147706
83334,0.4489645120796819
83335,0.44895340253385063
83336,0.44891833842273726
83337,0.44890093507680867
83338,0.44892622369209956
83339,0.448948048967756
83340,0.4489439942378318
83341,0.4489294466458533
83342,0.44890847447589166
83343,0.44892579945417194
83344,0.44891068990440586
83345,0.448948304073064
83346,0.44888974518010843
83347,0.4489309131262799
83348,0.4489297162990254
83349,0.44892412019394845
83350,0.4489009585530818
83351,0.44890713116499964
83352,0.44890562467539497
83353,0.4489183413969891
83354,0.44890263599589947
83355,0.44894226008659693
83356,0.4489486491173882
83357,0.4489043183990338
83358,0.448951989619021
83359,0.44891120110627425
83360,0.4489432234672023
83361,0.448958622677887
83362,0.4489235719577157
83363,0.44892045365900335
83364,0.4488945290174064
83365,0.4489425626413675
83366,0.4488918035447457
83367,0.4489372952135351
83368,0.4489639664874491
83369,0.4489286991864689
83370,0.4489151473790111
83371,0.44892222749045774
83372,0.4488885774510215
83373,0.44891026831137243
83374,0.4489497743564525
83375,0.4489453679686068
83376,0.4488960338548776
83377,0.4489602453960315
83378,0.4489623379840451
83379,0.44893296454737414
83380,0.44894926893999515
83381,0.4489450156484465
83382,0.4489057817393326
83383,0.4489295155885997
83384,0.448964034770636
83385,0.4489502139697866
83386,0.4489195504598622
83387,0.44889198772208494
83388,0.4489588668706449
83389,0.4489431346854782
83390,0.44889998558229965
83391,0.4488951351181685
83392,0.44890094565718386
83393,0.4489382385883936
83394,0.44891097956302306
83395,0.4488968400066539
83396,0.4489125288751312
83397,0.4489326067706323
83398,0.44895692770963536
83399,0.44893587287474557
83400,0.44891624335426983
83401,0.4489084336399976
83402,0.4489161489514195
83403,0.44891902851127763
83404,0.4489652380456916
83405,0.44889033640056913
83406,0.44894033564001096
83407,0.44890593648695415
83408,0.44894864465306444
83409,0.4489054947253408
83410,0.4489635678765782
83411,0.44892120442627353
83412,0.4489565434803784
83413,0.4489582070371558
83414,0.44893383368922896
83415,0.4488968849757859
83416,0.448935362500393
83417,0.4489411446023674
83418,0.44889216776777763
83419,0.4489623272359113
83420,0.4489472876206376
83421,0.44894260496670757
83422,0.4488997012139404
83423,0.4489140368547332
83424,0.4488908538861754
83425,0.4489219184877581
83426,0.4488937640325887
83427,0.44894590132373524
83428,0.44895639699753637
83429,0.4488884764337712
83430,0.4489417693860769
83431,0.4489650659359657
83432,0.4489610401395649
83433,0.4489055840034372
83434,0.4489069283054044
83435,0.44891955971805436
83436,0.44894480270289966
83437,0.448886988460022
83438,0.4488887401365849
83439,0.44890827525342664
83440,0.44891053317073715
83441,0.4489590546863861
83442,0.44893148252473103
83443,0.4489119746862102
83444,0.44893953792094354
83445,0.4489302422159834
83446,0.44896464103704287
83447,0.44892168768639557
83448,0.44895704311024576
83449,0.4488903835197305
83450,0.4489133226263484
83451,0.44891829990033905
83452,0.4488945605952143
83453,0.4488909773868096
83454,0.4489562085220381
83455,0.4489403009206026
83456,0.44891841860624865
83457,0.4489596207762814
83458,0.4488876504428161
83459,0.44890286712694577
83460,0.4489081168664398
83461,0.44893431017036917
83462,0.44892569628880596
83463,0.44893200629165453
83464,0.4489367436694055
83465,0.44892015226280835
83466,0.4489578160305672
83467,0.44890053415046033
83468,0.4489223678566527
83469,0.44890111809602185
83470,0.4489093446091126
83471,0.4489533856697703
83472,0.44891356152889894
83473,0.448894343185591
83474,0.44890972519995964
83475,0.44892641911273384
83476,0.4489583029283902
83477,0.44892313482434426
83478,0.44891035825195014
83479,0.44890232633235333
83480,0.44889549173587984
83481,0.44894522446085083
83482,0.4489490039161062
83483,0.44890323201133037
83484,0.44894752685373185
83485,0.44889698467005484
83486,0.4489375489958396
83487,0.4489125240802578
83488,0.44889543850031177
83489,0.4489394858418478
83490,0.44894029546544195
83491,0.44893833728982424
83492,0.4489103726339616
83493,0.4489284956642213
83494,0.44894143326971825
83495,0.44892812581910135
83496,0.44890386704696056
83497,0.4488963947700563
83498,0.4489299993447714
83499,0.44896185207705464
83500,0.44889925135140013
83501,0.4488855948890512
83502,0.44889398607210984
83503,0.4489338702260275
83504,0.44891636603026003
83505,0.4489362729752512
83506,0.44893802845246783
83507,0.4489175681477234
83508,0.4489113971868925
83509,0.44894984974593444
83510,0.4489096985830286
83511,0.4489531561907413
83512,0.4489482270273657
83513,0.44889762069665873
83514,0.4489290653937291
83515,0.44891636669160234
83516,0.44889353058598813
83517,0.4488853741733192
83518,0.4488858440411509
83519,0.4488931337936064
83520,0.44889037558518646
83521,0.44889585397538756
83522,0.44890740131495055
83523,0.44891554549478596
83524,0.44890377512281954
83525,0.44891991402037257
83526,0.4488844226968816
83527,0.4489545512499405
83528,0.4489379497560386
83529,0.4489375881791232
83530,0.4488878914936311
83531,0.44889491787433144
83532,0.44893188278941093
83533,0.4489198454081785
83534,0.4489125546663491
83535,0.4489315775884908
83536,0.4489062304458474
83537,0.4489630176559678
83538,0.4489122550875826
83539,0.4488956788904267
83540,0.44890028698143136
83541,0.4488980578291139
83542,0.44893724842503463
83543,0.44890442635985583
83544,0.44890671519516
83545,0.44889110122059966
83546,0.4489312375053164
83547,0.4489189982562021
83548,0.4489134191793583
83549,0.44893630405664936
83550,0.44892393535448133
83551,0.448927640739548
83552,0.44894397505942185
83553,0.4489520693073377
83554,0.4489099475702382
83555,0.4489561471841797
83556,0.44895009311325945
83557,0.44893707912585856
83558,0.4488925976252794
83559,0.448895274821437
83560,0.44894536499176674
83561,0.4488961522311354
83562,0.4489148957456568
83563,0.4488911007246088
83564,0.4489502635689254
83565,0.4489082486352017
83566,0.44893006961027054
83567,0.44894291760490673
83568,0.44891936148764056
83569,0.4488911379242605
83570,0.44892782624030203
83571,0.4489646121038707
83572,0.4489140236282962
83573,0.4489467073106852
83574,0.4489625102567335
83575,0.4489280830001082
83576,0.4489630773411479
83577,0.44891691542173423
83578,0.448957054683443
83579,0.44889504236849315
83580,0.448891228359726
83581,0.4488930937832477
83582,0.4489404252491332
83583,0.44891179464126
83584,0.4489026860900871
83585,0.4488998875423095
83586,0.44894326479892266
83587,0.4489245206230191
83588,0.4489372090755895
83589,0.44893541771918366
83590,0.4489543508686247
83591,0.4488899954908166
83592,0.44889715082623854
83593,0.44891430750070066
83594,0.44892064908122714
83595,0.4489138402750547
83596,0.4489143179161569
83597,0.44889329118751786
83598,0.4488855074300757
83599,0.4489186522195108
83600,0.44891764866237244
83601,0.44896067608056783
83602,0.44894379154261765
83603,0.44889476328901046
83604,0.44891850309146625
83605,0.44888908236899827
83606,0.44895063275229213
83607,0.4489388154254133
83608,0.44888717925002486
83609,0.44889170715669346
83610,0.44892021459112996
83611,0.4489172895657846
83612,0.44895130118207943
83613,0.44888967491424203
83614,0.4489017898346356
83615,0.4489221063039697
83616,0.4489276883563351
83617,0.4489233292526361
83618,0.44889878743334405
83619,0.4489494923023817
83620,0.44889832682315495
83621,0.448928594201145
83622,0.44889517463116513
83623,0.44892449350971037
83624,0.44889334855786606
83625,0.4489083193949751
83626,0.44893372622407474
83627,0.4489642227508877
83628,0.4489560524497326
83629,0.44892837282411036
83630,0.4489298350067112
83631,0.4489243359504808
83632,0.44893293131595113
83633,0.4489656262399643
83634,0.4489441883347906
83635,0.4489530791467831
83636,0.44893537787546206
83637,0.44888638219357774
83638,0.4488935190119115
83639,0.44888506103776155
83640,0.4488886015893344
83641,0.448932521130332
83642,0.44891332461070077
83643,0.44892349871540027
83644,0.4489616961695228
83645,0.4489475688481699
83646,0.44892819294449066
83647,0.4489560496394953
83648,0.4489305341896133
83649,0.44890247876704004
83650,0.448908776699038
83651,0.4489653420386047
83652,0.4489103820587607
83653,0.448942529243694
83654,0.4489497487290217
83655,0.4489034431399646
83656,0.44893181797892984
83657,0.4489648548089648
83658,0.4489621716611673
83659,0.4488970266630971
83660,0.44892570670500376
83661,0.4489503488802635
83662,0.4489443976444997
83663,0.44895766822351674
83664,0.4488877789053268
83665,0.44895671592093483
83666,0.4489046978320556
83667,0.4489576716954039
83668,0.44895058166476565
83669,0.44890649249458653
83670,0.448959201995396
83671,0.44892099627352494
83672,0.4488864913116831
83673,0.44896366128903215
83674,0.4489646297941402
83675,0.4488870317764813
83676,0.448945278523906
83677,0.4489006255782362
83678,0.44896601890074134
83679,0.448925987932146
83680,0.4489341228509549
83681,0.4489486628393854
83682,0.4489229189023835
83683,0.4489449648933694
83684,0.4489542779583346
83685,0.44888878874296184
83686,0.4489324044078075
83687,0.44892157906469676
83688,0.44896562706655174
83689,0.44892058063401963
83690,0.44893557908297727
83691,0.4489382597507006
83692,0.4489407453279694
83693,0.44888689884959
83694,0.44889166698176636
83695,0.4489647594136664
83696,0.4489496652379685
83697,0.44889468294003065
83698,0.44890664062951674
83699,0.4489592869748957
83700,0.44896352373243503
83701,0.44894936069831665
83702,0.4488872589392508
83703,0.4489035281198745
83704,0.4489221858278451
83705,0.44890869684569845
83706,0.44893045003565385
83707,0.448910473486895
83708,0.44894722446346047
83709,0.4489384004469166
83710,0.4489233118936596
83711,0.4489357978155137
83712,0.448897427425373
83713,0.44890895641455686
83714,0.44895319669744715
83715,0.44892834653695496
83716,0.44892788939822503
83717,0.44891268511283816
83718,0.448908886975409
83719,0.4489531027881316
83720,0.44896581967662613
83721,0.44889553620895106
83722,0.44895745560980277
83723,0.4489258007767393
83724,0.4489440552451397
83725,0.44892583467077046
83726,0.44895860961600137
83727,0.448893070637382
83728,0.44896319141826035
83729,0.44893204398666914
83730,0.44894489247897823
83731,0.4489373958997425
83732,0.4488849261273738
83733,0.4489449605947331
83734,0.4489073041022878
83735,0.4489049018489755
83736,0.44892083755797507
83737,0.4489612168765684
83738,0.44890110073791184
83739,0.4489023360854995
83740,0.4488946049032983
83741,0.44892642109801034
83742,0.44892319087098637
83743,0.448960718901227
83744,0.4489354478106141
83745,0.44891398791617515
83746,0.44893304572464415
83747,0.4489339343759095
83748,0.4489054219794823
83749,0.44892599289174606
83750,0.4488961505778386
83751,0.4489320018276702
83752,0.4489173323851751
83753,0.44893169877702876
83754,0.4488939597838328
83755,0.4489454746075366
83756,0.44890647860687194
83757,0.44894735507622036
83758,0.4488933221042176
83759,0.44894861390193475
83760,0.44895049271739024
83761,0.4489194132359854
83762,0.4489655073689902
83763,0.4489482344681976
83764,0.4489611821571187
83765,0.4489420370548302
83766,0.4489578438057301
83767,0.4489623953537235
83768,0.4489288965905934
83769,0.4489605763862905
83770,0.44888583577600105
83771,0.44894927356920705
83772,0.4489206629690179
83773,0.4489015492787351
83774,0.4489131931717327
83775,0.44896547347629795
83776,0.4489028805199881
83777,0.4489074934056402
83778,0.4488987188216106
83779,0.44890662657796715
83780,0.4489430244092612
83781,0.4489312912374284
83782,0.44888928324715494
83783,0.4489325879238787
83784,0.4488995102581365
83785,0.4488853245742201
83786,0.4489365251037996
83787,0.4489334975723868
83788,0.4489362061800712
83789,0.4489279699133843
83790,0.4488963084692292
83791,0.44894691314785246
83792,0.44891067998500683
83793,0.4489048295995711
83794,0.44888622033424874
83795,0.4489458771855115
83796,0.44895813478601715
83797,0.44891270710105624
83798,0.4489455554541054
83799,0.44891851978855835
83800,0.4489495171018739
83801,0.4489422614092283
83802,0.44894278649947933
83803,0.4489617307235688
83804,0.448915379666993
83805,0.44891142297932407
83806,0.4489226948803949
83807,0.4489322263465116
83808,0.4489038857279151
83809,0.44894387023903737
83810,0.44890924656914116
83811,0.4488954004726535
83812,0.44895377072318865
83813,0.4488903759154246
83814,0.4489185138379352
83815,0.44890285621683795
83816,0.44895366871509124
83817,0.4489419619957316
83818,0.44889779875802005
83819,0.4489567031895405
83820,0.4489036688160096
83821,0.448960704022724
83822,0.4489034277626348
83823,0.4489116243521697
83824,0.4489121110837894
83825,0.4489344139979219
83826,0.44890845099897836
83827,0.44894436656202236
83828,0.44895539112870253
83829,0.44889294234026667
83830,0.4489452325633647
83831,0.4488985103402539
83832,0.44890826070362855
83833,0.44895428390892067
83834,0.4489165925329496
83835,0.4489126146821053
83836,0.448931657444777
83837,0.44890414711633686
83838,0.4489571785159847
83839,0.44893330364020567
83840,0.4489342704910786
83841,0.44889181825913976
83842,0.44888765391546087
83843,0.44892611242567065
83844,0.44893053468397964
83845,0.44894195124967123
83846,0.4488938233852934
83847,0.44888702863524677
83848,0.44889808791931346
83849,0.44890153869760613
83850,0.4488848437931697
83851,0.4489657085762282
83852,0.44889531598873456
83853,0.4489569954955127
83854,0.4489595956459733
83855,0.4489618484401446
83856,0.44894204747197225
83857,0.4489008601813917
83858,0.4489557970149236
83859,0.4489350205969961
83860,0.44889732161259055
83861,0.44888782139489314
83862,0.44893577417160424
83863,0.4489273829909735
83864,0.4488915305824459
83865,0.44890610512536944
83866,0.4488885058616006
83867,0.4489287456429778
83868,0.4489264627612746
83869,0.44892468694678744
83870,0.4489218058980916
83871,0.4489324439210333
83872,0.44890402030860993
83873,0.4489336543044806
83874,0.4488876046469944
83875,0.44894983883570827
83876,0.44893701117542484
83877,0.4489228800501599
83878,0.4489009102772188
83879,0.4489653782459523
83880,0.4489497426117823
83881,0.4489340130732335
83882,0.44893200298465735
83883,0.44894113898145493
83884,0.44892848111425343
83885,0.44892293179892584
83886,0.448956545630582
83887,0.4489038974677534
83888,0.4489090326319125
83889,0.4489097488434898
83890,0.44895112279047356
83891,0.44890549174975636
83892,0.44891343769712405
83893,0.448917638577137
83894,0.44893317352478135
83895,0.4489059348336814
83896,0.4489356295083363
83897,0.4488995186904356
83898,0.4489458795002156
83899,0.4489524102196295
83900,0.448913896156781
83901,0.4489419036340659
83902,0.4489609573086619
83903,0.44895935955539185
83904,0.4488952647363117
83905,0.44894566357989246
83906,0.4488877780769037
83907,0.4489473352357904
83908,0.4489183185830329
83909,0.448922178716986
83910,0.448900215887658
83911,0.44890830418579697
83912,0.4489440491282994
83913,0.4489399891080915
83914,0.4488911718170826
83915,0.44889946330434044
83916,0.44893955478324254
83917,0.4489375129529676
83918,0.4489223397488124
83919,0.44891634883557363
83920,0.44896290787783966
83921,0.44889531764365653
83922,0.4489628376109848
83923,0.4489259181627428
83924,0.44894735606745084
83925,0.4489144848998151
83926,0.4489511879322726
83927,0.44888484379313776
83928,0.4489141697796713
83929,0.4488854715533891
83930,0.44896169402150476
83931,0.44890413355926273
83932,0.4489448484993487
83933,0.44893441069219514
83934,0.44890090316769843
83935,0.4489588533135072
83936,0.44891059368086744
83937,0.4489345327065025
83938,0.44896006634178925
83939,0.4488957048472774
83940,0.448919100926366
83941,0.44889653001160856
83942,0.4489105530095376
83943,0.44890349951695047
83944,0.4488932801110545
83945,0.4489148725985606
83946,0.448943702595597
83947,0.4489178730170966
83948,0.44895707022408365
83949,0.44896278586348953
83950,0.4489514435324506
83951,0.4488859407611651
83952,0.44888790753199276
83953,0.4489003398854927
83954,0.44890445049677574
83955,0.44896181702742155
83956,0.4488988396778717
83957,0.44895764259887694
83958,0.4489182069846075
83959,0.4489059396283425
83960,0.4488933698851853
83961,0.44895312709294705
83962,0.44894160967684993
83963,0.4488983726199908
83964,0.44890447182611143
83965,0.44895583851257215
83966,0.44895746552992144
83967,0.4489457024312423
83968,0.4489037084950102
83969,0.44891115597094833
83970,0.44895349644083354
83971,0.4489609014272522
83972,0.4489474709724871
83973,0.4489655209257777
83974,0.4488934766890284
83975,0.44892367264472144
83976,0.4489470141630798
83977,0.4488930097957275
83978,0.44894737838738685
83979,0.4488978023949021
83980,0.44894117849508763
83981,0.44896380049660406
83982,0.44895328084895
83983,0.44895287331028766
83984,0.4489494656845038
83985,0.44888942989527536
83986,0.4489209141043543
83987,0.4489427488038599
83988,0.4489087973670393
83989,0.4489210829076155
83990,0.44894435118667947
83991,0.4489096033513609
83992,0.44892577333324507
83993,0.448903705517787
83994,0.44894540880566175
83995,0.44888513510552264
83996,0.44890666509837635
83997,0.4489400426735029
83998,0.44896101699328056
83999,0.44896123853570136
84000,0.44894100886561406
84001,0.44895827333382876
84002,0.44892693015089313
84003,0.4489194856490665
84004,0.44894228736684444
84005,0.44890961161793175
84006,0.4489410763208091
84007,0.44893483096256864
84008,0.44895720860641425
84009,0.4489273833216015
84010,0.4489177020649675
84011,0.4489315706445897
84012,0.4489558614922074
84013,0.44889055595938254
84014,0.4489401218676944
84015,0.44895743064483895
84016,0.4489452014816368
84017,0.44891105974741974
84018,0.4489200297516316
84019,0.44892005074986285
84020,0.4488919819355836
84021,0.44893604696692424
84022,0.4489277997886741
84023,0.44895617198409116
84024,0.448890382528611
84025,0.4489449810943593
84026,0.4488858810760822
84027,0.448951467836447
84028,0.4489424328568977
84029,0.4489308390589455
84030,0.4488984094870626
84031,0.4489231202753228
84032,0.4488859012464831
84033,0.4489280684510924
84034,0.44892026088360415
84035,0.4488907092224356
84036,0.4489043607233313
84037,0.4489166441157024
84038,0.4488944627191529
84039,0.44895888026278763
84040,0.44893255733682563
84041,0.44895041368976013
84042,0.4489583989850819
84043,0.4489650426243704
84044,0.44889597102798356
84045,0.4489357738426094
84046,0.4489534888356049
84047,0.44890915762039113
84048,0.44891693030233093
84049,0.44890085786751915
84050,0.4489198029191444
84051,0.4489590594805814
84052,0.44890774751781526
84053,0.4489426772161083
84054,0.44896288390351435
84055,0.44889848372138547
84056,0.4489393929264316
84057,0.44895072021071153
84058,0.44891451829660045
84059,0.44895749347083147
84060,0.44890385100856234
84061,0.4489599530921205
84062,0.4489287881329592
84063,0.4489595445597804
84064,0.44896174957249596
84065,0.4488893741772876
84066,0.4489388562633857
84067,0.4489069367372831
84068,0.44890547736596503
84069,0.44891012100233707
84070,0.4489125161451372
84071,0.44892295560488277
84072,0.44893003836311546
84073,0.44894055023806767
84074,0.4489126353467515
84075,0.4489131399362319
84076,0.44894325769056787
84077,0.4489599034913721
84078,0.4488980017837917
84079,0.4489550758435352
84080,0.44888610625538666
84081,0.448959376583986
84082,0.4489123863599823
84083,0.4489390938420093
84084,0.44896620638454565
84085,0.4488918524826104
84086,0.4489040330383064
84087,0.44890883638417783
84088,0.4489595134780845
84089,0.4488873526816674
84090,0.44890946960032546
84091,0.4489628481935175
84092,0.4488888457827461
84093,0.4489356311623835
84094,0.4489053221202729
84095,0.4489555395950178
84096,0.44889036797868914
84097,0.44891739372441625
84098,0.44896589473661513
84099,0.44890748497372956
84100,0.44889598359318406
84101,0.4489105814463246
84102,0.4489162674932713
84103,0.44891541604140067
84104,0.44888497324699916
84105,0.4489014094095104
84106,0.44893048905361477
84107,0.44889518174172527
84108,0.44891357739966326
84109,0.44891302784288434
84110,0.44889270409979865
84111,0.44892674927851156
84112,0.44894577186998297
84113,0.4489342278358558
84114,0.44891572074474206
84115,0.4489480456599253
84116,0.44891226418151203
84117,0.4488906328393401
84118,0.4489504222866131
84119,0.44895802649630334
84120,0.44891942398079243
84121,0.4489521721441862
84122,0.4489461213795779
84123,0.448956296476615
84124,0.44888632283829283
84125,0.448935964137972
84126,0.44891174603545675
84127,0.4489067591727082
84128,0.4489561051892445
84129,0.44891834470447606
84130,0.44891120457813627
84131,0.4488939936770211
84132,0.4489009363978671
84133,0.4489445930638204
84134,0.4489437103662064
84135,0.44893851502129306
84136,0.44894240342887354
84137,0.4489264435825304
84138,0.44890415273758655
84139,0.4488849294339914
84140,0.44891826981012994
84141,0.4489034003186368
84142,0.448901938963402
84143,0.44890011090445203
84144,0.44894599275277886
84145,0.44892553310669975
84146,0.44891242984259594
84147,0.44892157311154124
84148,0.4489507655113232
84149,0.448919520368476
84150,0.4488957324571554
84151,0.44895209542952086
84152,0.4488934738780578
84153,0.44890285224889087
84154,0.44889591117847794
84155,0.4489412084194588
84156,0.4488932493589108
84157,0.44890833096940613
84158,0.4489150237105913
84159,0.4489166203068295
84160,0.44895390745271985
84161,0.4489482703456985
84162,0.4489411811399645
84163,0.4489603270693039
84164,0.448966081065721
84165,0.4489021727389705
84166,0.4489240117367194
84167,0.4488929439942238
84168,0.4488928340491433
84169,0.44893594016336813
84170,0.448913165396215
84171,0.4489331685644195
84172,0.44889063234297677
84173,0.44890530624897723
84174,0.44894774955463956
84175,0.44889560878993273
84176,0.44894155148063664
84177,0.4489028704335757
84178,0.44889891176229546
84179,0.4489076159139163
84180,0.44895259340576177
84181,0.4489169595649596
84182,0.4489574504832722
84183,0.44894349692376023
84184,0.44891575695249203
84185,0.448913256164212
84186,0.44895756720820024
84187,0.4489458403181345
84188,0.44892752550579745
84189,0.4489560132668835
84190,0.44889517314457866
84191,0.44891925931263554
84192,0.44892710672301334
84193,0.44892554732514
84194,0.44891643728596303
84195,0.4489432712467643
84196,0.4489235005340764
84197,0.44889785414334976
84198,0.44893929290080686
84199,0.4489131939999946
84200,0.4489449936595249
84201,0.4488900922074474
84202,0.44889136492266307
84203,0.44891930279495096
84204,0.448900731553384
84205,0.44894265406912615
84206,0.4489225669146151
84207,0.44888604359503986
84208,0.44893907152325196
84209,0.44893792148535977
84210,0.4489132493853403
84211,0.44891919962740706
84212,0.4488958381023234
84213,0.4489446735814447
84214,0.4489465148651361
84215,0.4489184713479939
84216,0.44893874896435076
84217,0.44890821110482065
84218,0.44896070567559626
84219,0.448941600913081
84220,0.44889411321094563
84221,0.44891577199618105
84222,0.44888858389930547
84223,0.4489409265311213
84224,0.44896026969989955
84225,0.44893641978798104
84226,0.44893895926388055
84227,0.4489290931685352
84228,0.44894505036884047
84229,0.4488949373829228
84230,0.44896163632122577
84231,0.4489092978215197
84232,0.4489489258805508
84233,0.4489356052039279
84234,0.448910304518731
84235,0.44896594665174433
84236,0.44889801930718287
84237,0.44888666126968063
84238,0.44895663242974027
84239,0.44894265704499686
84240,0.4489091095092676
84241,0.44889747702322547
84242,0.4488978007419331
84243,0.4488906601185105
84244,0.4488959414338512
84245,0.44891882598180455
84246,0.4488882128978042
84247,0.4489317382913198
84248,0.4489386213288208
84249,0.44893067802632086
84250,0.4489223885225852
84251,0.44890329450756816
84252,0.44890374486636087
84253,0.4489333386902412
84254,0.4489180133822562
84255,0.44892106141507004
84256,0.44894596795366243
84257,0.4489261253214467
84258,0.44888464076611745
84259,0.44894212550759943
84260,0.4489500469863836
84261,0.44890886300151894
84262,0.44889794259550986
84263,0.44891957558977097
84264,0.44888761969198204
84265,0.4489470268948117
84266,0.4489228116029337
84267,0.4489337480467815
84268,0.44895556356755634
84269,0.4488879457237071
84270,0.4488885787740262
84271,0.44890333269890503
84272,0.4489466454774708
84273,0.4489348078159917
84274,0.44892074811252203
84275,0.44892473241298747
84276,0.44888596969361877
84277,0.44893350468031046
84278,0.44890858789293586
84279,0.4489087581833329
84280,0.4489123083239519
84281,0.4488996835252173
84282,0.4489166880932922
84283,0.44891833776139034
84284,0.4489377817807558
84285,0.44889120769305185
84286,0.4489141305963279
84287,0.4489518963733467
84288,0.4489588587694296
84289,0.44896186100534974
84290,0.44894973814947714
84291,0.4489406864719785
84292,0.44894405276509747
84293,0.4489634752919528
84294,0.4489093280770707
84295,0.44892679524044504
84296,0.4489338707232778
84297,0.44889614065838945
84298,0.44895636393141863
84299,0.44892288286038684
84300,0.44892251549514683
84301,0.4489027469326847
84302,0.4489093009627985
84303,0.44889374055477593
84304,0.44892799901226976
84305,0.4489612102645266
84306,0.44890687754800046
84307,0.4488913187954886
84308,0.44894361265421623
84309,0.4489046351709912
84310,0.4488991200790904
84311,0.44895884752562953
84312,0.44889707229550246
84313,0.44896535427307177
84314,0.4489458041094232
84315,0.44894764919909
84316,0.4489223599192133
84317,0.44891401618801036
84318,0.4489410835957499
84319,0.4489598233073968
84320,0.44894147311393195
84321,0.44893545673872487
84322,0.4488963192149548
84323,0.4489554655257094
84324,0.4489511257663685
84325,0.44892738265865095
84326,0.44889274047082744
84327,0.4489629024218743
84328,0.4489367006847715
84329,0.4489590558436742
84330,0.44895801178151684
84331,0.44893830852323136
84332,0.44894922198610265
84333,0.4489069157406802
84334,0.44895684487778725
84335,0.4489117179291911
84336,0.4489293028074877
84337,0.4488988243011296
84338,0.4489257949911046
84339,0.4489432813331584
84340,0.4488920414536677
84341,0.4489047771907221
84342,0.4489325799883302
84343,0.448933610327799
84344,0.4488878860387003
84345,0.448917699089746
84346,0.44889983992783505
84347,0.44889484215253606
84348,0.44890647232474223
84349,0.4488906288700928
84350,0.4489526122538131
84351,0.44892725948834944
84352,0.44888942014072103
84353,0.4488958187599137
84354,0.4489173518950223
84355,0.4488944033658728
84356,0.44889532442060875
84357,0.4489075304396798
84358,0.44890576950409444
84359,0.44889786654312164
84360,0.4489124511702653
84361,0.4489090486676934
84362,0.4489438004712958
84363,0.44892991717598774
84364,0.4489562181116245
84365,0.4489227992022536
84366,0.44895081643481155
84367,0.44889397978960927
84368,0.4489503146564695
84369,0.4489649531805504
84370,0.4489142941072191
84371,0.44893223295971413
84372,0.4489248390507035
84373,0.44889290497552503
84374,0.4489543781485584
84375,0.4489603029306777
84376,0.4488923613697098
84377,0.44892342630073523
84378,0.44894787900804034
84379,0.4489288744363159
84380,0.4489359828199024
84381,0.4489197078540841
84382,0.44890088746126006
84383,0.4489327717716555
84384,0.44892317797602954
84385,0.44890223341702096
84386,0.44891030551073136
84387,0.4489413018303512
84388,0.44890275040458905
84389,0.4489180052814019
84390,0.4489268524451876
84391,0.4489513747557841
84392,0.4489450910408754
84393,0.4489589427572624
84394,0.4489324381348466
84395,0.4489551003116898
84396,0.44895585372250696
84397,0.44894587553221516
84398,0.448960857449025
84399,0.4489183156067215
84400,0.44890102732961007
84401,0.4489392224703307
84402,0.44894955496295363
84403,0.4489292923908463
84404,0.448887268363184
84405,0.4489157167774886
84406,0.4489254955776494
84407,0.4489486813555102
84408,0.4489374952630516
84409,0.4488975453056142
84410,0.44895020421564413
84411,0.44891829493910695
84412,0.44896273824911254
84413,0.4489293671210903
84414,0.44895850661428033
84415,0.44891677390010326
84416,0.44892754402242446
84417,0.44892607687990976
84418,0.44892520277650827
84419,0.44889200177516286
84420,0.44889662854734286
84421,0.44891670991596905
84422,0.44891147076054516
84423,0.44893990710342807
84424,0.44892688303165124
84425,0.4489480992278556
84426,0.44895344303909496
84427,0.4489400803704656
84428,0.4489456715153523
84429,0.44893302472770275
84430,0.4489643191372612
84431,0.44889849066434445
84432,0.4489038726668972
84433,0.4489613666668624
84434,0.4489032920275746
84435,0.44893495380308196
84436,0.4489501676772981
84437,0.44890832848979456
84438,0.44893273556300933
84439,0.4489373421665677
84440,0.4489039452478193
84441,0.4489098369633524
84442,0.4489123526316479
84443,0.448954053770202
84444,0.4489024835611923
84445,0.4489019034169649
84446,0.4488878774422034
84447,0.44895549578213145
84448,0.44896043750967485
84449,0.4489105723540867
84450,0.4488857461672434
84451,0.44892617855859684
84452,0.4488977283267899
84453,0.4489620747763029
84454,0.4488910650135799
84455,0.4489268848486725
84456,0.44893676665210286
84457,0.4489385856174213
84458,0.4489607496525712
84459,0.44896272303704715
84460,0.4489063861875062
84461,0.4489083187346087
84462,0.44894853338599744
84463,0.44889046436633495
84464,0.4489395339516485
84465,0.44890236700228464
84466,0.4489637785083416
84467,0.4489416592764211
84468,0.4489361502993588
84469,0.4488910276484917
84470,0.44894356024610965
84471,0.4489177557974327
84472,0.44890328045315764
84473,0.44890899857347083
84474,0.4489284384599131
84475,0.4489228578954993
84476,0.4489062831862412
84477,0.44893216996750873
84478,0.44893969878616
84479,0.4489073811445578
84480,0.4489077643806718
84481,0.4489187039679899
84482,0.4489430966587178
84483,0.4489612854886451
84484,0.4489312755313228
84485,0.4489452710840228
84486,0.4489600617138464
84487,0.4489523771536018
84488,0.44894213162517327
84489,0.4489046662530617
84490,0.44894227314771495
84491,0.4489118288646658
84492,0.4488938199146843
84493,0.44888459133394076
84494,0.448894240185031
84495,0.4488912298463568
84496,0.4489225288869188
84497,0.4488987904097596
84498,0.44889457580555986
84499,0.4489028864719147
84500,0.44896496706863087
84501,0.44892215689424875
84502,0.4489490105297682
84503,0.44893089345107096
84504,0.448937578258879
84505,0.4489186011328174
84506,0.4489275460061
84507,0.4489500917906395
84508,0.4488855135456178
84509,0.4488936397031607
84510,0.44896514281373606
84511,0.4489406466269695
84512,0.4489027644580924
84513,0.44893389750642126
84514,0.4489555202501451
84515,0.4489534402288023
84516,0.44891566767399577
84517,0.44891712886495017
84518,0.4489507230227001
84519,0.44888966350561016
84520,0.44892832587024917
84521,0.4489538517362921
84522,0.44892646391893126
84523,0.44890221886620146
84524,0.44892611110370323
84525,0.44889609436585987
84526,0.44893782906525576
84527,0.44892711532024465
84528,0.4489445292479882
84529,0.4489036469924648
84530,0.4488949544119979
84531,0.4488974613177666
84532,0.44893833315783666
84533,0.4489077283401911
84534,0.4489190660412849
84535,0.4488919956570076
84536,0.44890334443765323
84537,0.4489130151107883
84538,0.4489452927432334
84539,0.448911555409443
84540,0.448909058423477
84541,0.44892957808354655
84542,0.4489210539748211
84543,0.4489537254235367
84544,0.4489581086647528
84545,0.44889235392989096
84546,0.4489623085548872
84547,0.44890818944520144
84548,0.4489208993898716
84549,0.44891520011988123
84550,0.44894305863177075
84551,0.4489597723859407
84552,0.4489114580297037
84553,0.44892719715783885
84554,0.44891682465689875
84555,0.44888554595044855
84556,0.44894062860598094
84557,0.44889565690104394
84558,0.448892650697652
84559,0.44891547142539984
84560,0.4489426038093418
84561,0.4489297893754752
84562,0.4489246447875189
84563,0.44896466749029307
84564,0.44890629244434804
84565,0.44889816909745484
84566,0.44891405123774236
84567,0.4489378983386755
84568,0.44894855388737726
84569,0.44892321401765034
84570,0.44895952224024555
84571,0.4489119465812715
84572,0.44893407308772754
84573,0.4489269169240557
84574,0.4489103453554329
84575,0.44893358833850855
84576,0.4488997685050875
84577,0.44890659566084784
84578,0.44891879060149575
84579,0.44890144429385936
84580,0.44894916081383973
84581,0.44896078833994374
84582,0.4489085938452
84583,0.448918563768158
84584,0.4489584092358478
84585,0.448955158507015
84586,0.4489073315463932
84587,0.44889645445595006
84588,0.44891781399441955
84589,0.44893576177316236
84590,0.44896592879564085
84591,0.44888930622807643
84592,0.44894888834920516
84593,0.4489409513314446
84594,0.44893535274513036
84595,0.44890887821321396
84596,0.44893305299883746
84597,0.448921299490924
84598,0.4489142779047895
84599,0.4489364994779851
84600,0.4489499477877416
84601,0.4489279370117244
84602,0.44895834508806837
84603,0.4489168094457993
84604,0.4488946303646568
84605,0.4489169299707738
84606,0.4489303878704069
84607,0.4489314557412614
84608,0.4489637323795458
84609,0.4489212133541406
84610,0.4489066682413282
84611,0.4489410994671639
84612,0.448887879756103
84613,0.44892115862897886
84614,0.4488982018336516
84615,0.4489235949390935
84616,0.4489520121046932
84617,0.44892214069262876
84618,0.44896467955944064
84619,0.44894868036518903
84620,0.44895742932179616
84621,0.44891021011411675
84622,0.4489083503127265
84623,0.44895716429755217
84624,0.448962472563029
84625,0.44891765957414687
84626,0.4489312542021534
84627,0.4489079123530056
84628,0.44889767409713704
84629,0.4489627971050956
84630,0.44890001683070135
84631,0.448913353872943
84632,0.4489123438703672
84633,0.4489435351155406
84634,0.44888894117767364
84635,0.4489079931992696
84636,0.4489585782023958
84637,0.44890642421190446
84638,0.4488956380541551
84639,0.4489422675254748
84640,0.4489167307489425
84641,0.44894919735351296
84642,0.44893356072832125
84643,0.4489304270537708
84644,0.4489330591164513
84645,0.4489152631103236
84646,0.44893207953260905
84647,0.44890557077731397
84648,0.448916328169616
84649,0.4489077905044817
84650,0.4488897496436363
84651,0.44889977991217567
84652,0.44894429662793717
84653,0.44896266417932945
84654,0.4489427046609765
84655,0.44892857287393834
84656,0.448884422696909
84657,0.44889516024841114
84658,0.44892923634383086
84659,0.44891345042716246
84660,0.44888937814607377
84661,0.4489614804145645
84662,0.44890209916859664
84663,0.4489357017585324
84664,0.44893331173966994
84665,0.448951601257655
84666,0.44892232404417676
84667,0.44894132828440236
84668,0.44893152484810805
84669,0.44895112560102657
84670,0.44894558703225373
84671,0.4489613663369555
84672,0.4489111070332044
84673,0.4489161434937607
84674,0.4489195874936168
84675,0.4489457060698465
84676,0.4489163875228005
84677,0.44892891676087776
84678,0.44891522508310716
84679,0.44893474102156317
84680,0.4489268893125173
84681,0.4489118328335694
84682,0.4489441990822226
84683,0.4489135367297205
84684,0.4489057822353145
84685,0.44891124905071256
84686,0.44890667782976573
84687,0.448954769485399
84688,0.44893314442654225
84689,0.4489600025252023
84690,0.4489659669873538
84691,0.44889263763687637
84692,0.44894665556294727
84693,0.4489406352187745
84694,0.44891214382052014
84695,0.44892441580351805
84696,0.4489281569024293
84697,0.4489529265474506
84698,0.4489188686357796
84699,0.4489435804164504
84700,0.44891331568320236
84701,0.4489429753065162
84702,0.4489314458217736
84703,0.44890593301676135
84704,0.44895753844072034
84705,0.44894017973336414
84706,0.4489602612673125
84707,0.4488992660651222
84708,0.44891432188372216
84709,0.44890927814724724
84710,0.4489336404175945
84711,0.4488929309331935
84712,0.44894260860223983
84713,0.44896212950160513
84714,0.4488900206202602
84715,0.44890848307382974
84716,0.4489106634502707
84717,0.4489449085160331
84718,0.44895172839723246
84719,0.4489302620549177
84720,0.448903713123896
84721,0.4489556498691502
84722,0.44889227043724106
84723,0.44889954431533907
84724,0.44895121901367563
84725,0.44891182274749236
84726,0.4489108590378445
84727,0.448920088278603
84728,0.4488992606095513
84729,0.44889122753261734
84730,0.4489018184367933
84731,0.44894309285607276
84732,0.44896289299808523
84733,0.44888452487038355
84734,0.44890870692954976
84735,0.4489612648236884
84736,0.44891689310339983
84737,0.44891542182762034
84738,0.44888627704263717
84739,0.4489446208409869
84740,0.4489071374488435
84741,0.44890495723470797
84742,0.4488850013527869
84743,0.44888752132046633
84744,0.4489549559772393
84745,0.4489006827825874
84746,0.44890821126891256
84747,0.4489442273537523
84748,0.4489629994712564
84749,0.4489008914296428
84750,0.44895788150139754
84751,0.44893506573185776
84752,0.44889426283492906
84753,0.4489283885301385
84754,0.44893120576189943
84755,0.44889797566156264
84756,0.44895627746452726
84757,0.44896310296808334
84758,0.4489232277404762
84759,0.44895557547215614
84760,0.44893633364994656
84761,0.44890584241528136
84762,0.4489263266939026
84763,0.44893741970695383
84764,0.44891564419742686
84765,0.4489147545526231
84766,0.4489260634869332
84767,0.4489422936493495
84768,0.4489034070971997
84769,0.4489417035846053
84770,0.4489479180260295
84771,0.44890998427398904
84772,0.44893192263446385
84773,0.4488957091445955
84774,0.4489290397667864
84775,0.44890920969945497
84776,0.4489649037458093
84777,0.4488905187617199
84778,0.44893530231849554
84779,0.4488873998021356
84780,0.44890856557368425
84781,0.448938576689177
84782,0.4489171285339139
84783,0.44894522264391395
84784,0.4489132764994631
84785,0.4489285001285441
84786,0.4489216278375458
84787,0.448885345405383
84788,0.4489180515735657
84789,0.4489131151357543
84790,0.44891036188922084
84791,0.44891043893322874
84792,0.4488929102667889
84793,0.4489105622693535
84794,0.44890901990180243
84795,0.4489637523845318
84796,0.4489492499282134
84797,0.44893571977916824
84798,0.44890592557516407
84799,0.4489174018239144
84800,0.44892766868130335
84801,0.4489500435148463
84802,0.4489181592041038
84803,0.4489657912397012
84804,0.4489344260686203
84805,0.44889891986310954
84806,0.4489241568968976
84807,0.44889570534290246
84808,0.44892080515155425
84809,0.44892920162568023
84810,0.4489583738547739
84811,0.4488903980688432
84812,0.4489264829315592
84813,0.4489379122264671
84814,0.44893617427258964
84815,0.44895612668386625
84816,0.4488979341636562
84817,0.44896077759473757
84818,0.44891875852571655
84819,0.44890754515237685
84820,0.4489539243168054
84821,0.44888906881322205
84822,0.448965755530092
84823,0.4488943942730841
84824,0.4489301803820844
84825,0.44893584361136324
84826,0.44892262593587523
84827,0.4489515700093867
84828,0.4488906720226664
84829,0.44894250196540975
84830,0.4489236959546185
84831,0.4488852579463541
84832,0.4489269609006406
84833,0.44888993084485873
84834,0.4488919085291904
84835,0.44890012197994283
84836,0.4489208532636028
84837,0.4489555088423555
84838,0.44893365827237514
84839,0.4489240367016738
84840,0.44891067138773744
84841,0.44893130991850655
84842,0.4489054102414095
84843,0.44893831331779266
84844,0.44893184592070945
84845,0.44889960581998983
84846,0.4489253474418764
84847,0.4489537880828347
84848,0.4489656515371789
84849,0.4488998065311115
84850,0.44893605556530597
84851,0.44890528789560596
84852,0.4489212751869325
84853,0.44888728406948114
84854,0.4489473709475284
84855,0.44893089940294384
84856,0.44895899301806647
84857,0.4489058672151838
84858,0.44895229266974684
84859,0.44892942581410594
84860,0.448932466902669
84861,0.44895841717175433
84862,0.44893806019758303
84863,0.4489382579328765
84864,0.44891492071064526
84865,0.4489647005547354
84866,0.4488849626644984
84867,0.4489575002490286
84868,0.4489224404368477
84869,0.44888524025561927
84870,0.4488971931520707
84871,0.4489233806711517
84872,0.4489129835335365
84873,0.44891384275593976
84874,0.44893380822707657
84875,0.44892924113960375
84876,0.4489469219100442
84877,0.44893821990607957
84878,0.4489376546419281
84879,0.4489234514321742
84880,0.4489543095351538
84881,0.4488920526974254
84882,0.4489432996849617
84883,0.448926510211469
84884,0.4489452330593212
84885,0.4489118120022974
84886,0.4488954338693102
84887,0.4489450399537099
84888,0.4489157476926349
84889,0.4489267970594465
84890,0.44893942119632546
84891,0.4489504378275994
84892,0.4489096929605071
84893,0.44891335172530855
84894,0.44895179105621535
84895,0.4489650131955604
84896,0.4489389377700776
84897,0.44892739571972456
84898,0.448940537674505
84899,0.44896015264432737
84900,0.44895513817306265
84901,0.44894796927718666
84902,0.44893405093344557
84903,0.4488936013481879
84904,0.4489227299287914
84905,0.4489378459288962
84906,0.4489610781643102
84907,0.44892470480108154
84908,0.44895318545422175
84909,0.44895923638383894
84910,0.4488940211217926
84911,0.4489082689691664
84912,0.4488889426660785
84913,0.44895120314105796
84914,0.4488882469558429
84915,0.4489534574231385
84916,0.4489449164519196
84917,0.44889182404500405
84918,0.44891208397125515
84919,0.4489546117609141
84920,0.4489296723218784
84921,0.448952254808119
84922,0.4489397404511229
84923,0.4488962881327486
84924,0.4488990155897707
84925,0.44888773277640953
84926,0.4488888011419161
84927,0.44892990659518833
84928,0.44891099791373973
84929,0.4489343219097593
84930,0.4489327911157712
84931,0.4489584462703132
84932,0.44892450028825104
84933,0.44893319733224607
84934,0.44894096538445627
84935,0.4489508114748504
84936,0.4489247719262661
84937,0.4489017589181704
84938,0.44890757375552104
84939,0.448929495747262
84940,0.4489379732333955
84941,0.4489572853193737
84942,0.448896633176531
84943,0.4489275913069368
84944,0.44889636550655293
84945,0.4489007426305524
84946,0.44888624959770407
84947,0.4488898986055404
84948,0.4489092062284434
84949,0.4489180251206964
84950,0.4489007419704324
84951,0.4488862254599238
84952,0.44893413640807245
84953,0.44895716793481
84954,0.44894009194364237
84955,0.44895876634973636
84956,0.4489382351155191
84957,0.44892439117053706
84958,0.4489320689518585
84959,0.4489079498822893
84960,0.4489560160760932
84961,0.4489102481418497
84962,0.4488851792474174
84963,0.4488992401081747
84964,0.4489021844791154
84965,0.448896375427233
84966,0.4489502228984509
84967,0.4489037562758244
84968,0.44891810745603317
84969,0.4488852222333125
84970,0.44895911387398985
84971,0.4489213118902904
84972,0.4489083536183761
84973,0.44891400097721634
84974,0.44888677848989866
84975,0.44891601701694356
84976,0.4488881725567389
84977,0.4488858294920702
84978,0.44895294258417445
84979,0.44892996363344395
84980,0.44895118793066474
84981,0.44890090498594254
84982,0.4489143711528969
84983,0.44894263985140026
84984,0.44889013651599863
84985,0.448950980442211
84986,0.4489656447582829
84987,0.44896164706802866
84988,0.4489009129225915
84989,0.44892239778111154
84990,0.4488959082041784
84991,0.44891212001255487
84992,0.4489642898755277
84993,0.44888590802576644
84994,0.4489157412464085
84995,0.44896501104535674
84996,0.44889728970506093
84997,0.44889296482588587
84998,0.4489177313288014
84999,0.4489057657022797
85000,0.44896372229433507
85001,0.44888810460596346
85002,0.44894502309000267
85003,0.44892935339860934
85004,0.44894584610426835
85005,0.44888548031512593
85006,0.4489577672577054
85007,0.44892405124980667
85008,0.4489305783311318
85009,0.4489120471022392
85010,0.4489568949737932
85011,0.44894188048781347
85012,0.44891476844168055
85013,0.44893473424384883
85014,0.44888835706429375
85015,0.4488993447615276
85016,0.4489494987509465
85017,0.4489354000287794
85018,0.4489176379167228
85019,0.4489509774658717
85020,0.44895476849414023
85021,0.448901083543629
85022,0.4489126163350223
85023,0.44892159675373344
85024,0.448906061973683
85025,0.44888618693751126
85026,0.44890559425298077
85027,0.4488986910456638
85028,0.4489564923931882
85029,0.44891435908298427
85030,0.44896548174204753
85031,0.4489110782656957
85032,0.44890824879971336
85033,0.44894081377474804
85034,0.44891557045965375
85035,0.4489632330831432
85036,0.4489436472090938
85037,0.44892966322705363
85038,0.4489457472370303
85039,0.44889970898617343
85040,0.4489120471025907
85041,0.44890816894556546
85042,0.44889522968788226
85043,0.44895103351325655
85044,0.4489439735719149
85045,0.44893219642126664
85046,0.448905802735928
85047,0.4489340616786189
85048,0.4488932336532059
85049,0.4488992725133894
85050,0.4489248653369813
85051,0.4489195967528639
85052,0.4489546775607524
85053,0.4488960150072172
85054,0.4489523655804046
85055,0.44889733996596176
85056,0.44895807725196485
85057,0.44892895329967347
85058,0.448962469421763
85059,0.4489590035989375
85060,0.4489140796745294
85061,0.44890994740493984
85062,0.4489612659806235
85063,0.44893666034379204
85064,0.44893113202457796
85065,0.44893741772302487
85066,0.4488905035513002
85067,0.4489288441811628
85068,0.4489058682064775
85069,0.44891252837920376
85070,0.448906933761322
85071,0.4489098647388101
85072,0.4489549002625268
85073,0.4489187347181948
85074,0.4488991247075766
85075,0.44894867589964965
85076,0.44892004132600605
85077,0.44895715024312927
85078,0.44891944398676237
85079,0.44890400046900647
85080,0.44894982511164344
85081,0.4489306024710091
85082,0.44894377253008505
85083,0.4489434385625027
85084,0.44896484042521456
85085,0.44888857414319083
85086,0.4488937362570586
85087,0.4489318497237063
85088,0.44889628846346497
85089,0.4489568933208672
85090,0.4489298264094418
85091,0.44889422398109363
85092,0.44889067913059005
85093,0.4489378107139272
85094,0.4489578066067231
85095,0.44894757066636154
85096,0.4489177898554432
85097,0.4489063589063183
85098,0.4489023051700078
85099,0.44889951918677035
85100,0.44894114642100297
85101,0.4488859941621506
85102,0.4488926105219565
85103,0.44888596721241864
85104,0.4489331872471178
85105,0.4489397297042154
85106,0.44890202410860314
85107,0.4489268501305488
85108,0.44893070398229584
85109,0.4488991544673499
85110,0.4489545752224711
85111,0.4489206052669723
85112,0.4489458632990265
85113,0.4489531470966056
85114,0.4489416366261874
85115,0.4489637623043847
85116,0.44894205210156396
85117,0.44889670112741603
85118,0.4488847153314331
85119,0.4489276237117519
85120,0.44892366818079443
85121,0.4489591555376451
85122,0.4489600678310735
85123,0.4489275258357064
85124,0.4489115506144938
85125,0.4488971628953623
85126,0.44889552628910373
85127,0.4489005849065454
85128,0.44895948090666515
85129,0.4489634769451909
85130,0.4489010413835788
85131,0.44893223461339404
85132,0.44894380013894947
85133,0.44890273618650556
85134,0.44891624980293243
85135,0.4489504669245157
85136,0.44891830254600174
85137,0.44894155114958423
85138,0.44891824914348577
85139,0.4489155711214149
85140,0.4489476131562334
85141,0.44892752914271944
85142,0.4488911648727758
85143,0.4489298662529189
85144,0.4489644044491311
85145,0.4489524692429629
85146,0.4489078442352376
85147,0.44896422589185275
85148,0.44893440754994685
85149,0.4489659992268064
85150,0.44889291902901346
85151,0.4489619094458197
85152,0.44890514488475575
85153,0.4488882644800327
85154,0.4489190547995845
85155,0.44896170675158004
85156,0.4489501665206535
85157,0.448963293592474
85158,0.4489267236523662
85159,0.44889414925334953
85160,0.448943285797138
85161,0.4489348595643396
85162,0.4489329984398213
85163,0.4489439524095796
85164,0.4489294087843792
85165,0.44888973013542394
85166,0.4489514213789746
85167,0.44889524886455234
85168,0.4489148783867216
85169,0.4489315787458168
85170,0.44892455418507426
85171,0.4489219576714564
85172,0.4489493679729074
85173,0.44888550296534585
85174,0.44892489261657414
85175,0.4488878964545446
85176,0.44895963499558456
85177,0.44894789768907256
85178,0.4489345026163234
85179,0.4489449199237816
85180,0.4488965839097672
85181,0.4488917850269262
85182,0.44892326030888585
85183,0.44890766435657187
85184,0.44889349636293585
85185,0.44895176741527054
85186,0.448942987375249
85187,0.44890136361342053
85188,0.4489498728931074
85189,0.44888916057123734
85190,0.4489423781325716
85191,0.4489357915326456
85192,0.4489421670055229
85193,0.44895565896366535
85194,0.4489101805200288
85195,0.4489018605951139
85196,0.4489443711903554
85197,0.4489080208082195
85198,0.4489581607442067
85199,0.4489291101982845
85200,0.44895386264692544
85201,0.4488900781560479
85202,0.44896246181584754
85203,0.448889428076265
85204,0.44891784127395823
85205,0.4489015818480058
85206,0.4488930903117596
85207,0.44895514313300844
85208,0.4489182050002748
85209,0.44892497858835967
85210,0.4488897931262449
85211,0.44890208395783016
85212,0.4489089058230164
85213,0.4489388093082732
85214,0.44889595449501146
85215,0.4489117319827206
85216,0.4489658338959331
85217,0.4489246024625296
85218,0.44889352744470934
85219,0.44889165458032004
85220,0.44889569757316944
85221,0.4489651770387143
85222,0.4488955629937497
85223,0.4488905552993757
85224,0.44894464084434005
85225,0.4489573706294819
85226,0.4489116580796732
85227,0.4488907492306492
85228,0.44891376207386774
85229,0.44890130260484196
85230,0.44890059945603583
85231,0.4489323516674137
85232,0.4489217437338659
85233,0.44889529449742166
85234,0.44889314387835744
85235,0.4489091850662328
85236,0.4489507038447541
85237,0.44895804583954324
85238,0.4489274896283602
85239,0.4489661134700798
85240,0.44888716470264545
85241,0.4489468151061341
85242,0.44894147906618015
85243,0.44890607239035285
85244,0.44894055668760496
85245,0.4488933713731837
85246,0.44894367647167804
85247,0.4489265827908119
85248,0.4489345743694133
85249,0.448890661109597
85250,0.4489123149362627
85251,0.4489503463985879
85252,0.4488869421678189
85253,0.4488862133907413
85254,0.4489023762608554
85255,0.44893317947698846
85256,0.4489194494434216
85257,0.4489502043806851
85258,0.4489366431484956
85259,0.44893778310208854
85260,0.44895662631218225
85261,0.44891976919173
85262,0.4489114180201719
85263,0.44891211224243
85264,0.44889171195124034
85265,0.44894814353647966
85266,0.44890458011680273
85267,0.4489260803505632
85268,0.4488867148384466
85269,0.4489354711222089
85270,0.4489402455356742
85271,0.44894336234512944
85272,0.44889616182103104
85273,0.4488882829975085
85274,0.4489195750938321
85275,0.44888704169638327
85276,0.44896350257105777
85277,0.44891622516708846
85278,0.4489527286461647
85279,0.4489027375092265
85280,0.4489129846913055
85281,0.44894384874773885
85282,0.4489393241473324
85283,0.4488880811294003
85284,0.44892808994333516
85285,0.4489481440315634
85286,0.44888744659069674
85287,0.44891921351520203
85288,0.44890680877047545
85289,0.4489626502932526
85290,0.44894426339492977
85291,0.4489439067779645
85292,0.44891086151707266
85293,0.44896555283451733
85294,0.4489584242805507
85295,0.4489107743883257
85296,0.44894230290718845
85297,0.4489439013227894
85298,0.4489134000014155
85299,0.4489526396987667
85300,0.4489464328628882
85301,0.44892838621458014
85302,0.4489587795765244
85303,0.44893901878199205
85304,0.44893615178726803
85305,0.44889456340541867
85306,0.44891623393081204
85307,0.44895411593318196
85308,0.4489547784136209
85309,0.44888662374059374
85310,0.4489151541571938
85311,0.4489221902914457
85312,0.44896072402768
85313,0.44888936210977287
85314,0.44896344272145083
85315,0.44892271934761185
85316,0.4489290599361952
85317,0.44895436111949816
85318,0.448885681356026
85319,0.4489455690105015
85320,0.4489336296715152
85321,0.44893803126477555
85322,0.44892200445966357
85323,0.4489033832903449
85324,0.4489422304932346
85325,0.44892866975721085
85326,0.44891116341083964
85327,0.4489511585027612
85328,0.4489075299437122
85329,0.4488913642609224
85330,0.4489354602103192
85331,0.4488858126284726
85332,0.4489572279493496
85333,0.44895102921337826
85334,0.4489588805934388
85335,0.4489437426052585
85336,0.4489582812696705
85337,0.4489600005412093
85338,0.44895179171883626
85339,0.44891791038047024
85340,0.44894213509709235
85341,0.4489068765569947
85342,0.44890123597831477
85343,0.4489324378029232
85344,0.44891958898226725
85345,0.4489037268454419
85346,0.4489502908484518
85347,0.44894177236075944
85348,0.4489300135636109
85349,0.44896401178962453
85350,0.44893192561042367
85351,0.44893561214869115
85352,0.448914572359348
85353,0.4489081953987597
85354,0.44891510670739204
85355,0.4489529624241655
85356,0.44891786293148256
85357,0.44892875391080317
85358,0.44896437270608947
85359,0.4489288587307156
85360,0.4489106156714806
85361,0.4489438745386019
85362,0.44894575517252333
85363,0.44896301302792196
85364,0.4489263997699372
85365,0.4489510556675637
85366,0.4489181153918511
85367,0.4489476534960029
85368,0.44889945222757976
85369,0.44894444724238053
85370,0.4489470921991247
85371,0.4488935281068248
85372,0.4489592868087462
85373,0.44889231243024835
85374,0.4488861778443472
85375,0.44895577370263934
85376,0.44890003253618765
85377,0.44893662992381017
85378,0.4489359838106751
85379,0.4489397609503738
85380,0.44891129005361924
85381,0.44893286485145184
85382,0.4489152163214606
85383,0.4489646587269918
85384,0.44895843304341393
85385,0.4489279510664228
85386,0.44895265556914
85387,0.4489309781015418
85388,0.44895762242855103
85389,0.44892015259215307
85390,0.44893485047162807
85391,0.4489246897577929
85392,0.44890693640653223
85393,0.4489308248389166
85394,0.4488923168958025
85395,0.448952662017028
85396,0.4489159009549022
85397,0.44889448371615776
85398,0.4489407211906089
85399,0.44896443801117064
85400,0.4489010038539821
85401,0.4488999918648938
85402,0.44892834190732667
85403,0.44889792325183336
85404,0.4489417593013588
85405,0.4488895271096395
85406,0.44888977163258786
85407,0.44894777848753536
85408,0.4489597031124542
85409,0.448916701485373
85410,0.4489293950610102
85411,0.4489511465993054
85412,0.44889479189117604
85413,0.4489658190152394
85414,0.44890054886457387
85415,0.4489572954045442
85416,0.44894390115671445
85417,0.44888806013070504
85418,0.4489177895247823
85419,0.44896615480314706
85420,0.4488869514262518
85421,0.44896582347922676
85422,0.4489459376977348
85423,0.44894799424341303
85424,0.4489319133746389
85425,0.4489214380365192
85426,0.44890694698843575
85427,0.4488963162389818
85428,0.44894363067689824
85429,0.448903235153452
85430,0.4489216569353525
85431,0.4489366940702966
85432,0.44889262457585893
85433,0.44894939409513496
85434,0.44892561907991196
85435,0.44890774817912477
85436,0.4489088406835968
85437,0.44889746346782883
85438,0.44894728530640127
85439,0.4489435997583752
85440,0.44896518431287935
85441,0.4489253791840594
85442,0.44896540618678815
85443,0.44894590115971483
85444,0.44895839501742796
85445,0.448965647403957
85446,0.44889596474718435
85447,0.4489462678623025
85448,0.448950364089823
85449,0.44895474485026216
85450,0.44892253665867976
85451,0.44890589465928665
85452,0.4488857226899346
85453,0.44895305699285465
85454,0.44895900690545
85455,0.44888624083561257
85456,0.4489529863962716
85457,0.4489260266199021
85458,0.44889291324282427
85459,0.44890231723877555
85460,0.44890061896465344
85461,0.4489342129569843
85462,0.44894121668644965
85463,0.44890429442610524
85464,0.44896006303653113
85465,0.44890556829612277
85466,0.4489040624661912
85467,0.44892905398522837
85468,0.44892125138014755
85469,0.44891366271150845
85470,0.44889634368382836
85471,0.4489306771996861
85472,0.44893232769407704
85473,0.4489634554522751
85474,0.4489575847329193
85475,0.4488957699879244
85476,0.4489300406777534
85477,0.4489006211135504
85478,0.44896370625860754
85479,0.4489001767052588
85480,0.4489077227190219
85481,0.44891738182059
85482,0.4488961962090684
85483,0.44895908527091216
85484,0.4489330480376373
85485,0.4489136724663409
85486,0.4489171015846998
85487,0.44889207733119574
85488,0.44895630143786774
85489,0.4489144005809324
85490,0.44889415222759316
85491,0.44895974593266874
85492,0.448944218426253
85493,0.4489292381633987
85494,0.4489353687830155
85495,0.44894276335156436
85496,0.4489402359460352
85497,0.44894366837223393
85498,0.4488855102398986
85499,0.4489569500292076
85500,0.448894841161263
85501,0.44895179717472866
85502,0.44889009832596083
85503,0.4489074143760457
85504,0.4489575042156407
85505,0.44892859353898035
85506,0.44892518591372266
85507,0.448923401997943
85508,0.44892470628999326
85509,0.4489537905641428
85510,0.4489340633328754
85511,0.4489600934573478
85512,0.44890637990327564
85513,0.44895990068204056
85514,0.4489283298385005
85515,0.44891634172661715
85516,0.44893819841352234
85517,0.4488900935317924
85518,0.4489192090521748
85519,0.44889646900429747
85520,0.4489350835876171
85521,0.4489579749127543
85522,0.44891779977442814
85523,0.4489363075276892
85524,0.44891892567611663
85525,0.4488861222936059
85526,0.44891818631867664
85527,0.4489656121868543
85528,0.4488968993594836
85529,0.44888587743928743
85530,0.4489381708032825
85531,0.44889877271932294
85532,0.4489563786468152
85533,0.44889519744849543
85534,0.4489427694697321
85535,0.4489475977809643
85536,0.4488986341728239
85537,0.4488912359636056
85538,0.44888678659181236
85539,0.44892789915104836
85540,0.44891069073111073
85541,0.4489603045843089
85542,0.44895029498212075
85543,0.44892727883199507
85544,0.448908114882123
85545,0.44894519602492555
85546,0.44891606529377304
85547,0.44893176077633995
85548,0.4489246003123135
85549,0.44888968830644066
85550,0.4489176117936144
85551,0.44891307033204175
85552,0.4489152917125302
85553,0.44889387777994705
85554,0.4489104939882014
85555,0.44895398367011047
85556,0.44896258399577366
85557,0.4489172032620935
85558,0.4489376179378891
85559,0.44894529175126346
85560,0.4489540734432416
85561,0.4489322271731113
85562,0.44894115468751333
85563,0.448960980289853
85564,0.44890418282848304
85565,0.44891673041781294
85566,0.44892564239142185
85567,0.44889428680665666
85568,0.44896257920117744
85569,0.44889301161436257
85570,0.4489427332627487
85571,0.4489258839380065
85572,0.44894675674524753
85573,0.4489049349167375
85574,0.44893338465210986
85575,0.4489186828053244
85576,0.44892645747030974
85577,0.4489453997121077
85578,0.4488854421237479
85579,0.4488984699980494
85580,0.44889818844021434
85581,0.4489512796907238
85582,0.44889409998413
85583,0.4488988548882094
85584,0.4489006103671022
85585,0.44894444939333816
85586,0.4489265432767645
85587,0.448897011453525
85588,0.4489369848878894
85589,0.44896048810155037
85590,0.44895680536545685
85591,0.4488912225735109
85592,0.44896517720242757
85593,0.4489298717096944
85594,0.4489319752091313
85595,0.4488968919186814
85596,0.44893969663780914
85597,0.44890667617720276
85598,0.44889168814331165
85599,0.448951295231832
85600,0.44891805157400916
85601,0.4489003663400169
85602,0.44891066378180267
85603,0.44888526108693233
85604,0.4489060624688763
85605,0.4489266851293844
85606,0.4488849666324944
85607,0.4489028968873048
85608,0.44890448769704894
85609,0.448885749637542
85610,0.4489203165999701
85611,0.4489118339909064
85612,0.44889188951623354
85613,0.44890597997062426
85614,0.4489239917317035
85615,0.4489545843160445
85616,0.44890063896924853
85617,0.44890228202416466
85618,0.4489316992733558
85619,0.44891860047142873
85620,0.448942528253398
85621,0.44892489939636665
85622,0.44889382487424007
85623,0.44888827406928483
85624,0.4489495460350835
85625,0.4489444254200695
85626,0.44890077734993
85627,0.4489024962920567
85628,0.44891248357498964
85629,0.4488946626041098
85630,0.4489376705129109
85631,0.44892189815291716
85632,0.4489400578838725
85633,0.44894475012861057
85634,0.44896202104478966
85635,0.4489184548149954
85636,0.4489513340844337
85637,0.4489499793659126
85638,0.44890334840522134
85639,0.44890654506973854
85640,0.4489020208003843
85641,0.4489312859455246
85642,0.44895249850521274
85643,0.4489026645981143
85644,0.44890645430368203
85645,0.44890222465450696
85646,0.4488894090629228
85647,0.4489371164912971
85648,0.4489655928445167
85649,0.4489330048875875
85650,0.44890728459165674
85651,0.4489157726585073
85652,0.44889436897590945
85653,0.44893035116801666
85654,0.44892428552439884
85655,0.4489545431483839
85656,0.44892973597246544
85657,0.44891968173187097
85658,0.4489608569520734
85659,0.4488998000831821
85660,0.4488944281658114
85661,0.44889660672535875
85662,0.44892802447272867
85663,0.448922013551862
85664,0.4489147565365758
85665,0.4489001385143279
85666,0.44889456654741694
85667,0.44895482189589564
85668,0.44893149227964474
85669,0.4489285285640802
85670,0.4489305928815888
85671,0.4489406987060971
85672,0.4489437257414741
85673,0.44892336975930097
85674,0.44896382017125525
85675,0.4489545138836309
85676,0.4489483459009012
85677,0.44891824583689904
85678,0.4489029301188131
85679,0.44890899609383383
85680,0.4489379500867234
85681,0.44889671286584276
85682,0.44895890225096147
85683,0.44890774057396776
85684,0.4489413299378166
85685,0.4489090349464721
85686,0.4489421635339649
85687,0.44891874678896787
85688,0.4489241922775867
85689,0.44890642504013306
85690,0.4488991271882103
85691,0.44891038569600095
85692,0.44891688963181486
85693,0.4489205893965769
85694,0.4489326120628359
85695,0.44893423395304544
85696,0.4489661881991717
85697,0.44895910130916467
85698,0.4488896876454667
85699,0.4488986020987507
85700,0.44895696060909157
85701,0.4489524356813396
85702,0.4489026143367331
85703,0.4489188727699374
85704,0.4489585858088468
85705,0.44888923695299204
85706,0.44892090220212116
85707,0.44891055730943963
85708,0.44891304272190696
85709,0.44894749709467763
85710,0.44890242387729445
85711,0.4489172677425388
85712,0.44896381851798056
85713,0.44889939568458365
85714,0.44889261928357477
85715,0.44890548331793934
85716,0.4489323958089619
85717,0.4489291702115809
85718,0.44888915081670033
85719,0.44891015059604644
85720,0.4489580279826031
85721,0.44891020052667635
85722,0.4489154517528234
85723,0.4489190204101292
85724,0.44889632715070793
85725,0.44894894638108473
85726,0.4489110121331639
85727,0.4489546355676897
85728,0.4489560889881706
85729,0.44892259154879866
85730,0.44893295859472354
85731,0.4489534041871253
85732,0.4489141044740418
85733,0.44895238079165023
85734,0.44894339871786115
85735,0.4488971081719106
85736,0.44895187041479767
85737,0.4489499793659126
85738,0.44891309397506013
85739,0.44889529565481406
85740,0.44893063751943746
85741,0.44893118261491366
85742,0.44895697135718887
85743,0.44892734942882473
85744,0.44890917002151554
85745,0.44896497566587196
85746,0.4489647739630462
85747,0.4489128196914151
85748,0.4489455314808656
85749,0.44894231844816496
85750,0.44894901234801354
85751,0.4488976203656398
85752,0.44895328696783865
85753,0.4488852642285487
85754,0.44892828420650693
85755,0.44890330789968586
85756,0.44892295775414687
85757,0.44891358335287496
85758,0.4489358196391224
85759,0.4489593116082635
85760,0.4489352793388598
85761,0.4489106768433404
85762,0.44889745701995365
85763,0.4489467478166534
85764,0.4488895319041138
85765,0.44889268227575807
85766,0.44895914197920883
85767,0.4489431290634855
85768,0.44894395439384743
85769,0.448921282461411
85770,0.44895904509721263
85771,0.44892151541283115
85772,0.4488952928441839
85773,0.44895307170597953
85774,0.44889096416115837
85775,0.4488979191182339
85776,0.4489247887902999
85777,0.44894072350598935
85778,0.4489265490636999
85779,0.4489044928223118
85780,0.4489445345369014
85781,0.44895240575579565
85782,0.4488966422713742
85783,0.44896053637761313
85784,0.44896547397148084
85785,0.44888466622795126
85786,0.44890453448559503
85787,0.44893830637466553
85788,0.4489649725242666
85789,0.44889635988531634
85790,0.4489090238689544
85791,0.4489112361562876
85792,0.44891463336538107
85793,0.4489618735700611
85794,0.44896313388410214
85795,0.4489089879923212
85796,0.4489232432815618
85797,0.4489661362856951
85798,0.4488994416467627
85799,0.4489202663404442
85800,0.44894480931769065
85801,0.44892243778982105
85802,0.44888520553500066
85803,0.44894360521515625
85804,0.44891276695142535
85805,0.44893049318722783
85806,0.44889999649506224
85807,0.4489432297497325
85808,0.44895332383662184
85809,0.4489412943904283
85810,0.4489301167285325
85811,0.44890491838371166
85812,0.44895702194666026
85813,0.44896331442503223
85814,0.44889643279771285
85815,0.44892571315250174
85816,0.4489012363085364
85817,0.44891589946598826
85818,0.4489518061022074
85819,0.44893165397119944
85820,0.44893588312533106
85821,0.4489571123837622
85822,0.4489305596496653
85823,0.4488862200026961
85824,0.44894484585408506
85825,0.44892669686782677
85826,0.44896216670168576
85827,0.4489031890263292
85828,0.4489403331600129
85829,0.4488846592840276
85830,0.44891458062665024
85831,0.44888553537052817
85832,0.44893858379754464
85833,0.44892163130874435
85834,0.44891041909187673
85835,0.4489147469490829
85836,0.4488896357313216
85837,0.4488945468730836
85838,0.44890524391898257
85839,0.44894182890543927
85840,0.4489481076597442
85841,0.448963061469412
85842,0.44888481651372053
85843,0.44892922146538833
85844,0.44891928526947844
85845,0.4489526044837137
85846,0.448949821641405
85847,0.4489103516386796
85848,0.44892815326489005
85849,0.4488900884061079
85850,0.44894274814251295
85851,0.44895414089970376
85852,0.44895201822108194
85853,0.4489167228129584
85854,0.44890236882185114
85855,0.44893455155379713
85856,0.44893248822995335
85857,0.4489000685799422
85858,0.4489485282603888
85859,0.44892635992570307
85860,0.44894649337340853
85861,0.4489284371376078
85862,0.44894499663714627
85863,0.4489446018275641
85864,0.4489060328746788
85865,0.4489081674575913
85866,0.44888840335767394
85867,0.44889342014438394
85868,0.44888919413403555
85869,0.4489032186212122
85870,0.44896113189750864
85871,0.4489454496422418
85872,0.448923026532527
85873,0.44894586313337087
85874,0.4489228068087403
85875,0.44893884584719096
85876,0.4488903643426913
85877,0.4488992343216261
85878,0.44891447068144785
85879,0.44894869987418057
85880,0.44892767529522376
85881,0.44891052192873343
85882,0.4489325318775738
85883,0.4489579635053719
85884,0.44890028631969764
85885,0.4489357442484644
85886,0.44889969774363714
85887,0.4489487312853418
85888,0.4489155924482381
85889,0.44895403211192364
85890,0.448921082576966
85891,0.448895547948269
85892,0.4489553436784972
85893,0.4489318578249102
85894,0.44894696572299214
85895,0.4488890869990847
85896,0.44895688819562735
85897,0.44895877329360295
85898,0.4489485962116004
85899,0.44894361678913935
85900,0.4488988667924113
85901,0.4489026973338354
85902,0.4489540269869898
85903,0.4489345181561483
85904,0.4489613969230813
85905,0.4489416047169679
85906,0.4489521132861722
85907,0.44896249521260095
85908,0.44895941742069473
85909,0.4489576110207857
85910,0.4489096410476047
85911,0.44892880681522385
85912,0.44890347719806817
85913,0.4489539957392342
85914,0.4489187990333941
85915,0.44895828771833296
85916,0.4489160781895162
85917,0.44890756482802957
85918,0.4489272406397391
85919,0.4489370275430758
85920,0.4489528652095178
85921,0.44892011489815875
85922,0.4489387322654768
85923,0.44893016120333545
85924,0.4489393312578286
85925,0.4489636204508354
85926,0.44896555614080047
85927,0.44892177514698806
85928,0.4489293029736812
85929,0.448948261913433
85930,0.4489620268314001
85931,0.44889561308927783
85932,0.4489259947094087
85933,0.44896082603618453
85934,0.44889847214820416
85935,0.4488868692571209
85936,0.44895384198059385
85937,0.4489586201979826
85938,0.4488987315507514
85939,0.44892387186787197
85940,0.4488848244492041
85941,0.44896326267726605
85942,0.4489502974624768
85943,0.44894113865036167
85944,0.44893418931511914
85945,0.44895300673110766
85946,0.4489622854085827
85947,0.44890051497210287
85948,0.44892135239624714
85949,0.44895733028800316
85950,0.44889108452254173
85951,0.4489222303009856
85952,0.44892765148692293
85953,0.44888667912628755
85954,0.44896083645117374
85955,0.44889435112146103
85956,0.44893717700181407
85957,0.44893741061380216
85958,0.44896546553999644
85959,0.4489383716798344
85960,0.4488858733046633
85961,0.4488849778762649
85962,0.4489460150724562
85963,0.44896350538205426
85964,0.4489580589002186
85965,0.44895193869799294
85966,0.44889362317143366
85967,0.44894114311301836
85968,0.44890728327029883
85969,0.44893641400183776
85970,0.44894853470826446
85971,0.4489652611919612
85972,0.4488895768733425
85973,0.4489457169816319
85974,0.4489283052034757
85975,0.44889019487891446
85976,0.44893269786774104
85977,0.4489249088205641
85978,0.44890548778108275
85979,0.4489564522179109
85980,0.44895314990854274
85981,0.44889890481836064
85982,0.4489422101567767
85983,0.4488919017493892
85984,0.44892062444663244
85985,0.44891995353590564
85986,0.4488975527445852
85987,0.44893521882654785
85988,0.44892852029916164
85989,0.4489494909804796
85990,0.4489556710330996
85991,0.44893528661372295
85992,0.44889980785298367
85993,0.4489539884646578
85994,0.44891638090993685
85995,0.44892729602638387
85996,0.44895424356957403
85997,0.44888469764066
85998,0.4489649516929421
85999,0.448955852068371
86000,0.4489305756875832
86001,0.4488927718844696
86002,0.4488892007464956
86003,0.4489554923101803
86004,0.44888494414841484
86005,0.44892037512703303
86006,0.448951379384174
86007,0.44894674269143253
86008,0.4489265581556256
86009,0.44894944766306816
86010,0.44891807802720146
86011,0.44895058067318405
86012,0.44894549527300603
86013,0.44896029069525095
86014,0.4489459467908988
86015,0.4489287755686992
86016,0.4489350688728021
86017,0.44894609872969543
86018,0.4489119409596911
86019,0.4489470574810359
86020,0.44893263322342103
86021,0.4489500960891873
86022,0.44895203690424
86023,0.44896509586152106
86024,0.4489489445616516
86025,0.44892416334483287
86026,0.4489553117683663
86027,0.4488878093244703
86028,0.44892750616050664
86029,0.4489043529535283
86030,0.44895780743259434
86031,0.4489568782745659
86032,0.4489457771615098
86033,0.4489538418164962
86034,0.4489086917201197
86035,0.44888620082564873
86036,0.4489274339123684
86037,0.4488852014029935
86038,0.44894916180673466
86039,0.4488960680778933
86040,0.44894065621647866
86041,0.4489345923894895
86042,0.4489634577669016
86043,0.4489615493577458
86044,0.4489459934128916
86045,0.4488888178402456
86046,0.44891003552686226
86047,0.448924422087361
86048,0.4489561891771525
86049,0.4489448235344726
86050,0.4488954244464319
86051,0.4489249433742255
86052,0.44893945823197096
86053,0.4489655412614123
86054,0.44892227064198575
86055,0.44894063141533763
86056,0.4489508427223556
86057,0.4489318196331742
86058,0.44890421820923865
86059,0.4489114216570987
86060,0.44892515284754314
86061,0.4489660286543105
86062,0.44890555821263894
86063,0.4489077622322583
86064,0.44890708718826094
86065,0.44894459802463743
86066,0.4488875833185912
86067,0.44892458196189106
86068,0.4488984246974126
86069,0.44896522597490174
86070,0.44894506756353464
86071,0.44891677671077457
86072,0.4489593302915418
86073,0.4488970420404475
86074,0.44895096374385385
86075,0.44892351409248493
86076,0.4489391728711899
86077,0.4488892361272465
86078,0.4489128805317186
86079,0.4489605416682321
86080,0.44896224424173764
86081,0.4489356792719628
86082,0.44890191267420965
86083,0.4489610193082905
86084,0.448903232341993
86085,0.4489473934321055
86086,0.4489237381155595
86087,0.4489633233528362
86088,0.44893418683509534
86089,0.44891339305750416
86090,0.44895138731918566
86091,0.44894387123191504
86092,0.44896202649980893
86093,0.44896142304360287
86094,0.4489308240138496
86095,0.4489410098567668
86096,0.4489309461914114
86097,0.44891913316541615
86098,0.44889945619515487
86099,0.4489299576815247
86100,0.4488934384976492
86101,0.44894449221227783
86102,0.4489622224163773
86103,0.4489558087518021
86104,0.448957114864083
86105,0.44895206253008946
86106,0.44890801965214366
86107,0.44895848164940555
86108,0.44893805160001227
86109,0.4489066470786783
86110,0.4489473292839385
86111,0.448928944370194
86112,0.4489333785340865
86113,0.44896175982338044
86114,0.44893443582147646
86115,0.4489269989283008
86116,0.4489380024955281
86117,0.448949862477654
86118,0.448906537299614
86119,0.44895237302036406
86120,0.4489584502378025
86121,0.4489246909133546
86122,0.44894457339039845
86123,0.4489431735365201
86124,0.4489106236065117
86125,0.4489554430420606
86126,0.4489440307758526
86127,0.4489561989316817
86128,0.44889755539117937
86129,0.4489265298850524
86130,0.44889118553913565
86131,0.44891374471581796
86132,0.4489139971754473
86133,0.4489097847201554
86134,0.4488927887472898
86135,0.4489325492364855
86136,0.44889643147435176
86137,0.4489510391345457
86138,0.4489417083792215
86139,0.44896320464595535
86140,0.4489356665427272
86141,0.4488979015935802
86142,0.44890742115459376
86143,0.4489300195141802
86144,0.448940193787227
86145,0.44890533187482273
86146,0.4489555729914338
86147,0.4489496191107879
86148,0.44889662458069807
86149,0.4489309827311352
86150,0.4488931638830867
86151,0.4489178860781794
86152,0.44892249235021253
86153,0.44893092998904666
86154,0.44894424338988725
86155,0.4488957794113284
86156,0.4488944742930506
86157,0.44890202460378353
86158,0.44892316078166095
86159,0.4489472009874103
86160,0.44893307631041224
86161,0.44892391105122353
86162,0.44895789241153505
86163,0.44892836058829355
86164,0.4488967654426281
86165,0.448892807264371
86166,0.448900732712376
86167,0.44893980063142414
86168,0.4488940535266724
86169,0.44895969980512507
86170,0.44891752896391596
86171,0.44892991403501276
86172,0.44891904636737817
86173,0.4488949477991457
86174,0.4489227097584975
86175,0.44892444374596296
86176,0.4489607961113893
86177,0.4488967208033255
86178,0.44891001072648445
86179,0.44890851415552885
86180,0.44892864065812116
86181,0.4489442875347598
86182,0.4489458530485502
86183,0.4489093834617713
86184,0.44891688401064445
86185,0.4489435523098187
86186,0.44893597356102927
86187,0.44896262284773053
86188,0.4489042828530172
86189,0.44891621872083737
86190,0.44894537110892085
86191,0.4489312356863564
86192,0.44894189768294834
86193,0.4488912853990744
86194,0.4489495433894586
86195,0.4489657775173377
86196,0.44889939849549765
86197,0.44889286364328795
86198,0.44894014716404884
86199,0.44889620067333963
86200,0.44893280318313666
86201,0.4489001406639353
86202,0.44888596506476375
86203,0.4489292856122973
86204,0.44890823904569144
86205,0.4489316723245424
86206,0.44888634135696626
86207,0.44896296028784977
86208,0.44891432585066793
86209,0.4489197853949095
86210,0.4488898552902106
86211,0.4489331325214389
86212,0.44893744648926737
86213,0.4489637553617664
86214,0.44890068344314416
86215,0.44895795226251367
86216,0.4489422304927579
86217,0.4489102668225189
86218,0.4489206742098529
86219,0.44893155063967305
86220,0.4489156341118614
86221,0.44893372225521083
86222,0.4489234024947613
86223,0.4489455986045956
86224,0.44891164022270924
86225,0.448965086601391
86226,0.4489408678377979
86227,0.4489483938474527
86228,0.44896476189319223
86229,0.4489553408677698
86230,0.448888393271576
86231,0.4489076154187549
86232,0.448950635892196
86233,0.44891362005619656
86234,0.44888739351960794
86235,0.4489394074755189
86236,0.4489337804528529
86237,0.44890629509044644
86238,0.4489600703110829
86239,0.4489437616185598
86240,0.4489227570438933
86241,0.448917370743449
86242,0.44890434485068637
86243,0.4488902744032219
86244,0.4489470687222211
86245,0.4489487521178436
86246,0.448944724668207
86247,0.4489301008584594
86248,0.44891971611972004
86249,0.44889998855917945
86250,0.4488950951072126
86251,0.44893841664838147
86252,0.4489208380522766
86253,0.44891848755071323
86254,0.448907639226733
86255,0.44892132776197824
86256,0.44895671311023166
86257,0.44888598424310194
86258,0.44890434600884044
86259,0.44894715370202026
86260,0.44896302989199505
86261,0.44895587984550606
86262,0.44891870677726897
86263,0.4489303118197452
86264,0.44896607908106634
86265,0.44895890588858767
86266,0.44891720359275444
86267,0.4489463073767028
86268,0.4489149985803383
86269,0.4489578567017962
86270,0.44895403641016224
86271,0.448910504567639
86272,0.4489559276260015
86273,0.4489653506357527
86274,0.4489457113591099
86275,0.44892713433223114
86276,0.4489396862210572
86277,0.4489156642024679
86278,0.4489154439805635
86279,0.4489212242654872
86280,0.448935276362558
86281,0.44894548303770115
86282,0.44891881606164125
86283,0.4488909148931095
86284,0.4489446241459108
86285,0.44895138236093335
86286,0.44895770360587306
86287,0.44890947885923177
86288,0.44894102688745324
86289,0.4489639430105234
86290,0.44895214073100737
86291,0.4489231404443004
86292,0.4489308018588457
86293,0.4489083367559186
86294,0.44894417709405376
86295,0.44889089125123083
86296,0.4489652929354352
86297,0.4489117891870926
86298,0.4489017660277257
86299,0.4489144938277692
86300,0.4489285399727532
86301,0.4488856550697832
86302,0.44890347504879646
86303,0.44894958405985874
86304,0.4489305589887663
86305,0.4489290124863843
86306,0.4488913845973294
86307,0.44893106192442983
86308,0.4489233861253851
86309,0.44894985619547173
86310,0.4489512143844248
86311,0.44896249802315397
86312,0.4489217106673299
86313,0.44894523140467985
86314,0.4489536083685647
86315,0.4489614713210577
86316,0.44891974555023606
86317,0.44889341551632816
86318,0.448930172281177
86319,0.4489369480191758
86320,0.4489059077203932
86321,0.44890108817251806
86322,0.4489634275117944
86323,0.4488898266880754
86324,0.44889187000596503
86325,0.4489194175346197
86326,0.44894877493259683
86327,0.44896305287256544
86328,0.4489426360488469
86329,0.44895944387430314
86330,0.4488853010976697
86331,0.4489332542059695
86332,0.448924562452505
86333,0.44888618412684084
86334,0.44894830010344255
86335,0.44888954827190264
86336,0.4488874993298527
86337,0.4489318702242751
86338,0.44890247793908905
86339,0.44892920046800433
86340,0.4489349898438808
86341,0.44890643479302583
86342,0.44888668822021216
86343,0.448947226282043
86344,0.44896371915308503
86345,0.44892015904004107
86346,0.4488846477099957
86347,0.44891396741517514
86348,0.4489472009873898
86349,0.4489368942871835
86350,0.4488960193054068
86351,0.4489121542363141
86352,0.4488964027071584
86353,0.4489392386727284
86354,0.44893710872080506
86355,0.4489355488262163
86356,0.44889522522363784
86357,0.4489040163406836
86358,0.44893513302100935
86359,0.4489415655324171
86360,0.44894597159094496
86361,0.4489425583427631
86362,0.44888967656789336
86363,0.4489232751886446
86364,0.44893263487803237
86365,0.4488845962938423
86366,0.4489175450017818
86367,0.4488993558395397
86368,0.44894521933653675
86369,0.44890144561737894
86370,0.4488936683066356
86371,0.44888523182340767
86372,0.44889800012971715
86373,0.4489343933328433
86374,0.44896198979772317
86375,0.44891289392519196
86376,0.44888475666444455
86377,0.44888496465014616
86378,0.44891386987018
86379,0.4489231855795215
86380,0.44892143489614184
86381,0.44890223953424807
86382,0.4488993880793175
86383,0.4489385849564603
86384,0.4489045771399767
86385,0.4488943433513128
86386,0.4489395671839554
86387,0.4489604160167142
86388,0.4489294385442333
86389,0.448897190837167
86390,0.4489174353860107
86391,0.4489075673076305
86392,0.4489215732768398
86393,0.44891974075528185
86394,0.4489550388077899
86395,0.4489378751920237
86396,0.4489639433428655
86397,0.4488903997233692
86398,0.4488868687610775
86399,0.44893963067170845
86400,0.44889626697083
86401,0.4488857605492877
86402,0.44890284596471136
86403,0.4488887927112967
86404,0.4489612869782571
86405,0.4489358694036451
86406,0.44895381850454086
86407,0.4489258049100546
86408,0.4489315129451986
86409,0.44890774123604354
86410,0.4489182464973256
86411,0.4489493393720051
86412,0.44889584521287473
86413,0.448958965407976
86414,0.448951237531391
86415,0.44894447171289525
86416,0.4489043132738146
86417,0.4488987426288124
86418,0.4488981371894644
86419,0.44892970042643965
86420,0.4489033913907836
86421,0.4489599716087204
86422,0.4489458659439034
86423,0.44893599720403937
86424,0.4489148507761291
86425,0.4488972081968167
86426,0.448929418704174
86427,0.4489015152197773
86428,0.44895711684806255
86429,0.44889731797657006
86430,0.4489049626918799
86431,0.4489045194396153
86432,0.4489419391808945
86433,0.4489317787956468
86434,0.44894830803935726
86435,0.44889806113701136
86436,0.44894678617403333
86437,0.4488871117960909
86438,0.44890199963888366
86439,0.44889715628306287
86440,0.4489396944875803
86441,0.4489299441235098
86442,0.4488947024473874
86443,0.448959220016469
86444,0.44890665336078006
86445,0.44891218845849845
86446,0.4489527021923604
86447,0.4488996071425765
86448,0.44894708211397627
86449,0.4489583826163684
86450,0.4489647503201009
86451,0.4489417098675061
86452,0.4489524847828369
86453,0.44896026721922055
86454,0.448957336902568
86455,0.4489562815969254
86456,0.44892755807519913
86457,0.44891377530159104
86458,0.4489236288305032
86459,0.4489336351269945
86460,0.4489174712636698
86461,0.4489299917386387
86462,0.448955786764113
86463,0.4488853766533044
86464,0.44891399485996547
86465,0.44896038427230567
86466,0.4489447360746706
86467,0.448906240529797
86468,0.4488925114897699
86469,0.4489630654364195
86470,0.4489335666801942
86471,0.44892172753019427
86472,0.44891340545729824
86473,0.4489297829262643
86474,0.4489250696863409
86475,0.4489584890905252
86476,0.44892540613463083
86477,0.4489176046861186
86478,0.4488971268542209
86479,0.4489017367638996
86480,0.4489471097258137
86481,0.44890663186854196
86482,0.44890907032594796
86483,0.4489345500657782
86484,0.44892552252726875
86485,0.4489553249947795
86486,0.4489420398655372
86487,0.4488984804147047
86488,0.4489525132213504
86489,0.44896069410255296
86490,0.44896148901043237
86491,0.44889401946857327
86492,0.44896169038300077
86493,0.44892517384534003
86494,0.44889765128153797
86495,0.44891499428305603
86496,0.4489635366295117
86497,0.4489231333360059
86498,0.44893630025443515
86499,0.44891362666905704
86500,0.44889001103108506
86501,0.44889902402166737
86502,0.44892319037537975
86503,0.4489436701908025
86504,0.4489643748550225
86505,0.4488876573866832
86506,0.4489186103904726
86507,0.448893251838828
86508,0.4489318765068878
86509,0.4488870005291335
86510,0.44892202215030025
86511,0.4489131994551856
86512,0.448964725521265
86513,0.44895710891050217
86514,0.44891013025947135
86515,0.44890133352252237
86516,0.44889269087255523
86517,0.4489432107374992
86518,0.44894216733621883
86519,0.4489339009774961
86520,0.448965361711191
86521,0.44889025191834075
86522,0.4488901137013678
86523,0.4489092144950031
86524,0.44890294169098444
86525,0.4489218516942671
86526,0.4488845376012061
86527,0.44889894879504433
86528,0.44893062098648123
86529,0.44889969906633426
86530,0.4489493625169722
86531,0.4489115160604028
86532,0.44896177304988144
86533,0.4489135975716619
86534,0.44890508999676854
86535,0.44896357961506617
86536,0.44890714323411063
86537,0.448916595508534
86538,0.4489568876983894
86539,0.4489061038014677
86540,0.44890487870368323
86541,0.44891823624844196
86542,0.4489458342012734
86543,0.44888486925408605
86544,0.44890478297766695
86545,0.44889365937883696
86546,0.4489511694136313
86547,0.44895570823171116
86548,0.4489221008463508
86549,0.44888965491001
86550,0.4489214582081445
86551,0.4488859837467749
86552,0.4489478437930128
86553,0.44891126690774585
86554,0.4489322253540772
86555,0.4488902512554046
86556,0.448952354171695
86557,0.4489234897875681
86558,0.4488950676641188
86559,0.4489090807434205
86560,0.4489646532710659
86561,0.4489219031111334
86562,0.4489289180826376
86563,0.4489353367080849
86564,0.44891543373101456
86565,0.44894427563021444
86566,0.4489414838592034
86567,0.4489088823451593
86568,0.44890636122099986
86569,0.448907854982616
86570,0.4489545727421581
86571,0.44889709626810576
86572,0.4489002547412372
86573,0.4489512752260144
86574,0.4489642427546727
86575,0.4488887728719914
86576,0.4489119060756649
86577,0.44892258559620507
86578,0.4488919371316854
86579,0.4489267616786987
86580,0.4489482963021365
86581,0.44894270862853236
86582,0.4489050928072964
86583,0.4489011222292546
86584,0.4489459462953193
86585,0.4489300894490308
86586,0.44896461789074615
86587,0.4489181282872745
86588,0.4489425429677192
86589,0.44894337325735634
86590,0.44895698557490726
86591,0.44894065009758993
86592,0.44892587467952016
86593,0.44895863276304077
86594,0.4489371381496151
86595,0.4489511373408171
86596,0.4489318824594514
86597,0.4488865847217335
86598,0.4488994328826277
86599,0.4489172383121074
86600,0.44892936431123087
86601,0.44891063848533425
86602,0.4489247281143703
86603,0.44888840468028557
86604,0.4489234066276188
86605,0.448964315334681
86606,0.44892918591928627
86607,0.4489167823315783
86608,0.44890214761044595
86609,0.4488875677775481
86610,0.4489592158836269
86611,0.4489048069502024
86612,0.448932257262909
86613,0.448928341410049
86614,0.44890922656485566
86615,0.44896179073855674
86616,0.44890448885436024
86617,0.44889309973477715
86618,0.4489029630199781
86619,0.4489475718237268
86620,0.44888640186706025
86621,0.44894954686216454
86622,0.4488871451931992
86623,0.44895633384293604
86624,0.4489339332185758
86625,0.4489488592524314
86626,0.4489658039711513
86627,0.4489128853276851
86628,0.4489317574680568
86629,0.44888912171850237
86630,0.44889656919495696
86631,0.448926121518789
86632,0.44895378610057046
86633,0.4488953106991076
86634,0.4488856711064676
86635,0.4489044037099927
86636,0.4489061990317608
86637,0.4489191343227294
86638,0.4489214897862341
86639,0.4489124202530471
86640,0.4489132280581097
86641,0.4489108395281732
86642,0.4489518380109872
86643,0.4489298151670022
86644,0.4489097752966866
86645,0.4489596518593155
86646,0.4489047646256069
86647,0.4489118187808701
86648,0.44889518818917074
86649,0.4489272150151904
86650,0.4489579525927848
86651,0.4489146899096331
86652,0.4489392866185802
86653,0.4488923433470674
86654,0.4489179824658506
86655,0.44889638898432144
86656,0.44895215230457497
86657,0.44889005996973363
86658,0.44890110090162494
86659,0.4489012710267236
86660,0.4489336395908757
86661,0.4489029530996621
86662,0.44889399318140416
86663,0.4489520458321451
86664,0.4489379768706246
86665,0.44895066895828856
86666,0.44895889018090746
86667,0.4488925544753309
86668,0.44889526721791795
86669,0.4488885557930824
86670,0.44890625557480424
86671,0.4489651699278727
86672,0.44889348197880496
86673,0.4489652058062592
86674,0.4488908108999162
86675,0.44892461684704654
86676,0.4489200800130061
86677,0.4489401837017186
86678,0.44894535854386275
86679,0.44889184223209655
86680,0.44891464097149003
86681,0.4489226748750115
86682,0.4489136382429876
86683,0.4488945911816775
86684,0.4489647832207777
86685,0.44892344762836495
86686,0.44893070993419865
86687,0.4489497685698749
86688,0.4489567175733684
86689,0.44888451594154394
86690,0.4489653064918018
86691,0.4488970833723412
86692,0.44891101957203033
86693,0.44891055697834753
86694,0.4489661600932703
86695,0.44895778445080686
86696,0.4489333289350377
86697,0.4489219707329908
86698,0.44893555263048995
86699,0.4489580879975045
86700,0.44891987086907753
86701,0.4489067793430124
86702,0.448928144833326
86703,0.44894801143774093
86704,0.44892901000804925
86705,0.44888989017459446
86706,0.4489437126807635
86707,0.44895275691668174
86708,0.44890016893379425
86709,0.4489021464515122
86710,0.4489532532396888
86711,0.44889324125771807
86712,0.44894996448521074
86713,0.4489610006255852
86714,0.4489615136447485
86715,0.44894730431811813
86716,0.44888955719971885
86717,0.4488908439664125
86718,0.44891420400207266
86719,0.4489249972724284
86720,0.448919456717208
86721,0.4489625251377408
86722,0.4488872437301788
86723,0.4488958915041529
86724,0.44896470683821355
86725,0.448963778010701
86726,0.4489000942053862
86727,0.4489578011491196
86728,0.4489131397712353
86729,0.44895710180256004
86730,0.4488857547643945
86731,0.4489621468616504
86732,0.4488983595585866
86733,0.44894256958601364
86734,0.4489643075658475
86735,0.44895594581162723
86736,0.44896064979467754
86737,0.4488951195774722
86738,0.44891890748978946
86739,0.44891658740770524
86740,0.4489161656497269
86741,0.4489219528755615
86742,0.44895943130754595
86743,0.44892821443784986
86744,0.44892400611460315
86745,0.44890082942997767
86746,0.4489517573300475
86747,0.4489347914486643
86748,0.4489389825762046
86749,0.44892379664255566
86750,0.44894757000545804
86751,0.4489586028378959
86752,0.44890736841509615
86753,0.4489258032584342
86754,0.4488943691428568
86755,0.44893297578820157
86756,0.44890965774506597
86757,0.4489634232132024
86758,0.4489456683731896
86759,0.44896363467083905
86760,0.44889591432095305
86761,0.44893814616939176
86762,0.4489212335236145
86763,0.44895006285769945
86764,0.44889371757509494
86765,0.4489131647357442
86766,0.44891631543878274
86767,0.44896480554051205
86768,0.4489615847377031
86769,0.44892826635164396
86770,0.44895622191342693
86771,0.44895932218937656
86772,0.44894505731342127
86773,0.44893348831386043
86774,0.4489374274771513
86775,0.4489293279377623
86776,0.4489347476364145
86777,0.44894025892668765
86778,0.44895471228106865
86779,0.4489519780465335
86780,0.44891327848347906
86781,0.44893387584813066
86782,0.44896317306655853
86783,0.4489044734794016
86784,0.4489402691761924
86785,0.4489116931297308
86786,0.4489307001813651
86787,0.4489189291476366
86788,0.44894731423924505
86789,0.4488991166063716
86790,0.448889073442031
86791,0.44890120274518996
86792,0.44896391110269596
86793,0.4489158115119328
86794,0.44889116454082856
86795,0.44892638373291105
86796,0.4488860513673095
86797,0.44889359622121716
86798,0.44889436666119387
86799,0.4489306932374536
86800,0.4489352775188736
86801,0.4488901694177337
86802,0.4489625054630782
86803,0.4489017033675337
86804,0.44893809094909687
86805,0.4488958298358414
86806,0.4489218875700936
86807,0.4489580089704633
86808,0.4488998673720279
86809,0.4489469219087702
86810,0.44894199324319733
86811,0.4489013627850907
86812,0.4489035183645346
86813,0.44891128707843764
86814,0.4489580942809902
86815,0.44893879426323596
86816,0.4488987583356252
86817,0.4489059454158287
86818,0.44894687098781816
86819,0.44894979105441873
86820,0.4489299750411491
86821,0.44894229563331506
86822,0.44889846768335145
86823,0.4489376982892114
86824,0.4488983908063294
86825,0.4489184569629398
86826,0.44891325004667443
86827,0.4489405145283247
86828,0.4489225113619423
86829,0.44889040302967753
86830,0.4489420818593652
86831,0.44895191604729645
86832,0.44895978214036497
86833,0.4489371459200624
86834,0.4489350875559107
86835,0.44892950632933987
86836,0.4489425416443339
86837,0.4489297903674658
86838,0.44892407737329176
86839,0.4489308595583261
86840,0.4489259768537265
86841,0.44891198592958936
86842,0.4489456844101796
86843,0.44889491258335334
86844,0.44889978421074034
86845,0.44893568158824115
86846,0.44895188645350137
86847,0.44889482264398495
86848,0.4488979265584678
86849,0.44893049434488647
86850,0.448945305143083
86851,0.44896578082390254
86852,0.44893608201786533
86853,0.44889600921935235
86854,0.44888543319595553
86855,0.44889813355175406
86856,0.4488868006449268
86857,0.4489060074138195
86858,0.44893723404088076
86859,0.4489603882402116
86860,0.44893826239634604
86861,0.4489103020392303
86862,0.44896401393857815
86863,0.4489644047784614
86864,0.4489074624872469
86865,0.4489503673968634
86866,0.44889195382844477
86867,0.44890139717467753
86868,0.44896191407673425
86869,0.44889332706463203
86870,0.44892358898747076
86871,0.448888309615249
86872,0.44894478236812496
86873,0.44889174055312037
86874,0.4488963555876443
86875,0.44892918955614125
86876,0.4489413188602965
86877,0.44894932945185384
86878,0.4489568516579576
86879,0.44892813441748636
86880,0.4489089764182574
86881,0.4489312370076634
86882,0.44889029523496926
86883,0.4489236757843907
86884,0.4489254747459745
86885,0.44894285064700973
86886,0.44896089812111023
86887,0.44896201873090885
86888,0.44894642443105715
86889,0.4489508023809436
86890,0.4489102400402168
86891,0.44894264877756607
86892,0.4489062578911572
86893,0.44888609749408076
86894,0.44889982703133496
86895,0.4489471601512533
86896,0.4489286681045953
86897,0.44894398035079497
86898,0.44896067294025327
86899,0.44892908523177816
86900,0.4489414124372497
86901,0.4489245584853804
86902,0.448911126540925
86903,0.4488957346070835
86904,0.44896447967451375
86905,0.44896302757568646
86906,0.44895779751360015
86907,0.44893560636120505
86908,0.44888838748634047
86909,0.4489572823434377
86910,0.4489220803466232
86911,0.4489417528527488
86912,0.44896217265324684
86913,0.44896361168990473
86914,0.44895948057696894
86915,0.44895656993416055
86916,0.4489095028321237
86917,0.4488982926000469
86918,0.44893484170913783
86919,0.4489272627950179
86920,0.4489448205598405
86921,0.44895514991157026
86922,0.4489434994037569
86923,0.44890285638142674
86924,0.4489208974059299
86925,0.4489272923895267
86926,0.44895002648509436
86927,0.4489156513063264
86928,0.4489632170457273
86929,0.4488890254952768
86930,0.4489461068312034
86931,0.44892984062754
86932,0.44890189597679314
86933,0.44889362713812325
86934,0.4489213690954004
86935,0.4488972131571458
86936,0.4489224149754911
86937,0.4489063293135294
86938,0.44895115089752713
86939,0.44889372203944783
86940,0.44894107863509924
86941,0.4489018491872992
86942,0.448963062957736
86943,0.44893400728586613
86944,0.44896486224961474
86945,0.44889429110609147
86946,0.44890883175573587
86947,0.44894514047461886
86948,0.44889170170075166
86949,0.44890757623587874
86950,0.4489186533764671
86951,0.4489369359496734
86952,0.44889277419822954
86953,0.44894680006142634
86954,0.4489136432028666
86955,0.4489520329346585
86956,0.4488896117580382
86957,0.4489627643712719
86958,0.4489368066615776
86959,0.44892356038367115
86960,0.4489396238923279
86961,0.44891940662246876
86962,0.4489472206622031
86963,0.4489108110913464
86964,0.4489177819196335
86965,0.4489047213081623
86966,0.44895465226512676
86967,0.44889248966543466
86968,0.4489601266874845
86969,0.44892586773695164
86970,0.4489577798224862
86971,0.44888993365718244
86972,0.4489563022648702
86973,0.44894354305175305
86974,0.4489072371430997
86975,0.4489151882157126
86976,0.44895543080797384
86977,0.4489628716708185
86978,0.44889289208014715
86979,0.4489621369414234
86980,0.4488916459848259
86981,0.44890355209106514
86982,0.44896250695012424
86983,0.4489090066746512
86984,0.4489236060158193
86985,0.4489041228135046
86986,0.44889033689785823
86987,0.44893284567402364
86988,0.44889179577347116
86989,0.4489346385182649
86990,0.448902083295222
86991,0.4489397612810635
86992,0.4489407780646873
86993,0.44895912957936707
86994,0.44894387520057627
86995,0.4488902510912513
86996,0.44889288662387555
86997,0.44890714621161143
86998,0.44890973396404577
86999,0.44889921563964486
87000,0.4489255932879688
87001,0.4489099535225135
87002,0.4488937919741466
87003,0.4489031275240985
87004,0.44891084746398335
87005,0.4489019174697007
87006,0.448924057201691
87007,0.4489413487858281
87008,0.44895637352196177
87009,0.4489519512626551
87010,0.44892235099130434
87011,0.44891113695668877
87012,0.44888730820947564
87013,0.44889436203285804
87014,0.4489220679455616
87015,0.44894568540218754
87016,0.4489614084958162
87017,0.44894613857393323
87018,0.4489213489250552
87019,0.44892757477360057
87020,0.4488875932375035
87021,0.44889690398784954
87022,0.4489410839247365
87023,0.4488951871976557
87024,0.4489455865355305
87025,0.44893667555422734
87026,0.4489384508717635
87027,0.4489584732184596
87028,0.4489090804111299
87029,0.44889043427705727
87030,0.44893634505895563
87031,0.44894582527170196
87032,0.44892915698639824
87033,0.4489656224386293
87034,0.44888637276970644
87035,0.44891714060309473
87036,0.44891417308536147
87037,0.4489100294095712
87038,0.4489320253042698
87039,0.4489227907703765
87040,0.4489397022589848
87041,0.44889855911195453
87042,0.44894483147040015
87043,0.44896344735108246
87044,0.4489057199054311
87045,0.448905918136591
87046,0.4489653236864594
87047,0.44892707729334336
87048,0.44890331004729767
87049,0.4489190149545254
87050,0.4488985743214794
87051,0.448926474168666
87052,0.4489500440092158
87053,0.4488952844122778
87054,0.44895355381122615
87055,0.4489306442988622
87056,0.4489137060277357
87057,0.44895896871420987
87058,0.44889962582325416
87059,0.44891454987479656
87060,0.4489512826666073
87061,0.44890715150059884
87062,0.4489201183700221
87063,0.4489555247149099
87064,0.4489008039694178
87065,0.4489341980776588
87066,0.44889994177099285
87067,0.44888862043730476
87068,0.44892047234300675
87069,0.4489108512673551
87070,0.4489319442914333
87071,0.4489285361705756
87072,0.4489063359262802
87073,0.4489425385034543
87074,0.4488913082139366
87075,0.44890667485415997
87076,0.4489606010218333
87077,0.44892618169907444
87078,0.4489180490944275
87079,0.4489613339321976
87080,0.4488875578580662
87081,0.4489159814708817
87082,0.44890460475110655
87083,0.448911212017647
87084,0.4488903289623316
87085,0.44896513173745795
87086,0.44895951099815273
87087,0.4489112085464633
87088,0.44890405651561377
87089,0.4489054471101927
87090,0.4489368188960523
87091,0.4489065017534678
87092,0.4488979212661866
87093,0.4488889544049043
87094,0.4489260029768029
87095,0.44891196410502865
87096,0.44892890667651786
87097,0.4488971149507733
87098,0.4489299239548869
87099,0.448897889854742
87100,0.44890078495675995
87101,0.4488953464095603
87102,0.44889513825943494
87103,0.44895977403756326
87104,0.4488983554239168
87105,0.4489207481141964
87106,0.44893126941409567
87107,0.4489347987218787
87108,0.44896132698785374
87109,0.44889797599188797
87110,0.4489571451192313
87111,0.4489421610527787
87112,0.44894816668181164
87113,0.4489646388864852
87114,0.44891769727074987
87115,0.44894334630770205
87116,0.44891269089943625
87117,0.4489579582147971
87118,0.4489162671626104
87119,0.4489500861693266
87120,0.4489238654193396
87121,0.4489030544476714
87122,0.448901855966796
87123,0.44889900153711204
87124,0.4488896621838375
87125,0.448905767189541
87126,0.4488943919567342
87127,0.44889255712054527
87128,0.4489436088531804
87129,0.44892744085581665
87130,0.4489120500781226
87131,0.4489018291835871
87132,0.4489512186838273
87133,0.44890601568127536
87134,0.44890964121199456
87135,0.44890275139565483
87136,0.4488958030532264
87137,0.448932555518124
87138,0.44893295198151334
87139,0.44895213279550317
87140,0.44889985943651917
87141,0.44890304485855714
87142,0.4489359824896705
87143,0.44893690437061523
87144,0.4489363639066427
87145,0.4489585709287503
87146,0.44892398611051815
87147,0.44893727190159644
87148,0.44892820187234705
87149,0.44889893127168917
87150,0.4489135373910186
87151,0.4489037828941052
87152,0.44894282700550664
87153,0.44896433203437613
87154,0.44895290935308246
87155,0.44893325685093083
87156,0.44892513995091643
87157,0.44888506897327224
87158,0.4488913346671893
87159,0.4489120542110467
87160,0.44892505844299835
87161,0.4489489463811166
87162,0.4489404273987681
87163,0.44894166473199076
87164,0.44892811060861343
87165,0.44888860274691333
87166,0.4489072568160613
87167,0.4489633840295029
87168,0.44893396859932677
87169,0.44891855004568065
87170,0.44890124854336594
87171,0.4489222509673583
87172,0.448933486493969
87173,0.4489457559995769
87174,0.4489096321197597
87175,0.4488998848974233
87176,0.44893503646837035
87177,0.4489199849480492
87178,0.44892282284619517
87179,0.4489472362031775
87180,0.44890966584757486
87181,0.4489124797707738
87182,0.4489105227550071
87183,0.44888729448665143
87184,0.44895908461079936
87185,0.44891483721915304
87186,0.44892768488367635
87187,0.44889029275501235
87188,0.4489467453371223
87189,0.44892348069527316
87190,0.44892969877439876
87191,0.4489513456571908
87192,0.44896374411957346
87193,0.4489428289894197
87194,0.44889393217372175
87195,0.4489458760291584
87196,0.4488984890110037
87197,0.44895638707934504
87198,0.44890140874859574
87199,0.4489564842936823
87200,0.4489118478776928
87201,0.4489533236704726
87202,0.44894482105575767
87203,0.44890504915929835
87204,0.4489559904499568
87205,0.4489480607062837
87206,0.4489261874864058
87207,0.4489259836335822
87208,0.4489529541569405
87209,0.4489418254319028
87210,0.4489330371257414
87211,0.44889183098796354
87212,0.44890386622065837
87213,0.44888970368176107
87214,0.4489082106075656
87215,0.44890104849352985
87216,0.44889383115756304
87217,0.4489629842607873
87218,0.44890843793857366
87219,0.4488889385327697
87220,0.4489155980685785
87221,0.44889950976288956
87222,0.4489252540289086
87223,0.44891790905950046
87224,0.44892214796557245
87225,0.4489615979641926
87226,0.4489052827720104
87227,0.44895177551674853
87228,0.4489247904422612
87229,0.4489288590606226
87230,0.4489504786629797
87231,0.4489310118289037
87232,0.44889677800768624
87233,0.44892814003752024
87234,0.4488951319768897
87235,0.44893406002697583
87236,0.4489018849003695
87237,0.44893626702301215
87238,0.448924857402857
87239,0.44890639296574475
87240,0.448951465852006
87241,0.4489418108844426
87242,0.44896364690498286
87243,0.4489453529234981
87244,0.4488963173970088
87245,0.44896542867001693
87246,0.4489220824955849
87247,0.4488977377510016
87248,0.4489499135634488
87249,0.448902169763974
87250,0.44895809576974205
87251,0.4489390080367535
87252,0.4489447190465361
87253,0.4489069585599317
87254,0.4489267091040394
87255,0.44894477625085555
87256,0.4488897466684291
87257,0.4489165235901832
87258,0.4488916383779868
87259,0.4489125278828019
87260,0.44889077750388173
87261,0.448957699802465
87262,0.4489132677369805
87263,0.44890322457269244
87264,0.448885061201467
87265,0.448909109343896
87266,0.44893408962086245
87267,0.4488892237274627
87268,0.4489313930796772
87269,0.4489039895555471
87270,0.4489652613569513
87271,0.44891740546292336
87272,0.4488921965349028
87273,0.4489661905144622
87274,0.44895927110232847
87275,0.44895249916780855
87276,0.4489559299399394
87277,0.4489412459485899
87278,0.4489422853812501
87279,0.4489162689804801
87280,0.44891913283555357
87281,0.448890219842528
87282,0.4489537832895454
87283,0.44893889693436095
87284,0.44894524612077313
87285,0.44890591846599553
87286,0.44888520718831765
87287,0.4489217695253328
87288,0.4489557740323483
87289,0.44890408313381047
87290,0.4489214803611768
87291,0.44889528160134995
87292,0.4488895115684669
87293,0.44888965441242185
87294,0.44890514935034764
87295,0.44893436324235536
87296,0.4488910752633512
87297,0.44891862229501983
87298,0.44889230085713855
87299,0.44895727870654895
87300,0.44888661927707363
87301,0.4489238235910015
87302,0.44892661982556575
87303,0.4489578008197564
87304,0.4489052382980717
87305,0.4489639610324957
87306,0.44888626315526925
87307,0.44889472840562117
87308,0.44891837463000717
87309,0.4489248319412369
87310,0.4489314936005415
87311,0.44891253912566126
87312,0.44896137708340367
87313,0.44890370320440715
87314,0.4489349739738582
87315,0.4489280580345193
87316,0.44893823296710084
87317,0.4488981616583332
87318,0.4489321570726165
87319,0.44889411370731147
87320,0.4488944370933221
87321,0.4488943430189491
87322,0.4489142785661684
87323,0.4489079566598781
87324,0.4489547210439093
87325,0.4489560253359358
87326,0.44893028437450194
87327,0.4489213719043681
87328,0.4489422331376781
87329,0.4489072042426609
87330,0.44892644936905224
87331,0.44891843299168427
87332,0.44891443083552934
87333,0.4489426431580047
87334,0.44894539210726125
87335,0.4489027054354034
87336,0.44889731549629847
87337,0.44891034287540665
87338,0.44896511107022186
87339,0.4488967960269925
87340,0.4488899819336538
87341,0.44894759116739097
87342,0.4489563621141347
87343,0.4489240853095436
87344,0.448913012301759
87345,0.44896430491987094
87346,0.44893570820604517
87347,0.44894760240893267
87348,0.448932957438193
87349,0.4489282402290268
87350,0.44889626300163776
87351,0.44896355431954516
87352,0.4489473497856333
87353,0.4489254319257747
87354,0.4488991387610003
87355,0.4489125293698601
87356,0.4489053027761982
87357,0.448886047067081
87358,0.4489326115665386
87359,0.448896412131405
87360,0.44892085375998425
87361,0.4489093831328816
87362,0.44896083661808805
87363,0.448893361948924
87364,0.44892137405454435
87365,0.4489107755443199
87366,0.4488906850825264
87367,0.4489556566485749
87368,0.44889232466468093
87369,0.4489190015615365
87370,0.4488872164502914
87371,0.4489402919931474
87372,0.44892372472388203
87373,0.448907091983305
87374,0.4489214816854595
87375,0.44896193011218405
87376,0.44890239444813823
87377,0.448958673929572
87378,0.4489227590278954
87379,0.4489314934365941
87380,0.4489296174318465
87381,0.44890461582893665
87382,0.44888579245901905
87383,0.44895328878485447
87384,0.4489499725880778
87385,0.44889815537580385
87386,0.4489609685501564
87387,0.44895707237343624
87388,0.4489511859480081
87389,0.44896331227572395
87390,0.4489468000601101
87391,0.44893079276639214
87392,0.44889594126948096
87393,0.44893597537876906
87394,0.4489556740074229
87395,0.44891178158154116
87396,0.4489096384014318
87397,0.44888646866092535
87398,0.44889759027461984
87399,0.4489225217777167
87400,0.4489223733118565
87401,0.44896102691275014
87402,0.44888956100199673
87403,0.4488908848016729
87404,0.44891887756462223
87405,0.4488882762192814
87406,0.44893894818589675
87407,0.4489285654340995
87408,0.44892707101242224
87409,0.44894150865876004
87410,0.4489534098067532
87411,0.44890786688718537
87412,0.4489200254539349
87413,0.4488936251549762
87414,0.44892996859332596
87415,0.4488918736448845
87416,0.4488850945994497
87417,0.44894163166453566
87418,0.4489314030007785
87419,0.4489286112302126
87420,0.44890248653789455
87421,0.44896067839680337
87422,0.4489477479013349
87423,0.4488958230585262
87424,0.44890233277982305
87425,0.4489014322239371
87426,0.44893125998997097
87427,0.4489407686411614
87428,0.44895368028832044
87429,0.44888741534353016
87430,0.4488948137156841
87431,0.4489545110742423
87432,0.4489512337272132
87433,0.4489056587331484
87434,0.4489318300497596
87435,0.44895632607241664
87436,0.44889303013071724
87437,0.44895838807352806
87438,0.4489089800571243
87439,0.4489061889482894
87440,0.4489396972994845
87441,0.44891682101969343
87442,0.44888701342528486
87443,0.4489645129059589
87444,0.44892943358400567
87445,0.44894409078984754
87446,0.44892756072052403
87447,0.4489099966742282
87448,0.4489224329952582
87449,0.44889355720461094
87450,0.44890829476202243
87451,0.4488924633785687
87452,0.44891876712375123
87453,0.448934683818102
87454,0.4489026903904076
87455,0.44892272910374365
87456,0.4489284850833978
87457,0.44891013687399667
87458,0.44895919951417324
87459,0.4489525224794289
87460,0.4489340967303956
87461,0.44895656464387523
87462,0.44894126413498187
87463,0.4488999733479341
87464,0.44888499721857344
87465,0.44896030243545304
87466,0.4489519715979357
87467,0.44891803355291937
87468,0.44892467702658106
87469,0.448884985314812
87470,0.4489660580847945
87471,0.4489438227905329
87472,0.448900437100701
87473,0.44893636423772165
87474,0.4489037122979739
87475,0.4488880536844786
87476,0.4488966637626428
87477,0.44889500863940435
87478,0.44896442726434405
87479,0.448919911541279
87480,0.44889333185917796
87481,0.44892737340179883
87482,0.4489126045952206
87483,0.44890030929940966
87484,0.4489646127659337
87485,0.44893104605269757
87486,0.4488936036628463
87487,0.44893569580626347
87488,0.44889485570969884
87489,0.44895865111470146
87490,0.44895024852465
87491,0.44890036319876186
87492,0.44889547140098685
87493,0.44891018085197604
87494,0.4489058463831953
87495,0.44894746452423184
87496,0.4489530955151628
87497,0.44891027112239723
87498,0.44895456679054335
87499,0.4489492443074055
87500,0.4489187064475333
87501,0.4488900966722524
87502,0.44896051422375066
87503,0.4489026664170503
87504,0.4488853880611178
87505,0.448887037396475
87506,0.4489239704044524
87507,0.44893992479453676
87508,0.4489136461788384
87509,0.4489011668685002
87510,0.4488880480615936
87511,0.44895918694911063
87512,0.44892947160991065
87513,0.4489587696566556
87514,0.44890753341395057
87515,0.44892671406394097
87516,0.4489416782894526
87517,0.44892257997499196
87518,0.44889005814940036
87519,0.44893684848889837
87520,0.4488995848213229
87521,0.44895546453542795
87522,0.44888777063797247
87523,0.4489127676127961
87524,0.4489156742876483
87525,0.4489495825731138
87526,0.448905081895164
87527,0.44893572275513705
87528,0.4489070222138863
87529,0.44889106154124436
87530,0.4489541890100574
87531,0.44888992357166174
87532,0.4488881841302343
87533,0.4489568301646222
87534,0.4489627065052667
87535,0.4489003033483567
87536,0.4489338867591112
87537,0.44889523861574576
87538,0.4489483404457454
87539,0.4489329065147978
87540,0.44894167068385554
87541,0.4489013498905643
87542,0.4489487602181409
87543,0.4489103590781829
87544,0.44895481164503165
87545,0.4488935572032722
87546,0.44894593835908175
87547,0.4488953459144642
87548,0.44889034499898606
87549,0.44896033351715586
87550,0.4489313575336026
87551,0.4489344123454905
87552,0.44889232317797045
87553,0.4489453147321933
87554,0.4489279373433181
87555,0.44894692174425876
87556,0.44889085140580326
87557,0.44889273732952817
87558,0.44895124001144465
87559,0.4489010150963773
87560,0.4489314846737133
87561,0.44894925571517863
87562,0.4488900769979273
87563,0.4489131439044969
87564,0.4489531793361107
87565,0.44893421560303803
87566,0.4489295160846605
87567,0.44892875341520105
87568,0.44889795086121415
87569,0.4489044761243075
87570,0.4489391110375669
87571,0.44892655369261075
87572,0.44891624947150927
87573,0.44895724514452373
87574,0.448936046471784
87575,0.4489299955429772
87576,0.448903214322612
87577,0.4489041972114785
87578,0.4489436558054272
87579,0.44893670118080725
87580,0.44892268528949997
87581,0.44895548553203374
87582,0.44893162735385056
87583,0.44893864315203585
87584,0.4489246087441795
87585,0.4489620934603428
87586,0.44890953044191195
87587,0.44895859672104405
87588,0.4489045792892062
87589,0.44892220765107943
87590,0.44893055650887476
87591,0.4489280651436881
87592,0.4489131085234563
87593,0.4488864632038306
87594,0.44895228060054676
87595,0.4489550376517742
87596,0.44893240176170135
87597,0.4489020816418855
87598,0.44895661258845976
87599,0.44894485808987816
87600,0.44891497245816014
87601,0.44890313033438123
87602,0.4489311874098679
87603,0.44890342627587543
87604,0.44891921930259865
87605,0.4488878354475262
87606,0.44889379147817565
87607,0.4489057208977777
87608,0.4488994302386142
87609,0.44894668036220625
87610,0.4489546023362872
87611,0.4489354602107737
87612,0.44891141702814474
87613,0.4489462905133709
87614,0.4489060332053844
87615,0.44890501526699894
87616,0.44890810496260986
87617,0.4489414043351938
87618,0.44888477832109785
87619,0.4488935304197774
87620,0.44892790592954485
87621,0.44894717899762737
87622,0.44888533498874067
87623,0.44893064744019806
87624,0.44893760057856863
87625,0.4489023704752334
87626,0.44891940943347475
87627,0.44890954548691103
87628,0.448893891999097
87629,0.44894297861185195
87630,0.4489336845615918
87631,0.4489019510318244
87632,0.4488964433780962
87633,0.44894341657230025
87634,0.4488971362788112
87635,0.4489612327495425
87636,0.44890800444168855
87637,0.4489433502756919
87638,0.4489025439059035
87639,0.4489325093909487
87640,0.4489450844276692
87641,0.4488853675588144
87642,0.4489086050877112
87643,0.4489468280026518
87644,0.44894361993037846
87645,0.4488872554686293
87646,0.44896425300678194
87647,0.44891325583280856
87648,0.44892203719546153
87649,0.44891033097159266
87650,0.4488982271292361
87651,0.4489383754819597
87652,0.44892009290917223
87653,0.4488899396087449
87654,0.44893819179899325
87655,0.4489423491988078
87656,0.4489068097642417
87657,0.44892001222826416
87658,0.44889211734199885
87659,0.4489310310069241
87660,0.44892537670580546
87661,0.44890029574390933
87662,0.44895855819738467
87663,0.44895599921373414
87664,0.44894122330005576
87665,0.4489042330872813
87666,0.4489230361208432
87667,0.44891105230883355
87668,0.448910512172937
87669,0.4489163197369642
87670,0.44895234590688604
87671,0.4489260603469284
87672,0.44893225676695203
87673,0.44891839926390287
87674,0.4488885050363076
87675,0.4489047692551737
87676,0.44892335239882464
87677,0.4489606815364776
87678,0.4489327015062203
87679,0.44891817243091614
87680,0.44888462853164607
87681,0.4489550021057608
87682,0.4489211505268671
87683,0.4489509761422883
87684,0.4489118663959785
87685,0.4489131779629269
87686,0.44890818481694617
87687,0.4489456288605204
87688,0.44890772652153554
87689,0.44891901230798464
87690,0.4489253118962548
87691,0.4489264902056879
87692,0.44889172649907133
87693,0.4489227147193062
87694,0.44891436867131035
87695,0.4489051888643478
87696,0.448925793668892
87697,0.44892237050029893
87698,0.44890476941921786
87699,0.4489329691766673
87700,0.4489353950697288
87701,0.4489485318976651
87702,0.4489353800250719
87703,0.4489448527989247
87704,0.4489338707232207
87705,0.448908103309359
87706,0.4488995006693832
87707,0.44888699093985707
87708,0.44888749751115276
87709,0.44890085059218826
87710,0.44889880776811325
87711,0.4489007692500158
87712,0.4489428228714685
87713,0.44892249747505447
87714,0.4489596120137417
87715,0.4488860025944477
87716,0.44893319237206314
87717,0.4489195030087902
87718,0.44893823726610144
87719,0.4489082127581602
87720,0.44896058994342863
87721,0.4489173616486531
87722,0.4489123228730281
87723,0.44892066594421226
87724,0.4488935993625164
87725,0.448943817169673
87726,0.4488951030443406
87727,0.448945345317454
87728,0.44893050128847506
87729,0.4489411328642552
87730,0.4489375899960441
87731,0.44892098701595945
87732,0.44889018049486185
87733,0.4489577586592572
87734,0.44896505816453863
87735,0.4489638375309096
87736,0.44894141706723617
87737,0.44889622861290934
87738,0.44892397668578077
87739,0.4489602460560548
87740,0.44893516856705973
87741,0.448917974034296
87742,0.44894875013431323
87743,0.4488926581378903
87744,0.4489429045455311
87745,0.44891907513452517
87746,0.44895150338244394
87747,0.4489355193990555
87748,0.4489577834604217
87749,0.4488908274333014
87750,0.4489356228955499
87751,0.44892690766548493
87752,0.44893458908378703
87753,0.4489450545020573
87754,0.44888678179560026
87755,0.4489641278516993
87756,0.44891367907961194
87757,0.4489178750013854
87758,0.4489606874883377
87759,0.448928528894749
87760,0.4488879146399185
87761,0.4488996167301388
87762,0.4489292675929102
87763,0.4489598935723933
87764,0.4488854720476098
87765,0.44892506489218864
87766,0.44890361359526926
87767,0.4489252373322284
87768,0.44888658422732597
87769,0.4488958090055255
87770,0.44896232541856246
87771,0.44893258742781095
87772,0.44894632490043446
87773,0.448890813545181
87774,0.44888763523277936
87775,0.4489576540063704
87776,0.44890362483816026
87777,0.4489525148729491
87778,0.4488964737996914
87779,0.44894969135936397
87780,0.4489473436676759
87781,0.448905544819175
87782,0.4489465322260468
87783,0.4489290830838033
87784,0.4489447838560454
87785,0.44889136607871516
87786,0.4489608485202449
87787,0.4488996550884549
87788,0.44893347095463393
87789,0.44889546842434164
87790,0.4489305212930824
87791,0.44894435383236725
87792,0.44889019768913324
87793,0.44892956832824277
87794,0.4489164645655861
87795,0.4489325034403589
87796,0.4489373568801331
87797,0.44894407640783807
87798,0.4488863769029587
87799,0.4489448308090532
87800,0.448895350212218
87801,0.4489092513645151
87802,0.4489611244567601
87803,0.44889846090484886
87804,0.44893246326370534
87805,0.4489236802495223
87806,0.44893639961837417
87807,0.4489239785057547
87808,0.4489539806937362
87809,0.4489278568280148
87810,0.44896576991379494
87811,0.4489333008287576
87812,0.44889464524303496
87813,0.44895736070973946
87814,0.44894710674940475
87815,0.4489520175598105
87816,0.4489284407752296
87817,0.4489291424373175
87818,0.44893483509625925
87819,0.44889238567332745
87820,0.4489634819054801
87821,0.4489059199552512
87822,0.44892397519787147
87823,0.4489344500416342
87824,0.4489192398027333
87825,0.4489229403957268
87826,0.4489290195955545
87827,0.44888463167389736
87828,0.44893983402811755
87829,0.4489037623927288
87830,0.448908560778797
87831,0.4489144926703673
87832,0.44890406808743927
87833,0.4488891916536462
87834,0.44888548577097775
87835,0.4489042605338243
87836,0.44893647897703287
87837,0.4489579800367566
87838,0.44891264940148035
87839,0.44891287921007933
87840,0.44889831706815714
87841,0.4489553165646638
87842,0.4489354006910294
87843,0.4489091766347455
87844,0.4489359895981264
87845,0.4489052374697578
87846,0.44896543115164694
87847,0.4489293471164808
87848,0.448960430896391
87849,0.4488902699385659
87850,0.4489210516592993
87851,0.4489005612647088
87852,0.4489619600378817
87853,0.4489340963990328
87854,0.4488883235038463
87855,0.4489061393487481
87856,0.44892501049806516
87857,0.4489448101435685
87858,0.4488904255149513
87859,0.4488965202571195
87860,0.4489329210651648
87861,0.44891351655969075
87862,0.44895703847973645
87863,0.4489421721298297
87864,0.4489490159843523
87865,0.44893001554786643
87866,0.44892728660326936
87867,0.4489146985055515
87868,0.44895118082273994
87869,0.4489143147744773
87870,0.44892800860147636
87871,0.44894860530437203
87872,0.44889069252239727
87873,0.4488921031227365
87874,0.4489035504386558
87875,0.448896021951513
87876,0.4488854450987444
87877,0.4489118220875045
87878,0.4489138224207601
87879,0.448940282403992
87880,0.44889434467321393
87881,0.44890250290522266
87882,0.44892555063177303
87883,0.44891486515952117
87884,0.44893749245205505
87885,0.4489533325974748
87886,0.44894470549016
87887,0.4489661924980524
87888,0.44891587913163905
87889,0.44894935292784194
87890,0.44895483413029735
87891,0.44892037628431136
87892,0.4489405003082807
87893,0.4489162850176236
87894,0.4489070572638544
87895,0.44894739855774446
87896,0.4489035077834741
87897,0.44889486430687053
87898,0.44889925598071845
87899,0.4489141142276633
87900,0.44895214122744675
87901,0.44889414925333354
87902,0.44888739517164883
87903,0.4489399603402392
87904,0.44895352223142354
87905,0.44892730710349277
87906,0.4489628017359679
87907,0.4488930537737176
87908,0.44893550947845035
87909,0.44890331467822336
87910,0.448962324095963
87911,0.4489558874507767
87912,0.4489473593730974
87913,0.44889904766259614
87914,0.44890929335835117
87915,0.44893506870646727
87916,0.44888648701141715
87917,0.44895686918297434
87918,0.4489260122344455
87919,0.4489241949220436
87920,0.4489030964416045
87921,0.44895561531599115
87922,0.4489348888278885
87923,0.44895770939164426
87924,0.448949007552545
87925,0.44894485759254793
87926,0.44895336549985077
87927,0.4488951352835241
87928,0.4489214401867692
87929,0.44894194480046196
87930,0.4488921555328718
87931,0.44895913933397347
87932,0.4489623470755889
87933,0.44890664922829304
87934,0.4489444667522294
87935,0.44894569366963544
87936,0.4489188626838715
87937,0.44892178556112183
87938,0.4489348408828731
87939,0.44888560530405947
87940,0.44890373544423867
87941,0.4489650970187941
87942,0.44889257580172315
87943,0.4489295744458692
87944,0.4489480600445709
87945,0.4489234949128521
87946,0.4489378851109964
87947,0.4489127203282838
87948,0.4489200891052883
87949,0.4489482313260226
87950,0.4488932045533829
87951,0.4489306821599487
87952,0.44894895481340225
87953,0.4489505859636621
87954,0.4489504241052244
87955,0.44893666249217207
87956,0.44889830251816876
87957,0.4489070949585359
87958,0.44893905945317625
87959,0.4489090584234532
87960,0.4489287342352156
87961,0.44891307413538395
87962,0.4488895596789872
87963,0.44893551311572355
87964,0.44889663235120514
87965,0.4489455774427099
87966,0.44890955243053376
87967,0.44895029134524966
87968,0.44891113976860725
87969,0.4488986617821924
87970,0.44889078163708146
87971,0.44893408267659207
87972,0.4489284621021053
87973,0.44893851369867
87974,0.44891693757769013
87975,0.4489381623701155
87976,0.4488849522496045
87977,0.4489125826063093
87978,0.448948877934338
87979,0.4489510495499452
87980,0.4489180755472239
87981,0.4489518474355524
87982,0.4489505191698635
87983,0.44890831741196446
87984,0.4488888485917594
87985,0.44895977221896005
87986,0.44891142430272646
87987,0.4488993224435393
87988,0.4488872377779163
87989,0.4489307869791483
87990,0.4489017156015716
87991,0.44889684959499054
87992,0.4489326950583574
87993,0.44889483702806626
87994,0.44894852197860574
87995,0.44889430730758983
87996,0.4488848548703518
87997,0.4489587385728432
87998,0.4489512709277691
87999,0.44890023324742195
88000,0.4489267241482907
88001,0.4489553130909957
88002,0.44893539721815373
88003,0.4489323242217143
88004,0.44892604596315555
88005,0.4489257399360605
88006,0.4489267312579712
88007,0.4489443859047506
88008,0.4488997073328291
88009,0.4489642093587416
88010,0.44890847728684846
88011,0.4489533005245613
88012,0.4489596662437951
88013,0.44890168600618496
88014,0.44889735335694037
88015,0.44889275154891267
88016,0.4489568915022763
88017,0.4489648853942051
88018,0.44892972026734657
88019,0.44893169762007856
88020,0.4488977961119433
88021,0.4489542057076233
88022,0.448904511009463
88023,0.44896139229303167
88024,0.4489423434135005
88025,0.4489547752726321
88026,0.4489439656356503
88027,0.44888722885048965
88028,0.44890582406319973
88029,0.4489122993952152
88030,0.4489411389810545
88031,0.4489306993539063
88032,0.44890756317468355
88033,0.448951064099457
88034,0.44896294408380283
88035,0.44889987150592153
88036,0.44896487845200006
88037,0.44891156582564984
88038,0.4489041940709135
88039,0.4488917575828996
88040,0.44892521501255106
88041,0.4489242701473476
88042,0.4489276878595928
88043,0.4489414914644047
88044,0.4489615179433282
88045,0.4489444946930899
88046,0.44889876478307067
88047,0.4489045969796023
88048,0.44893463273106665
88049,0.4489315718035645
88050,0.448937965462474
88051,0.4489043509679263
88052,0.44889167127964413
88053,0.4489009739278944
88054,0.4489660455179971
88055,0.44896239535328336
88056,0.44889349520563493
88057,0.4489124556324943
88058,0.44895987852731506
88059,0.44896412735561797
88060,0.4489550508785135
88061,0.4489112986515572
88062,0.4489385337023367
88063,0.44892169628396966
88064,0.4489121725866773
88065,0.44896149529467216
88066,0.44891913961366237
88067,0.448960259449056
88068,0.44894366440259853
88069,0.4489380729280239
88070,0.4489318472424583
88071,0.4489603436023264
88072,0.4489213662847095
88073,0.4489610150092706
88074,0.4489448569324681
88075,0.4489487975828702
88076,0.44890738064990526
88077,0.4489409032198795
88078,0.4489148849991767
88079,0.4489591160232621
88080,0.44890132112182185
88081,0.4488977870195444
88082,0.4489363027339805
88083,0.44889916405657043
88084,0.4489249268408006
88085,0.4489574711508344
88086,0.44889988952533294
88087,0.44895985108287706
88088,0.44895826754764123
88089,0.4488998951478466
88090,0.44893515996991223
88091,0.44891708637435174
88092,0.44895430953514237
88093,0.44892318144758114
88094,0.44895027167007384
88095,0.44889133069799564
88096,0.44891654938139974
88097,0.44890019142001203
88098,0.4489198902144603
88099,0.44894343095598516
88100,0.448926814253436
88101,0.44890800642527545
88102,0.44891401817239096
88103,0.44889475485876146
88104,0.4488946687209583
88105,0.4489629080430801
88106,0.44890631228402406
88107,0.4489141167093344
88108,0.44894010401203266
88109,0.4489267203457172
88110,0.4489185464075835
88111,0.448965654513135
88112,0.4489561354456794
88113,0.4489437498797217
88114,0.4489527417076745
88115,0.44895144749948185
88116,0.44889364036576884
88117,0.44893725354994024
88118,0.44893901349138066
88119,0.448908370318012
88120,0.4489276195771896
88121,0.44892651203012784
88122,0.4489047269310076
88123,0.4489113614770888
88124,0.4488858848791345
88125,0.4489051718336494
88126,0.4489629592958874
88127,0.4489424872506527
88128,0.4489346977059134
88129,0.44888952495991613
88130,0.44891482316643905
88131,0.4489473451559524
88132,0.44889113544391684
88133,0.44892609440535525
88134,0.4488966024264038
88135,0.44891757327328646
88136,0.44895504277574455
88137,0.448940780379306
88138,0.4489550130174941
88139,0.44894421462374234
88140,0.44893938515551834
88141,0.44892322674770957
88142,0.44895416735264265
88143,0.44893429876382057
88144,0.4489215210333429
88145,0.44895152454516124
88146,0.44889674031191285
88147,0.4489408587455539
88148,0.44895892572699186
88149,0.4488978667083758
88150,0.44890037427598056
88151,0.44892555707970216
88152,0.44896229218680506
88153,0.44889840816572985
88154,0.4489489933356901
88155,0.44892997702517173
88156,0.44894647287118145
88157,0.4489118692069398
88158,0.448954563153701
88159,0.44893801390338045
88160,0.4489210812547133
88161,0.44894216369797607
88162,0.4489258978258224
88163,0.44889088860561227
88164,0.4489505909240131
88165,0.448891646149781
88166,0.44896113834457346
88167,0.4489529339856643
88168,0.4489502338097765
88169,0.44895124910288225
88170,0.44892241414921413
88171,0.44892261403211486
88172,0.4489283695178888
88173,0.4489622591196958
88174,0.44890645198742224
88175,0.44889688960506396
88176,0.44891870859589167
88177,0.44895053074300567
88178,0.44891877720800183
88179,0.4489439224847896
88180,0.44895314974323275
88181,0.4489309981052096
88182,0.4489380243201536
88183,0.44895904278224485
88184,0.44888531829161615
88185,0.4488911389146717
88186,0.44896457936743
88187,0.4489558707506669
88188,0.44888568763855363
88189,0.4488863200288393
88190,0.44892474993640746
88191,0.44889218165511696
88192,0.44895942601779437
88193,0.4488974122153535
88194,0.4489234248144099
88195,0.4489607999147788
88196,0.44894418998819197
88197,0.4489558170195024
88198,0.448951059305249
88199,0.4489366391818919
88200,0.4489623981626675
88201,0.44893731935177034
88202,0.44893399554645425
88203,0.44894627315330854
88204,0.44895777800454023
88205,0.4489402871989508
88206,0.448888576624382
88207,0.4488898635562681
88208,0.44895445188634386
88209,0.4488980254243986
88210,0.44890588358261424
88211,0.44891148993855606
88212,0.4489057418939277
88213,0.4489225371543496
88214,0.44894510922546793
88215,0.448944332504701
88216,0.44895015940983907
88217,0.4489148773930999
88218,0.4489497237640653
88219,0.4489453711106443
88220,0.4489484593176383
88221,0.4489215947698344
88222,0.44891440868249227
88223,0.4489180927412816
88224,0.44894004548414124
88225,0.44890429277286714
88226,0.44891390045706175
88227,0.4489321512865052
88228,0.4489402020520041
88229,0.44890314934767533
88230,0.4489535523225423
88231,0.44894220155865205
88232,0.44889721679399264
88233,0.4489312009669088
88234,0.4489107945582652
88235,0.44889927863090273
88236,0.4488970369144688
88237,0.44890033046331596
88238,0.4489196820626287
88239,0.448960455529678
88240,0.4489206943813656
88241,0.4489196491609192
88242,0.4489143220480549
88243,0.4489498181687016
88244,0.44891013604779595
88245,0.44892014763393373
88246,0.44888873170397076
88247,0.44888867483033795
88248,0.448894012854048
88249,0.4489423153077492
88250,0.44895120215078105
88251,0.44890155622342104
88252,0.44893971052593384
88253,0.44892838985275796
88254,0.44895583503928077
88255,0.44894855091071467
88256,0.44893629512914646
88257,0.44889721811699435
88258,0.44888602838598846
88259,0.44895475642500365
88260,0.4489201770610945
88261,0.44892093840914093
88262,0.44895125637745464
88263,0.4489202005379872
88264,0.4489020933820099
88265,0.4488870721168324
88266,0.4489630262531647
88267,0.44888915676935875
88268,0.44892366388148036
88269,0.44894937838964866
88270,0.44888809997708534
88271,0.448965545393368
88272,0.44895192315691657
88273,0.44892225460364454
88274,0.4489634862037334
88275,0.4489240697677549
88276,0.4489012675560053
88277,0.4489373583680958
88278,0.4489334474769146
88279,0.44893686022742607
88280,0.4489435250306657
88281,0.4489084592662034
88282,0.44892004231679933
88283,0.44889198177099565
88284,0.44894752139866584
88285,0.4489088018292605
88286,0.4489649793034809
88287,0.44889641791790635
88288,0.44890033740688695
88289,0.44894234622370316
88290,0.44895032540254726
88291,0.4489056140942705
88292,0.4489156899932522
88293,0.4488930683219778
88294,0.4489140618191815
88295,0.4489644168492263
88296,0.4488969734275711
88297,0.4489211986380806
88298,0.44893800530717554
88299,0.44891851797121934
88300,0.44889297854794724
88301,0.44891024946277924
88302,0.4489625858127106
88303,0.4489117063548043
88304,0.44895194266549165
88305,0.44889925763355865
88306,0.4489425656180049
88307,0.4488977643692313
88308,0.4489530517022401
88309,0.4488962879681741
88310,0.4489624575179697
88311,0.44895170773094834
88312,0.4489266211478182
88313,0.4489256509874415
88314,0.44891287623415616
88315,0.4488896238262625
88316,0.4489503379684004
88317,0.4488976182154135
88318,0.4488983625341435
88319,0.4488919298572069
88320,0.44893028801183693
88321,0.4489416571254383
88322,0.44890838106449404
88323,0.4489378189800008
88324,0.44895944370897267
88325,0.4489018670446384
88326,0.448924927502533
88327,0.4489377207741255
88328,0.4488969959115745
88329,0.4489323386055409
88330,0.4488905004100735
88331,0.4489091037243991
88332,0.4489467908033749
88333,0.4488925548059836
88334,0.44892113796268335
88335,0.4488847239289925
88336,0.4489473863229116
88337,0.4489464236044177
88338,0.448950848508874
88339,0.44892896206146593
88340,0.4488992644108327
88341,0.4489600688234964
88342,0.448959056668633
88343,0.448893934984352
88344,0.4489497181444386
88345,0.4489103003854694
88346,0.4489208368958439
88347,0.4489468075009739
88348,0.44895877990710004
88349,0.4489329708282701
88350,0.4488901265961266
88351,0.44891555508264586
88352,0.4489042633436362
88353,0.4489538203222683
88354,0.44889790853570805
88355,0.44893311979106953
88356,0.44891519102633043
88357,0.44894874385132044
88358,0.4489193732256792
88359,0.4488856587074606
88360,0.4489089855113794
88361,0.4489469736571259
88362,0.4489588857170076
88363,0.44891879721433114
88364,0.44895573600728234
88365,0.4488914697417704
88366,0.44889644354346275
88367,0.44891944514403587
88368,0.4488849319139528
88369,0.44889966715752216
88370,0.44895541725094074
88371,0.44894299498088236
88372,0.4489251741756606
88373,0.4488887128554269
88374,0.44890087125756795
88375,0.4489380071257413
88376,0.448946048469585
88377,0.4489481356008947
88378,0.4488956321014869
88379,0.4488875132185069
88380,0.4489369820776957
88381,0.4488941433011013
88382,0.44892971117456903
88383,0.44891867801104235
88384,0.44890942843167764
88385,0.44894654727121563
88386,0.44893784229126166
88387,0.4489392955450975
88388,0.4488898293333254
88389,0.44888831143473484
88390,0.44894024520503834
88391,0.4488936605348639
88392,0.4489639340835417
88393,0.4489312251051768
88394,0.44890881191570503
88395,0.4489016375655932
88396,0.448955170906842
88397,0.448913790014594
88398,0.44892336182272585
88399,0.4489364981536479
88400,0.44888654686103324
88401,0.4489239055953512
88402,0.44893489015131355
88403,0.44893376673041674
88404,0.4489499773822607
88405,0.44890641363076633
88406,0.4489152857610388
88407,0.4489453681343031
88408,0.44895539939516077
88409,0.44895175551144234
88410,0.44890766700265344
88411,0.44892344217368113
88412,0.44894571417102636
88413,0.4488950245127666
88414,0.4489530156606028
88415,0.44891211273801
88416,0.44896494127670006
88417,0.4488948142123976
88418,0.4489409850584236
88419,0.448925486814235
88420,0.448961489838013
88421,0.44893952915873286
88422,0.44892204777687683
88423,0.4488870431840265
88424,0.4489546218460198
88425,0.44890416596441196
88426,0.4489015590340115
88427,0.44888790025785147
88428,0.4489129464999121
88429,0.4489600691525086
88430,0.44893394694058447
88431,0.44891283275292077
88432,0.4489192125231971
88433,0.44888775923017055
88434,0.44896362094805387
88435,0.44890855317392214
88436,0.4489045847468379
88437,0.44896597922179665
88438,0.448944764842144
88439,0.4488974108919229
88440,0.44889117098868003
88441,0.4488968391799491
88442,0.44894557016689474
88443,0.44891873868768606
88444,0.44895778908092726
88445,0.44890913596211285
88446,0.4489460706230163
88447,0.4489524852787885
88448,0.4489056463333354
88449,0.44894757248493955
88450,0.4488855419840776
88451,0.4489133689179055
88452,0.44889295325279366
88453,0.44896072849124447
88454,0.44890411884481957
88455,0.4489649543379162
88456,0.44895009361000476
88457,0.44891347687970207
88458,0.44894663572337623
88459,0.44893858065626535
88460,0.4489265155013136
88461,0.44891014761927905
88462,0.44888496398809086
88463,0.4489355721391216
88464,0.44895394250309145
88465,0.4489465437996636
88466,0.44890903445092284
88467,0.44889147486605
88468,0.4488889562231322
88469,0.44890141255126126
88470,0.4489445833102056
88471,0.4489469276969094
88472,0.4489567301400437
88473,0.44893710640452933
88474,0.44892462627077334
88475,0.44888627555468813
88476,0.4489336096651543
88477,0.44891789649396363
88478,0.44895377138615933
88479,0.44894581403091255
88480,0.4488918992706867
88481,0.4489123382491398
88482,0.4489257384481151
88483,0.4489133758628145
88484,0.44891184490178465
88485,0.44890127069605035
88486,0.44890203931825956
88487,0.4489355752791018
88488,0.4489577047627257
88489,0.44890184307141084
88490,0.44888711229244854
88491,0.44894859869153214
88492,0.44894814816639655
88493,0.4489644866187783
88494,0.4489139817989603
88495,0.4489055717697241
88496,0.4489015102599155
88497,0.44893764951509985
88498,0.44895349065459345
88499,0.44891387731004306
88500,0.44893155427816944
88501,0.44888909675361194
88502,0.44888954132638537
88503,0.4489141616784786
88504,0.44893706920597376
88505,0.4489450055650513
88506,0.448933452768283
88507,0.4489114049574608
88508,0.4488932994544098
88509,0.44893771564817
88510,0.44892280598080425
88511,0.44894288635836144
88512,0.4489641336381641
88513,0.44892549309770025
88514,0.4489110569376796
88515,0.4488873335042271
88516,0.4488927427867402
88517,0.4488884577521943
88518,0.44894956769337413
88519,0.44889218942602854
88520,0.4488886893794186
88521,0.4489049327666227
88522,0.4489177500107972
88523,0.4489501298156292
88524,0.4489328187251283
88525,0.4488857636915267
88526,0.44892817955273456
88527,0.44892727040014146
88528,0.4488870540949171
88529,0.44888547502531645
88530,0.4489151701942363
88531,0.4489085908685375
88532,0.44891085920322843
88533,0.4489154252991732
88534,0.44893083988401383
88535,0.4488937114574573
88536,0.44896469526535016
88537,0.4489109461666211
88538,0.44890666509964666
88539,0.44891355756092366
88540,0.44890047165514635
88541,0.44889275303687404
88542,0.4489390571386002
88543,0.44894424835143065
88544,0.448905523987535
88545,0.4489383996202643
88546,0.4488846541578961
88547,0.44891293029791435
88548,0.4488871746207353
88549,0.44893955643664396
88550,0.44893854196887223
88551,0.4489498338741009
88552,0.44891714639003627
88553,0.44889653711958466
88554,0.4489379011489147
88555,0.44893734993627626
88556,0.44891491674179423
88557,0.4489401382357617
88558,0.44888821174040094
88559,0.4489571770279535
88560,0.44895355017362487
88561,0.4489278265710004
88562,0.4489575318274812
88563,0.44889674179988703
88564,0.44896623151609505
88565,0.4489321650084583
88566,0.4489488081655923
88567,0.44893040076757834
88568,0.4489325131952758
88569,0.4489093017894808
88570,0.44896388117777314
88571,0.44891319929057416
88572,0.44892358419213335
88573,0.4489652954153494
88574,0.44891844555647664
88575,0.44894175202681846
88576,0.4489304561536349
88577,0.4488971581016135
88578,0.4489177500111437
88579,0.4489426124057481
88580,0.4489022058067976
88581,0.44892525105428965
88582,0.4489472272757718
88583,0.4488868566911997
88584,0.4489021434768379
88585,0.4489329372675152
88586,0.44895043352869357
88587,0.44892468529301505
88588,0.44888547006459617
88589,0.44890128706462123
88590,0.44896053522070795
88591,0.44895655621174446
88592,0.448965612186932
88593,0.44888861795665874
88594,0.44894895101120075
88595,0.4489174115796661
88596,0.4488922866395867
88597,0.4489033674178665
88598,0.44891283754675854
88599,0.44892289228331556
88600,0.44889927350568215
88601,0.4489631545496037
88602,0.4489393949095928
88603,0.44893323072937485
88604,0.4489592158828607
88605,0.4489034310705304
88606,0.44889114966105037
88607,0.44894520891980993
88608,0.44891165130108884
88609,0.44889083966645654
88610,0.44891693989197784
88611,0.4489055980555495
88612,0.44894206152543686
88613,0.4489504331970582
88614,0.44893273440664605
88615,0.4489261836830749
88616,0.44896617050919085
88617,0.44888883867281504
88618,0.4489179191442392
88619,0.44892428238276605
88620,0.4489588956384888
88621,0.44890521895449287
88622,0.4489250435642292
88623,0.44890279901079316
88624,0.4489102764125811
88625,0.4489182491425244
88626,0.4488971987737832
88627,0.44893541507387197
88628,0.4489497164912308
88629,0.44895370211096897
88630,0.448911130178219
88631,0.4489249762746738
88632,0.44893136315649995
88633,0.4489035117504179
88634,0.4488875357038536
88635,0.4489556234162443
88636,0.44892187649382836
88637,0.44889509130587774
88638,0.44893043383401016
88639,0.44889895706313226
88640,0.44893255469279936
88641,0.44890383579944604
88642,0.4489631819944231
88643,0.44893619692253695
88644,0.44891150002331515
88645,0.4488931632208083
88646,0.4489634592535451
88647,0.44893688585361485
88648,0.44894227645340506
88649,0.44891816052671474
88650,0.44895961416395774
88651,0.44889212097920417
88652,0.4489068373727551
88653,0.44892675688289385
88654,0.4489309043628594
88655,0.4488912693603945
88656,0.4489235575747066
88657,0.4489117853840518
88658,0.44891982143691017
88659,0.44893682980795147
88660,0.44893138216780965
88661,0.4489357915329689
88662,0.4489100429663475
88663,0.4489614032039871
88664,0.44889594837867486
88665,0.4489182879968891
88666,0.4489142137575744
88667,0.4489574084909988
88668,0.4489081639860129
88669,0.44894582097313984
88670,0.4489515696800022
88671,0.44894725901876087
88672,0.448964005672386
88673,0.44895282371116935
88674,0.4489518862881792
88675,0.4489324467323855
88676,0.44889293275010217
88677,0.4489512044649436
88678,0.44890139866174406
88679,0.4489585345567504
88680,0.4489033070721828
88681,0.44895043881830826
88682,0.44894416436358764
88683,0.4488962008382344
88684,0.4489142478147421
88685,0.4489454127739116
88686,0.4489596940192932
88687,0.44895970162373755
88688,0.44892545060683076
88689,0.44894453470344053
88690,0.4489424098751123
88691,0.4489343232331167
88692,0.4489585504285145
88693,0.4489408170826847
88694,0.44892372670706854
88695,0.4489370677188106
88696,0.4489117986100783
88697,0.44893830356403536
88698,0.4489285768421799
88699,0.44892770025975615
88700,0.4489307610229671
88701,0.4488848642945758
88702,0.44896610950180665
88703,0.4489073327040629
88704,0.4489503923604893
88705,0.4489021115676922
88706,0.44889600012713965
88707,0.4488963512894194
88708,0.448936673404846
88709,0.4488966070560571
88710,0.4489323450533892
88711,0.44888523198912605
88712,0.44895678023447255
88713,0.44893141589617597
88714,0.448931654137829
88715,0.44890170783066735
88716,0.448937176504646
88717,0.44892762106607803
88718,0.44889349421409236
88719,0.4489361304588084
88720,0.4488952270419309
88721,0.4489316397544417
88722,0.44888822083279056
88723,0.4489282714761458
88724,0.44894821363729276
88725,0.4489535095009984
88726,0.4488878865354708
88727,0.4489195335962769
88728,0.44896361598684753
88729,0.44889720670962024
88730,0.4489129007037585
88731,0.44891749970122224
88732,0.44896011941295644
88733,0.44895722943731925
88734,0.44894893067386754
88735,0.44889286265171247
88736,0.4488958483528893
88737,0.44894239929517177
88738,0.4489562943282915
88739,0.44894588198183416
88740,0.4489003941152607
88741,0.4489178065546021
88742,0.4488934401505671
88743,0.44890305147133786
88744,0.44896467774035304
88745,0.44893548567082237
88746,0.44892322906308996
88747,0.44888851231127214
88748,0.44894581981678877
88749,0.4489606264823412
88750,0.4489646316119211
88751,0.44895467574207626
88752,0.4489000746971332
88753,0.4489275479891579
88754,0.44894999870955293
88755,0.4489130984382615
88756,0.44895180775540294
88757,0.44892773514409284
88758,0.44895589009437736
88759,0.4489418680887827
88760,0.44895543692517387
88761,0.44889135169621464
88762,0.44891766172509634
88763,0.44894001126242083
88764,0.4489408951190745
88765,0.44889761342219603
88766,0.4489312667688653
88767,0.44888503855122186
88768,0.448956942918764
88769,0.4489128434990383
88770,0.44891356615812
88771,0.44893641648217003
88772,0.4489237057092044
88773,0.4489538100727017
88774,0.4489403708544065
88775,0.44895139971898745
88776,0.44894869044952845
88777,0.4489039207797111
88778,0.448925301811101
88779,0.4489415144469529
88780,0.44894298423308104
88781,0.4488871574264209
88782,0.44892259171384574
88783,0.4488925505061258
88784,0.4489018402604272
88785,0.44895378130515684
88786,0.4489439743981237
88787,0.44889002673787043
88788,0.4489543338396395
88789,0.44894434854006154
88790,0.44893028999654366
88791,0.4489227200097843
88792,0.44893312739713875
88793,0.44891779597174986
88794,0.4488845822403662
88795,0.44896133426110785
88796,0.44888594109021696
88797,0.4489551494147679
88798,0.4488879407621644
88799,0.44891048291109437
88800,0.44895685430250865
88801,0.4489563093737057
88802,0.4489478733855389
88803,0.44891912985885946
88804,0.4489240375283636
88805,0.4489244706931906
88806,0.44893208300369813
88807,0.4489457907176878
88808,0.44889915413675296
88809,0.44895432110826367
88810,0.4489521521388412
88811,0.44895685975873073
88812,0.44888873930994977
88813,0.4489005371247347
88814,0.44888662440266136
88815,0.4489286687652075
88816,0.4489499471267542
88817,0.4489219424598196
88818,0.4489550578216709
88819,0.4489364186310135
88820,0.44893142631272526
88821,0.44893857371365986
88822,0.4489277351431897
88823,0.4489140353663075
88824,0.44896119802975076
88825,0.4489203503274116
88826,0.4489014031257191
88827,0.4489417817859486
88828,0.4488912493570696
88829,0.4489539696165334
88830,0.4489568974537706
88831,0.4489120307344791
88832,0.44889148677079527
88833,0.44889103442580647
88834,0.4489249240302398
88835,0.44895494109876133
88836,0.44889096746785206
88837,0.44890984820574625
88838,0.44888527877769424
88839,0.4489306975361219
88840,0.4489171774718162
88841,0.4489132391348516
88842,0.44890592987469585
88843,0.44890143536518096
88844,0.448940357629696
88845,0.4488868292463826
88846,0.4488874156739002
88847,0.44892799322573185
88848,0.4489045687090168
88849,0.44889624795781535
88850,0.44895629267568377
88851,0.4489543865800174
88852,0.4488918228883357
88853,0.44889145717580015
88854,0.4489659170579545
88855,0.44890058358395823
88856,0.44891139007929076
88857,0.44893446954890226
88858,0.44888774352289407
88859,0.44891510621137243
88860,0.4489402255289617
88861,0.4489372925674731
88862,0.4489172945253847
88863,0.4489567471691135
88864,0.4489454390615245
88865,0.4489083888354911
88866,0.4489438794975388
88867,0.4488927667599977
88868,0.448909963442728
88869,0.4488975724202413
88870,0.4489500008592071
88871,0.4489477961778415
88872,0.44891280844765735
88873,0.44889365342560766
88874,0.44892957907387027
88875,0.448944117244087
88876,0.44889000739418117
88877,0.4489496706943424
88878,0.4489157478592198
88879,0.44896056580646737
88880,0.4488858799195434
88881,0.4489364035846232
88882,0.4489152624486896
88883,0.44890941305695364
88884,0.4489333385245831
88885,0.4489151572992676
88886,0.44896482323115827
88887,0.4489278325237033
88888,0.4489198025891932
88889,0.4488930276515019
88890,0.4489477756765094
88891,0.44895138913779364
88892,0.4489561405709361
88893,0.44895279643072716
88894,0.44895298838031017
88895,0.44893130314161916
88896,0.44896258548342455
88897,0.4489227119093898
88898,0.4489651631493953
88899,0.4489224283668685
88900,0.44895459159059714
88901,0.44890827244234816
88902,0.4489504639502778
88903,0.4489574749522053
88904,0.4488899204303259
88905,0.4489259485834959
88906,0.44896600815498694
88907,0.44891101213317625
88908,0.44888832383375415
88909,0.4489587903213146
88910,0.4489165368159183
88911,0.4489611677733618
88912,0.44894048526487024
88913,0.44888947668209817
88914,0.4489228567372789
88915,0.4489442916680767
88916,0.4489415526375584
88917,0.448896390802138
88918,0.4488895517435159
88919,0.44894823992485594
88920,0.4489333180231701
88921,0.4489364597970331
88922,0.44889864128165846
88923,0.4489445317278532
88924,0.4489408534550316
88925,0.4488991032149827
88926,0.4489357877286496
88927,0.44895601723349177
88928,0.4489552977170162
88929,0.44893967547623875
88930,0.44894651288284243
88931,0.4489138726812208
88932,0.44891217473736916
88933,0.44896102608644367
88934,0.4489585662985659
88935,0.4489427592196314
88936,0.44889283437940514
88937,0.44895118826215913
88938,0.4489355584153549
88939,0.4488850643436406
88940,0.448920108283622
88941,0.4489066641076639
88942,0.4489103045178521
88943,0.4489349781070878
88944,0.4488898620687374
88945,0.44894060380675493
88946,0.4488990246829687
88947,0.4489155296226952
88948,0.4488955175282478
88949,0.4489283554647999
88950,0.4488923565744007
88951,0.4489397477239544
88952,0.4489501523019552
88953,0.448919890212751
88954,0.4489419580269056
88955,0.4489606431798751
88956,0.4489514205518883
88957,0.44890599253532437
88958,0.4489176646993387
88959,0.44893101893850174
88960,0.44896511074091205
88961,0.44894803193913385
88962,0.4489129577420743
88963,0.44892645962031863
88964,0.4489423538289159
88965,0.4489416809330373
88966,0.4489494851931723
88967,0.44891861171387026
88968,0.448966012949211
88969,0.4489348129415803
88970,0.4489527600593559
88971,0.44893967150829617
88972,0.44888459695450017
88973,0.44890805817454055
88974,0.44888844386407245
88975,0.44895957216908994
88976,0.4489178569803605
88977,0.4488971261936612
88978,0.44895694275468007
88979,0.44890867915578364
88980,0.44888492943469277
88981,0.4489418213002618
88982,0.44891151589417616
88983,0.4489207299261412
88984,0.4489140629769066
88985,0.4489471735416254
88986,0.4489047563581617
88987,0.44893723089838056
88988,0.4489183620632542
88989,0.44893786775127403
88990,0.4489406171981122
88991,0.4489133651163344
88992,0.448902074698128
88993,0.4489468438727146
88994,0.4488960535278845
88995,0.4489659640109743
88996,0.44892986856912936
88997,0.4489368625437584
88998,0.44892252475450783
88999,0.4489355731306466
89000,0.448927005705196
89001,0.4489135526017112
89002,0.44889999599984526
89003,0.44893912442936434
89004,0.44894591603815787
89005,0.44892064643549956
89006,0.44890932625915764
89007,0.4489449040520823
89008,0.4489459570414761
89009,0.448898770404685
89010,0.4489000207976678
89011,0.4489251050674499
89012,0.44893986940714303
89013,0.44893939573699904
89014,0.44889668806794897
89015,0.44890693690295563
89016,0.44894285461529904
89017,0.4488901257694948
89018,0.44891335403953714
89019,0.44889978305423306
89020,0.4489046548462116
89021,0.4488912032290723
89022,0.4489491796624325
89023,0.4488995228224232
89024,0.4489234830098902
89025,0.44892286302105744
89026,0.44896363169452774
89027,0.44894729406885087
89028,0.44890131335132205
89029,0.4489101603513214
89030,0.44893204464872066
89031,0.448904241850706
89032,0.4489515199142167
89033,0.4488931056874689
89034,0.4489355028643194
89035,0.4489615030644942
89036,0.4489017142776592
89037,0.44896530401173523
89038,0.4489292619708839
89039,0.44891965544441276
89040,0.44889343932432
89041,0.4488903335908178
89042,0.4489304244093468
89043,0.44889378949427494
89044,0.44893186774433885
89045,0.44892699016541876
89046,0.44894589851441513
89047,0.44895745990877267
89048,0.4489138082023165
89049,0.44890155324746245
89050,0.4488996681487838
89051,0.4489187529053885
89052,0.44891163906618176
89053,0.44893491577754757
89054,0.44896145958157807
89055,0.44889030250952244
89056,0.4488986725290625
89057,0.44893279409169584
89058,0.44895351495818997
89059,0.44892235744058007
89060,0.44894147741129026
89061,0.4489336632322356
89062,0.4489160151989852
89063,0.448952524132697
89064,0.44889847082550793
89065,0.4488888490885931
89066,0.44895941957039454
89067,0.44896441106110807
89068,0.44892063519277137
89069,0.4489042398658302
89070,0.4489307145651071
89071,0.4489346555457377
89072,0.44894246311148517
89073,0.4489386990340838
89074,0.4488900817932533
89075,0.4489018971344484
89076,0.44892668033648636
89077,0.44894387751451365
89078,0.44890287026985426
89079,0.44894332564177286
89080,0.44895607708439444
89081,0.4489353038073433
89082,0.4489586555778586
89083,0.4489287770557405
89084,0.4488884086486319
89085,0.448965620124009
89086,0.4489315337768612
89087,0.4489326390109916
89088,0.4488921294106587
89089,0.44892536116433474
89090,0.4489389007376667
89091,0.44893464645256226
89092,0.4489537725430972
89093,0.44894984991246256
89094,0.44892914375962684
89095,0.44892888435517897
89096,0.44893014913458945
89097,0.44891290880328033
89098,0.4489511664377046
89099,0.44889242105366145
89100,0.44889737733059293
89101,0.4489092257365747
89102,0.4489029433452616
89103,0.44890828484224193
89104,0.4489296152820922
89105,0.44894569763827824
89106,0.4489110982707136
89107,0.4489295182331377
89108,0.44893457403948117
89109,0.44892099710143146
89110,0.4489072111849185
89111,0.4489221701211292
89112,0.4489191792929734
89113,0.44888696349467866
89114,0.4489440049850544
89115,0.4489025599429986
89116,0.4489165072220921
89117,0.4488959811140699
89118,0.44888880246450774
89119,0.44891228616964474
89120,0.44889495292436576
89121,0.44888651396023005
89122,0.44896183851904287
89123,0.44891912506341725
89124,0.4489618854738668
89125,0.4489557631214134
89126,0.4489000224519243
89127,0.4489072381346267
89128,0.44892038058291367
89129,0.44888982933335003
89130,0.44895495118390105
89131,0.44893846509150614
89132,0.4489339065996621
89133,0.44894687776643205
89134,0.44891827493542935
89135,0.44894540731636523
89136,0.4489069939406781
89137,0.4489469486931686
89138,0.44895295895060394
89139,0.4488928257813828
89140,0.448929671493585
89141,0.4488903497932557
89142,0.44891153937110184
89143,0.44895324232792466
89144,0.448896787100874
89145,0.4489167494312725
89146,0.4489638598502402
89147,0.44890950779027927
89148,0.44888839211560155
89149,0.44888989480283836
89150,0.44894145806759117
89151,0.4489203790949642
89152,0.44893816848825224
89153,0.44894711766005085
89154,0.448940068632079
89155,0.4489219452716465
89156,0.4489195263204128
89157,0.44895015213699024
89158,0.4489275622088075
89159,0.44890211008044373
89160,0.44891602015851234
89161,0.4489492507549543
89162,0.44893013210556415
89163,0.44889694664445223
89164,0.4489085905381789
89165,0.4489622500282787
89166,0.4489002922716583
89167,0.44892118772785405
89168,0.44891215572390963
89169,0.44889586720146973
89170,0.44891970868119946
89171,0.4489570045886119
89172,0.4489051204158993
89173,0.4489567689924286
89174,0.4489184720096611
89175,0.44889311511132896
89176,0.44889376502370487
89177,0.44895853654074336
89178,0.44889481040819235
89179,0.4489361868377582
89180,0.4489229903242131
89181,0.448923864427312
89182,0.44892419079002105
89183,0.4489659970778742
89184,0.44892220153395374
89185,0.44890925467070014
89186,0.44894360521558746
89187,0.4489414096267333
89188,0.44889846355144764
89189,0.44896308709565746
89190,0.44889168467040724
89191,0.44895688373128967
89192,0.44894908840041525
89193,0.4489603841082487
89194,0.44890077718462
89195,0.4489196771030537
89196,0.4489549017505457
89197,0.44893006911504546
89198,0.44888474740427703
89199,0.44895339790384586
89200,0.4489467183882208
89201,0.448920183675954
89202,0.44894779749887864
89203,0.4489277543215167
89204,0.44896433682766496
89205,0.4489294600371935
89206,0.4489502063653393
89207,0.4489463870655949
89208,0.44892810349943546
89209,0.4489538433041452
89210,0.4489467774108411
89211,0.4489535648884365
89212,0.44891639628576663
89213,0.4488890497988434
89214,0.44895550950450736
89215,0.4489116301383573
89216,0.4488924661888556
89217,0.4489262141039052
89218,0.44889065284391755
89219,0.44890602940367863
89220,0.4489266199904479
89221,0.44889964020792444
89222,0.44891789021016615
89223,0.44891135668182564
89224,0.44889998111937346
89225,0.4489253262783413
89226,0.4489296756285221
89227,0.44894843402279955
89228,0.44895951364340264
89229,0.4488963331030923
89230,0.4488961185027563
89231,0.4489397250746121
89232,0.44894401870578843
89233,0.4488993702236037
89234,0.4488935057871156
89235,0.4489189704810062
89236,0.44896311536788863
89237,0.44893883774633253
89238,0.448944097074081
89239,0.44890103377745705
89240,0.4489169894914205
89241,0.4488860555005839
89242,0.44890689325575006
89243,0.44892176010114965
89244,0.448939446161179
89245,0.4488987049325593
89246,0.4489082451625276
89247,0.44895448528266946
89248,0.44894393290098406
89249,0.4489488311462276
89250,0.44890075916359956
89251,0.4488939988026125
89252,0.4489410473867444
89253,0.4489115522677537
89254,0.448936281901488
89255,0.4488949926040239
89256,0.4488910245075517
89257,0.4489141896196657
89258,0.44892863073828104
89259,0.44890959210892484
89260,0.4489546572263507
89261,0.4489646296288997
89262,0.44895981685947217
89263,0.4489061376942126
89264,0.4489539859850999
89265,0.4488861722238906
89266,0.4489573076393944
89267,0.44889746230877775
89268,0.4489063592379517
89269,0.44894622570208265
89270,0.44892437050297035
89271,0.4489074239667888
89272,0.4489185591380862
89273,0.4489500159038799
89274,0.44889788638310824
89275,0.44895840658930614
89276,0.44895339244706484
89277,0.44893156981960824
89278,0.44896288869944895
89279,0.44894426322953446
89280,0.44894575285836746
89281,0.44893375614890446
89282,0.44888788653370776
89283,0.44890446306287485
89284,0.4489624816557849
89285,0.4489619560702644
89286,0.44892552054257756
89287,0.44896264318329826
89288,0.4489006224352216
89289,0.44895399094498184
89290,0.44891361460071916
89291,0.4489578593467402
89292,0.44896448612106044
89293,0.4489480922830592
89294,0.44893233248736636
89295,0.4489472403360604
89296,0.44890625722811667
89297,0.448911407106692
89298,0.4489298723713423
89299,0.4489601680200878
89300,0.448887006977021
89301,0.4488929416788548
89302,0.4489037356087721
89303,0.4489345224556003
89304,0.4489012644134402
89305,0.4489442637264097
89306,0.4489308769179156
89307,0.4488870021827357
89308,0.44889113147480086
89309,0.4489246100668355
89310,0.4489402923241554
89311,0.4489465628122566
89312,0.4489660856942597
89313,0.44893462380320887
89314,0.4488981224742596
89315,0.4489456286938909
89316,0.4489122284693667
89317,0.4489204488657062
89318,0.4489359973690197
89319,0.4489078799482369
89320,0.4489446595279399
89321,0.4488999558228278
89322,0.44891623211187553
89323,0.4489194023225018
89324,0.44891429592676185
89325,0.4488875732333681
89326,0.4489282808998977
89327,0.44891404925446543
89328,0.44891049944373346
89329,0.44891999453790465
89330,0.44894459504908
89331,0.4489218115190013
89332,0.44894178591954276
89333,0.4489465851315381
89334,0.4489060011329486
89335,0.448919848219704
89336,0.4488951623979972
89337,0.44892309299574384
89338,0.44893491032120214
89339,0.4489192803095928
89340,0.44891479390122846
89341,0.4489003541048453
89342,0.4489369139611209
89343,0.44891606678133367
89344,0.44895705980871253
89345,0.44891124045526315
89346,0.4489455924877471
89347,0.4488923023450159
89348,0.4489393945789761
89349,0.44891438322125443
89350,0.4489043326161558
89351,0.4489504951969165
89352,0.44891017473513656
89353,0.4488875834843573
89354,0.44890658292912045
89355,0.44894990943107427
89356,0.4489041461251318
89357,0.4489644879397727
89358,0.44889387133208775
89359,0.44890247926295507
89360,0.4489402850488245
89361,0.44891772074639763
89362,0.44893714691136544
89363,0.4488868305697803
89364,0.4488910345910721
89365,0.4489270136423666
89366,0.4489429723306204
89367,0.4489437826152181
89368,0.4489615766365501
89369,0.448911452738847
89370,0.4488891324657601
89371,0.44892335256419946
89372,0.4489522463762333
89373,0.4489266469390566
89374,0.44890016414018336
89375,0.4489396015730817
89376,0.4489627286582669
89377,0.448908662787249
89378,0.44893339109922015
89379,0.44893955114763395
89380,0.4488880383071251
89381,0.4488997812347968
89382,0.44894774922366726
89383,0.4489234793717886
89384,0.44895827515287906
89385,0.4489544181581436
89386,0.44890966336796334
89387,0.4489361891527966
89388,0.4489547699814001
89389,0.44895038343357574
89390,0.4489487640223887
89391,0.44894624174046804
89392,0.4489592563879287
89393,0.44891396063741507
89394,0.4489326168566571
89395,0.44893796347892195
89396,0.4488857025183319
89397,0.4489486806942454
89398,0.44894196976627615
89399,0.44890071187902236
89400,0.4489020502304692
89401,0.44892877226123484
89402,0.4489639468140759
89403,0.4489413305987151
89404,0.4489284492071197
89405,0.4489055714390394
89406,0.4489217662183974
89407,0.44893472085289715
89408,0.44894247782587376
89409,0.44892770488867517
89410,0.44892893461656774
89411,0.44896412156864457
89412,0.4489241831835684
89413,0.4489578123916797
89414,0.4489367258154009
89415,0.44891388921379977
89416,0.44894047683132987
89417,0.44888628233349387
89418,0.44894694902384996
89419,0.44890631922794005
89420,0.4489125673971528
89421,0.44891272875964017
89422,0.4489549875562572
89423,0.44894987041309786
89424,0.44892240555036844
89425,0.44893925718840966
89426,0.44894370259488325
89427,0.4489064791028633
89428,0.4489612881348164
89429,0.44889148131406
89430,0.44891484416172106
89431,0.44896183620448177
89432,0.44890212280922775
89433,0.44889651612426773
89434,0.4489545909275046
89435,0.4489274706157753
89436,0.44895769699226695
89437,0.44894083030947657
89438,0.4489552950709497
89439,0.4489279158510518
89440,0.4488980040967803
89441,0.4489247367112562
89442,0.4489247431587008
89443,0.44895607410801375
89444,0.44895988828255395
89445,0.4488886521804683
89446,0.4488871091512109
89447,0.4489626889798635
89448,0.44895833632389226
89449,0.4489577918918795
89450,0.44893878599759535
89451,0.44889674510690347
89452,0.44896595987771276
89453,0.44892120922084416
89454,0.44889011651236427
89455,0.4489334555772393
89456,0.44889398293083105
89457,0.44894629861290114
89458,0.44890364070943517
89459,0.4489272743688595
89460,0.44896277164546905
89461,0.448947715825665
89462,0.44893735010161906
89463,0.44895079940491084
89464,0.44895530482616125
89465,0.4489502093396466
89466,0.44890732261851374
89467,0.44894250246008277
89468,0.4489296552925225
89469,0.44891669586415
89470,0.44893192164210244
89471,0.4489209293163265
89472,0.4489330650683161
89473,0.4489053619645481
89474,0.4489333163698974
89475,0.4489534175789568
89476,0.4488877674974157
89477,0.4489397518581188
89478,0.448955755515341
89479,0.44892313482431434
89480,0.44893488337268017
89481,0.4488890053250504
89482,0.44890272477835796
89483,0.44890985878857026
89484,0.4489027576799182
89485,0.44895018156508076
89486,0.44892810515401493
89487,0.448962038735901
89488,0.4489428440344898
89489,0.44890851465029885
89490,0.4489268395497347
89491,0.4489361435207749
89492,0.44896072022511957
89493,0.44892134942031325
89494,0.44896027779948317
89495,0.44893346434133913
89496,0.448960634913352
89497,0.4489527546029948
89498,0.44890195235446806
89499,0.44893081872292323
89500,0.44892415590496204
89501,0.44894858166214885
89502,0.4489616373119346
89503,0.4489097217288499
89504,0.4489291875725781
89505,0.44892394064507873
89506,0.4489313219888394
89507,0.4489404844374388
89508,0.44889475072554413
89509,0.44894866565077785
89510,0.44896308246641736
89511,0.44896317042256556
89512,0.4489027818177339
89513,0.4489293269449121
89514,0.44892718459441044
89515,0.4489312222950229
89516,0.4489060318843498
89517,0.4489614863667951
89518,0.44888645245902437
89519,0.44896005179363996
89520,0.4489181659821888
89521,0.4489321575694381
89522,0.44894441665623264
89523,0.4489339398310974
89524,0.4488937975951161
89525,0.44888847015025257
89526,0.4489051539788786
89527,0.4489517383170742
89528,0.4489530966725661
89529,0.44891769429439915
89530,0.4488973366576375
89531,0.44894202597906463
89532,0.4489040738753694
89533,0.4489425550368681
89534,0.44893392875467375
89535,0.44892705216438705
89536,0.4489592945801861
89537,0.44889945123559444
89538,0.4489440965764486
89539,0.44894311401883924
89540,0.44894866564908326
89541,0.44889979065865665
89542,0.4489177351314546
89543,0.4489181058011018
89544,0.4489106829606036
89545,0.44895866764698233
89546,0.4488855643033242
89547,0.4489470758330931
89548,0.44892457981262246
89549,0.44890145851140345
89550,0.4489544174959141
89551,0.44890190242503464
89552,0.44893277408634685
89553,0.44895299433288777
89554,0.4489591132134096
89555,0.4488991675285451
89556,0.44894456049538084
89557,0.44890093358717287
89558,0.44893621577098825
89559,0.44890684580581725
89560,0.4489347790484912
89561,0.44895467905033276
89562,0.44892654360780404
89563,0.4488872634032259
89564,0.4489361048342117
89565,0.4489631657929135
89566,0.4489656006149959
89567,0.44888725034209864
89568,0.4489178859115618
89569,0.4489117457051809
89570,0.4489068801942274
89571,0.44893235728816505
89572,0.4489229767671057
89573,0.448926735885816
89574,0.44894995274765553
89575,0.44893122527093515
89576,0.44889511180565583
89577,0.4488960009537903
89578,0.44890620101660217
89579,0.4489655091868395
89580,0.44893151840184553
89581,0.44890044470673257
89582,0.4489649169731724
89583,0.4489109898135277
89584,0.44888591877218165
89585,0.44893395024598376
89586,0.4489446466318628
89587,0.44890216711776665
89588,0.44895433665062623
89589,0.4489641956371516
89590,0.4489207778719882
89591,0.4489121180290076
89592,0.4489136233628469
89593,0.4489570720430974
89594,0.44892543705108395
89595,0.4489337063835641
89596,0.44891374388874605
89597,0.44892920823889876
89598,0.44892737571638874
89599,0.44892900058427776
89600,0.44889984687006523
89601,0.44893402910953495
89602,0.44890918390795986
89603,0.4489350414269708
89604,0.4489336708387118
89605,0.4489615430752453
89606,0.4489372742165015
89607,0.4489289124627407
89608,0.44893019030056097
89609,0.44890766782848784
89610,0.44894920082388107
89611,0.4489416508437884
89612,0.44892113250674615
89613,0.4489463842557547
89614,0.44893430471538087
89615,0.44896187026419604
89616,0.4489232265831079
89617,0.4489613312868859
89618,0.44889300648750086
89619,0.4489068950739814
89620,0.44890916125895997
89621,0.4489365747033708
89622,0.44888586338484693
89623,0.4489352049397615
89624,0.44895478717642545
89625,0.44893053237024805
89626,0.44895735360094474
89627,0.44895530267617617
89628,0.448896476773869
89629,0.4488924785882539
89630,0.4489563930312828
89631,0.4489608971274181
89632,0.44893972309099694
89633,0.44896060548572586
89634,0.4489382561134624
89635,0.44895826374466197
89636,0.44889290481017396
89637,0.44889193134517624
89638,0.4489566124247543
89639,0.4488910772480707
89640,0.44891205569814924
89641,0.4488865367768069
89642,0.448894093206335
89643,0.4489314974031626
89644,0.4489267646550351
89645,0.4489365867720622
89646,0.4489062585520137
89647,0.44895247833580393
89648,0.44895715206177556
89649,0.448950679375394
89650,0.4489445555338702
89651,0.4489177414136573
89652,0.44894229100415883
89653,0.4489445490859173
89654,0.44895079163521745
89655,0.4489603641036508
89656,0.4488908633100515
89657,0.44896428177354913
89658,0.44892820683233814
89659,0.4489059925340129
89660,0.44893442920918936
89661,0.44888597762918203
89662,0.4489199222885326
89663,0.4489360401896173
89664,0.448933570152889
89665,0.4489024623988807
89666,0.448919720088974
89667,0.4489322284944987
89668,0.44889359175734717
89669,0.4488987922282856
89670,0.4489111280288709
89671,0.44896521522843397
89672,0.44891426401838175
89673,0.4489580846918471
89674,0.44893765315230466
89675,0.44892109514248446
89676,0.44889936592470936
89677,0.4489421598954006
89678,0.4489008092603503
89679,0.44888579890605645
89680,0.4489198282147052
89681,0.44894653900334136
89682,0.4489053512180968
89683,0.4489514420436085
89684,0.44894400167841236
89685,0.4489376670417776
89686,0.4489316875340819
89687,0.44893589684810614
89688,0.4489140095748567
89689,0.4488902484460735
89690,0.44891322260184136
89691,0.44889592225648917
89692,0.44896583141511276
89693,0.4489251705370598
89694,0.44896529838959187
89695,0.44893656494722783
89696,0.44896542305042236
89697,0.44889797830687744
89698,0.44890350530427064
89699,0.44893159379180636
89700,0.4489260623311725
89701,0.44895920381373944
89702,0.44892699909196515
89703,0.4489598224794454
89704,0.44892510225685056
89705,0.448932149964262
89706,0.448937852375525
89707,0.4488864980902321
89708,0.4489534739562167
89709,0.44891671818379075
89710,0.4489466618455574
89711,0.44890486035232346
89712,0.4489570318682396
89713,0.448942001179007
89714,0.44895659208915173
89715,0.4489152298785457
89716,0.4489335065006711
89717,0.44893432901900665
89718,0.4489280667961278
89719,0.44892803819523125
89720,0.44892152136471547
89721,0.44895191059143896
89722,0.4489038480342678
89723,0.448891903072888
89724,0.44894606268725085
89725,0.44893510045163476
89726,0.4489500669918368
89727,0.44890620068680476
89728,0.448906014853646
89729,0.44890592474983015
89730,0.4489302843735577
89731,0.4489187243022742
89732,0.4489411503892966
89733,0.44890942330647765
89734,0.4489371250884446
89735,0.4489496725116563
89736,0.4489459157091266
89737,0.44893979286046
89738,0.4489408316313457
89739,0.4489147844774369
89740,0.4489300762235014
89741,0.4489241568972997
89742,0.44888529828631074
89743,0.44892168404989075
89744,0.4489135620252165
89745,0.4489388724644434
89746,0.44895649619708744
89747,0.4489103418841823
89748,0.44894540268712624
89749,0.44895335723164886
89750,0.4489434083070186
89751,0.4489099824557961
89752,0.44892221938832
89753,0.448947650685385
89754,0.4489123994214803
89755,0.4489407053196384
89756,0.4489042101075488
89757,0.4488931060173599
89758,0.44893464810582717
89759,0.44894207276624676
89760,0.4489564571787073
89761,0.44891406859741667
89762,0.44893432769665154
89763,0.44891078496814796
89764,0.4489389726547678
89765,0.4489640235281285
89766,0.44894780163298137
89767,0.4489641825756172
89768,0.44896576495309526
89769,0.44893249137081215
89770,0.4489059528563758
89771,0.4489659449987136
89772,0.448923630484695
89773,0.44895785108059044
89774,0.44894811609161056
89775,0.4489438990065379
89776,0.44889692333319736
89777,0.44892798363575764
89778,0.44895813263835893
89779,0.4489588710025676
89780,0.4489548223919359
89781,0.4489027644576246
89782,0.44892983418007026
89783,0.4489212918853122
89784,0.4489539916046626
89785,0.44889924589378905
89786,0.44895345940755244
89787,0.44894556669584007
89788,0.4488954990111946
89789,0.44892440042865156
89790,0.44894070317038515
89791,0.4488913429323408
89792,0.44889827176842917
89793,0.44896277032247944
89794,0.44889695325760587
89795,0.4489257313393204
89796,0.44891625806911306
89797,0.44892309448336676
89798,0.4488864511363035
89799,0.44893762421948646
89800,0.4489274319287998
89801,0.4489433965685114
89802,0.44892663553115325
89803,0.4489450750033803
89804,0.44892699347237036
89805,0.4489185455817582
89806,0.4489041732385212
89807,0.44889801434894344
89808,0.44889982471664663
89809,0.44888728489715024
89810,0.4488847794793182
89811,0.44894893464304475
89812,0.44890522837835356
89813,0.448926910144209
89814,0.44890569742006314
89815,0.4489185829447524
89816,0.4489074140470053
89817,0.4489273251249156
89818,0.448938714575578
89819,0.44893384476646
89820,0.4489543717010375
89821,0.4489359603337257
89822,0.4489482138022273
89823,0.4489149952753607
89824,0.44890851465120646
89825,0.44892075770301004
89826,0.4488884637033256
89827,0.44893775268286057
89828,0.44890750134075624
89829,0.4489309093226863
89830,0.44893787816877856
89831,0.44891355293080726
89832,0.4488946199474722
89833,0.4489643121947648
89834,0.44893054939993055
89835,0.4489411107082714
89836,0.44889343618265976
89837,0.448930915276265
89838,0.4489472157009676
89839,0.44891805041538446
89840,0.448903226061083
89841,0.44889236500704477
89842,0.4489300993704636
89843,0.4489259130378614
89844,0.44893612500412405
89845,0.44893826652962043
89846,0.4489576917003977
89847,0.4489426720904682
89848,0.4489406047979715
89849,0.4489347398651814
89850,0.44892592279231447
89851,0.4489073566769722
89852,0.4489033793224334
89853,0.448962954499679
89854,0.4489317318418227
89855,0.44890359954225956
89856,0.4489207970516364
89857,0.44894709335769906
89858,0.4489497695619463
89859,0.4489236397439594
89860,0.448964705846997
89861,0.44895024902057484
89862,0.44888636549481337
89863,0.4489115430092797
89864,0.4489316678598422
89865,0.44896291101868274
89866,0.4489381064897373
89867,0.44892581615250443
89868,0.448931244448551
89869,0.4489324034141632
89870,0.4488928418184002
89871,0.44895788001310144
89872,0.44889685620828534
89873,0.4489243154488225
89874,0.4488887629505144
89875,0.44895458729155063
89876,0.44888970004486334
89877,0.44894563944037147
89878,0.44888457364194023
89879,0.44893528099247487
89880,0.44891208000171495
89881,0.4488882831632134
89882,0.44893427264204766
89883,0.4489105682216157
89884,0.44890961294215936
89885,0.4488858463558093
89886,0.4489277448986246
89887,0.4489220752214437
89888,0.4489050385785417
89889,0.448936531552063
89890,0.44888917098736836
89891,0.44888690877071385
89892,0.44892182606706477
89893,0.4489451533687585
89894,0.44891914325133975
89895,0.44892886435118506
89896,0.4489231027489297
89897,0.4488965314992468
89898,0.44888867549240397
89899,0.44895393192037697
89900,0.448965861010129
89901,0.4489330230740475
89902,0.4489187910958698
89903,0.448908393794952
89904,0.44890687556494047
89905,0.44892421063001053
89906,0.44890432997222124
89907,0.4489653182306433
89908,0.44891690996746175
89909,0.4489642480468681
89910,0.4489184258808128
89911,0.44889193332875366
89912,0.4488910483135781
89913,0.44892183664953256
89914,0.44889666293693953
89915,0.4489403708561124
89916,0.4489654194128211
89917,0.4488868522276307
89918,0.4489619018406229
89919,0.44895122199003745
89920,0.44892342183838435
89921,0.4489538257781674
89922,0.4489230678659048
89923,0.44893011391878207
89924,0.44894136614507835
89925,0.4488959913636305
89926,0.44889760548659957
89927,0.4489226905801113
89928,0.4489447840205003
89929,0.44891121830093805
89930,0.4489313026447647
89931,0.4489537060798849
89932,0.4489213537196386
89933,0.4489389081775498
89934,0.44892050491136715
89935,0.44890363062472644
89936,0.44892439216258473
89937,0.44891474182374996
89938,0.4489112189606774
89939,0.4489222817178725
89940,0.4488867075622225
89941,0.4489448716473642
89942,0.4489626755872158
89943,0.4489415233731269
89944,0.4489307651546319
89945,0.4489346019785915
89946,0.44893887841762636
89947,0.44892035313932355
89948,0.4489140876108228
89949,0.4489344971608046
89950,0.44889841709224126
89951,0.4489598013179447
89952,0.44895717851589473
89953,0.44893941276440696
89954,0.44889282445996054
89955,0.448926729438037
89956,0.44894623182100324
89957,0.4489188588822106
89958,0.4489622445719981
89959,0.44896452861228797
89960,0.4489277715168151
89961,0.4489117194176259
89962,0.4489453388704531
89963,0.44890350563489667
89964,0.4489269347796694
89965,0.4489154497684573
89966,0.4489143404006965
89967,0.44890284315565837
89968,0.4488909069568801
89969,0.4489501031984291
89970,0.4489239517217634
89971,0.44890986920267073
89972,0.4489387049847168
89973,0.44893946997007567
89974,0.4489296619056756
89975,0.44893560718877895
89976,0.4489511684216164
89977,0.4489175673210062
89978,0.4489089223567724
89979,0.44892194494139387
89980,0.44890695938791
89981,0.44891791666426156
89982,0.4489091882078254
89983,0.44890909314326227
89984,0.4489469111635892
89985,0.4489085845867338
89986,0.44894517436733183
89987,0.44891358913813223
89988,0.44891413638199873
89989,0.4489190215673838
89990,0.44893317567360874
89991,0.4489290386098837
89992,0.44890356845884577
89993,0.4489134922561365
89994,0.4488973804711507
89995,0.4489148512725528
89996,0.44893783402383086
89997,0.4489541637136415
89998,0.44895169963006615
89999,0.44889740890876384
90000,0.4488958346313213
90001,0.44895491943916593
90002,0.4489302813989322
90003,0.4489147672846733
90004,0.4489474172404743
90005,0.4489510842693949
90006,0.4489396923390952
90007,0.44894506574493925
90008,0.4489155608709148
90009,0.44893236257841823
90010,0.44888948445395277
90011,0.44895107666454964
90012,0.4489264194433546
90013,0.4489410897122628
90014,0.44892357509902275
90015,0.448901769995334
90016,0.4489422701720804
90017,0.44893347707182135
90018,0.4489408392365995
90019,0.44894708459479665
90020,0.4489066789878457
90021,0.44895635285427765
90022,0.448886577448867
90023,0.44894217113952917
90024,0.4489033174884659
90025,0.4488899210920879
90026,0.44892481573880383
90027,0.44896595872112155
90028,0.4489089909672528
90029,0.44888814147426526
90030,0.448926125982732
90031,0.4489391882466111
90032,0.44889170963706543
90033,0.4488888927349576
90034,0.44892434206739446
90035,0.44893514542114527
90036,0.4489636799710882
90037,0.44889497044973525
90038,0.44891160616451203
90039,0.44890893029227974
90040,0.4489059898903995
90041,0.44893579550096485
90042,0.4489455537991552
90043,0.44892202529199876
90044,0.4489254186993058
90045,0.4488847880768686
90046,0.4489164070321704
90047,0.44890746877067556
90048,0.4489109608810672
90049,0.44893553179714374
90050,0.44893090601704955
90051,0.44894378244858996
90052,0.4489198206102455
90053,0.4488938757959691
90054,0.4489063056699392
90055,0.44895263407791863
90056,0.4489067824845935
90057,0.44896048413355394
90058,0.4489067717374562
90059,0.44890557458027713
90060,0.4489217404276037
90061,0.44895048626901446
90062,0.4488954333743356
90063,0.44892944019795294
90064,0.44896149330910207
90065,0.4489092662441553
90066,0.44894984776319863
90067,0.4489106394782247
90068,0.4489040723860313
90069,0.44893493181422717
90070,0.44891128410172254
90071,0.448894124453018
90072,0.4489257027367363
90073,0.4489634038679164
90074,0.4488913111902431
90075,0.4489592818500825
90076,0.44889001218919333
90077,0.44891459666287353
90078,0.4488862433142914
90079,0.44889754431442513
90080,0.4488984852093247
90081,0.44893975218914556
90082,0.4488957602333897
90083,0.4489013326949624
90084,0.4488874955284735
90085,0.44896134335527954
90086,0.448927579734256
90087,0.4489537679124817
90088,0.4489456963156879
90089,0.4489130825656294
90090,0.44890553572728414
90091,0.4489058091842448
90092,0.4489442977853038
90093,0.44889371079528484
90094,0.4489282043526679
90095,0.44894290619713756
90096,0.44891891063143213
90097,0.4489302561030453
90098,0.44891155888101647
90099,0.4489475367736245
90100,0.44889332326065506
90101,0.44892858510710326
90102,0.44891712010210455
90103,0.44894792811116396
90104,0.4489539833390143
90105,0.4489557482416717
90106,0.44891981664071773
90107,0.4489104676990677
90108,0.4488919424219945
90109,0.4489127806738775
90110,0.44890669899276686
90111,0.4489524444434902
90112,0.4489389091691245
90113,0.44891282217008577
90114,0.4489366229782043
90115,0.4489263863781459
90116,0.4488904017060691
90117,0.44891114919122266
90118,0.4489572162112654
90119,0.44889649297629863
90120,0.4488932033970307
90121,0.4489143481715429
90122,0.44891906157733724
90123,0.4489091546454153
90124,0.44891424880803626
90125,0.448907035274928
90126,0.448908498283857
90127,0.44892106554789646
90128,0.4489408150990419
90129,0.44888798556802983
90130,0.4489617307244765
90131,0.44893926248075516
90132,0.44894649287781624
90133,0.44890601816025977
90134,0.44889723233418044
90135,0.4489388273301585
90136,0.4489478973601372
90137,0.4489349212334529
90138,0.4489539585393924
90139,0.4489478375101718
90140,0.44892975829369836
90141,0.4489451793265885
90142,0.44888902218959587
90143,0.4489121899481471
90144,0.448950183382821
90145,0.4488953644322345
90146,0.448948302088712
90147,0.44895504277738263
90148,0.44893539589677117
90149,0.4489270672089914
90150,0.4489586471468003
90151,0.44896164607532185
90152,0.44896221249782153
90153,0.4488942474588617
90154,0.4489141758972656
90155,0.4489469640696112
90156,0.4489297437430095
90157,0.4489642151453948
90158,0.4489659856700838
90159,0.44889579412438846
90160,0.44888590604015977
90161,0.44896192895479364
90162,0.44894623380498117
90163,0.44891995006324387
90164,0.44893004927528085
90165,0.4488870795574174
90166,0.4489553787288715
90167,0.4489306302448971
90168,0.44896143230212476
90169,0.4489496015861441
90170,0.4489147952248003
90171,0.4488989325939576
90172,0.4488933007757102
90173,0.44891272512236996
90174,0.44890296748350916
90175,0.4489255015295986
90176,0.44893053584289744
90177,0.4489448139469231
90178,0.4489372804974545
90179,0.4488990484905996
90180,0.4488948315718176
90181,0.44890160549024966
90182,0.4489474499741795
90183,0.4489503621066228
90184,0.44894504722657436
90185,0.4489354826940189
90186,0.4488959358139132
90187,0.44892294618272083
90188,0.44895701599565985
90189,0.44890992640701083
90190,0.44891750003017733
90191,0.4489609668981174
90192,0.4488888284226845
90193,0.4489014798390865
90194,0.4489501928065973
90195,0.4489144207513023
90196,0.4489563386367336
90197,0.4489095044854284
90198,0.44892110539251734
90199,0.44896409974541923
90200,0.4489175497960182
90201,0.44893284451712395
90202,0.44892273819615564
90203,0.4489432481017925
90204,0.4489207119063833
90205,0.4489196812350687
90206,0.44896483463858156
90207,0.44891195336021833
90208,0.4489087201572982
90209,0.4488938977857169
90210,0.44891783168445715
90211,0.4489161135698772
90212,0.44894209773205906
90213,0.4489022482967503
90214,0.44892792213198274
90215,0.4489513911231025
90216,0.4489126842854241
90217,0.4489661643922902
90218,0.44895606104767255
90219,0.4489325751938002
90220,0.4489397500385633
90221,0.44888994655130976
90222,0.448896442717137
90223,0.44895440509779916
90224,0.4489292343611767
90225,0.4489405699140023
90226,0.44889921646595876
90227,0.4489321304552422
90228,0.4489123218801422
90229,0.44890869899533775
90230,0.44891589649095903
90231,0.44893588808519236
90232,0.4489041052868582
90233,0.44896374990541765
90234,0.4489638001658464
90235,0.4489237205901963
90236,0.4489066513772482
90237,0.4489425933935103
90238,0.448944009613498
90239,0.4489348560931743
90240,0.4488923172264762
90241,0.4489111245586211
90242,0.44896074105712175
90243,0.4489393109217919
90244,0.4488882438145884
90245,0.4489232892434181
90246,0.4489542339790561
90247,0.44890002989262673
90248,0.44890008841883144
90249,0.44893724164647336
90250,0.44889888431746294
90251,0.4488999378027357
90252,0.4489019052342818
90253,0.4489107613275662
90254,0.44891579315858937
90255,0.44896263177461576
90256,0.4489322253540976
90257,0.44893731918481017
90258,0.44893752502287043
90259,0.44896532864599464
90260,0.448932070770901
90261,0.4489185811274463
90262,0.4489518335477661
90263,0.4489149030202415
90264,0.4489461251825206
90265,0.4488910871674857
90266,0.44892175448031324
90267,0.44895091282162874
90268,0.4489485669480719
90269,0.448955272586737
90270,0.4489181902866299
90271,0.44890326326044855
90272,0.4489139791540265
90273,0.448934670261758
90274,0.44891807075266926
90275,0.44893810020678965
90276,0.44892704373206566
90277,0.4489102144136813
90278,0.44888881271634756
90279,0.4489519291083617
90280,0.448907216642409
90281,0.4489079672410596
90282,0.4489109770830935
90283,0.4489599572254103
90284,0.4489642458959105
90285,0.448922677684343
90286,0.44894541657577064
90287,0.4489421789096979
90288,0.4489496711890347
90289,0.4489114910959054
90290,0.4489122507880161
90291,0.44888657496808676
90292,0.44889168582910355
90293,0.4488974649540972
90294,0.44889439691803107
90295,0.44889248883875854
90296,0.44896602435573807
90297,0.4488932521685768
90298,0.44889050404730757
90299,0.44893890801184405
90300,0.4489361603851946
90301,0.448942085662926
90302,0.44893703101474647
90303,0.44896473378745755
90304,0.4489527099637822
90305,0.4489617485805976
90306,0.44890889408371126
90307,0.4489296853825571
90308,0.4488970625410814
90309,0.4489518801692679
90310,0.44888723761254923
90311,0.448939460049827
90312,0.4489320021584407
90313,0.44893300141447057
90314,0.4488903039957701
90315,0.44890036501744945
90316,0.44896309618913527
90317,0.4489437022646384
90318,0.44890044387928657
90319,0.4489076827082409
90320,0.44890337204716374
90321,0.4488950469974105
90322,0.4489391424507872
90323,0.4489002335780824
90324,0.448952180409455
90325,0.44889900418242323
90326,0.4489620355930321
90327,0.448923884928999
90328,0.4489522329857887
90329,0.4489049661638166
90330,0.4489308071494298
90331,0.4489136131127224
90332,0.4489093915647109
90333,0.4489064508300237
90334,0.4489422438845049
90335,0.44894317287649677
90336,0.4489307393643299
90337,0.44891263121438524
90338,0.44892854526330755
90339,0.44892351376138834
90340,0.44893701133952607
90341,0.44893230867980716
90342,0.4489248569051721
90343,0.4489051106626759
90344,0.4488876878081532
90345,0.44891342843815835
90346,0.4488894168325072
90347,0.4489405829747064
90348,0.44889052553956266
90349,0.448899366089973
90350,0.4489184738282848
90351,0.44888611452184496
90352,0.4489130862028668
90353,0.4489165564906097
90354,0.44889922357557244
90355,0.44891143537991474
90356,0.4489507889882045
90357,0.4489658472876562
90358,0.4489007575102301
90359,0.4489336324816772
90360,0.44889846305415715
90361,0.4488928479365473
90362,0.44889928094558174
90363,0.4488924635435682
90364,0.44891805306233346
90365,0.44891883854729697
90366,0.44889383611703476
90367,0.4489032326742604
90368,0.44893067207488047
90369,0.44890441478640486
90370,0.4488935975439134
90371,0.44895586232049867
90372,0.4489552664687682
90373,0.448911826881966
90374,0.44888616676793275
90375,0.4488861775136544
90376,0.4489203278440937
90377,0.4489450320162386
90378,0.44891416961339825
90379,0.4489479320778753
90380,0.44893292966191317
90381,0.44890413273293645
90382,0.44888562712766916
90383,0.44889280081770916
90384,0.4489014085833425
90385,0.4489329787650827
90386,0.4489352968641993
90387,0.44892605075776154
90388,0.4489438026188781
90389,0.4489266641337545
90390,0.44891986921578225
90391,0.44896427168876174
90392,0.44888874460055944
90393,0.448943242810839
90394,0.4489267562214629
90395,0.4488856659815731
90396,0.4489298298811248
90397,0.44893746847909377
90398,0.44894351395279125
90399,0.44888513295486265
90400,0.44894274615888297
90401,0.4489454202120888
90402,0.44895057554784296
90403,0.4489307167144441
90404,0.44894205838341195
90405,0.4489169679967926
90406,0.448947502550952
90407,0.44890130690333724
90408,0.4489588065253045
90409,0.448919795479608
90410,0.4489419348823307
90411,0.4489199032738359
90412,0.4489300631623506
90413,0.44894032489424374
90414,0.44890849497726004
90415,0.4489423169606265
90416,0.44895504261125685
90417,0.4489146662677399
90418,0.4489325750284812
90419,0.4489006606282405
90420,0.44894832953359226
90421,0.4489374370653661
90422,0.4489281125943374
90423,0.4489505429778271
90424,0.448892915555767
90425,0.44895412172103444
90426,0.4489594762774092
90427,0.4489098817678178
90428,0.4488906568109524
90429,0.44890167410404097
90430,0.4489599960777175
90431,0.4489213699216363
90432,0.4489111541520216
90433,0.4488889803614116
90434,0.44893490436798733
90435,0.44894421925259154
90436,0.44891829725501187
90437,0.4489214988789867
90438,0.4489056507968541
90439,0.4489661338045044
90440,0.44895681726844366
90441,0.44889011105639365
90442,0.4488886320104352
90443,0.4489642085312342
90444,0.44891971463304164
90445,0.4489556467278714
90446,0.4489623731994337
90447,0.44891839992484395
90448,0.4489206791697019
90449,0.4489224032370808
90450,0.44894406169173035
90451,0.44890797038329855
90452,0.44892905894419183
90453,0.44889467549858686
90454,0.4488882909321082
90455,0.44889940576836695
90456,0.4489260413339252
90457,0.4489434588981258
90458,0.44890294053465607
90459,0.44889545900132405
90460,0.44888763390973324
90461,0.4489102139183975
90462,0.44896492457752524
90463,0.4489165070555274
90464,0.44894444955700613
90465,0.4489621794321186
90466,0.4489338381531766
90467,0.44895769219735376
90468,0.4489513421852953
90469,0.4489652334160382
90470,0.44889668476053063
90471,0.44890428351473655
90472,0.44889448553474076
90473,0.44891383184324535
90474,0.44892396131132123
90475,0.4489612038163469
90476,0.44896530318514
90477,0.4489175157366032
90478,0.44891485904307177
90479,0.4489171449020576
90480,0.4489358492316785
90481,0.44893769250268173
90482,0.44894431778990224
90483,0.4489506097713357
90484,0.4489586524366561
90485,0.4488998569569499
90486,0.4489483895472882
90487,0.4489287125785516
90488,0.4488960429467874
90489,0.4489092831062649
90490,0.4489028904385296
90491,0.4489226211413818
90492,0.4489285975077956
90493,0.4489119399684623
90494,0.44893267786264596
90495,0.4489294208534586
90496,0.44894036275332294
90497,0.4488870881545444
90498,0.44895923092702766
90499,0.44895199656365486
90500,0.4489261863283181
90501,0.4489333454671763
90502,0.4489128486243352
90503,0.4489053839542536
90504,0.4488882120706846
90505,0.4488985546472335
90506,0.4489336430628154
90507,0.4489136681673592
90508,0.44889250223123883
90509,0.4489648356313532
90510,0.448911820103148
90511,0.4489612659813121
90512,0.4489443683814229
90513,0.4489187525751336
90514,0.44895608022597433
90515,0.4489251311900635
90516,0.4489036169006719
90517,0.448890865129027
90518,0.44889452025458143
90519,0.44894997986189245
90520,0.44893444706494423
90521,0.44891277571395133
90522,0.44895406798824317
90523,0.44892292617608553
90524,0.4488892485261482
90525,0.44890099409948486
90526,0.4489199579991833
90527,0.448922289323118
90528,0.4489660126189377
90529,0.4489445003143133
90530,0.4488916487950036
90531,0.44890424647896426
90532,0.4489526537521665
90533,0.44892218648842536
90534,0.4489286510749133
90535,0.4489284993021929
90536,0.44892220847740566
90537,0.44895891068354027
90538,0.4489272986717057
90539,0.44894537177126
90540,0.44890517299181687
90541,0.44893132132721664
90542,0.44894395307122426
90543,0.44890316125076507
90544,0.44894989620380726
90545,0.4489060851208113
90546,0.4489368279896031
90547,0.4489102278057749
90548,0.4489354144133724
90549,0.4489225796442785
90550,0.44891270412423684
90551,0.44888684677049173
90552,0.4489354939381109
90553,0.4489124695202454
90554,0.44888758381460303
90555,0.4489046583189176
90556,0.4489181436626412
90557,0.44892879706165933
90558,0.44894899118569265
90559,0.4489422799261876
90560,0.44890668890598673
90561,0.4489510768302131
90562,0.44890622846193434
90563,0.44888888463373494
90564,0.4489560051643557
90565,0.4488915509190673
90566,0.4489000498968587
90567,0.4489610454297292
90568,0.4489133019607297
90569,0.4489015428313029
90570,0.4489128463093424
90571,0.44892645036109985
90572,0.44891096881659553
90573,0.4489047532185671
90574,0.44894916329503043
90575,0.44893069108780603
90576,0.4489406534042116
90577,0.4489633360836892
90578,0.4488899060466075
90579,0.44892319037503603
90580,0.44895431185099033
90581,0.44891129021899073
90582,0.4489204958182585
90583,0.44896458168305275
90584,0.44895243518493183
90585,0.448946027966946
90586,0.448918357269631
90587,0.4489335855270081
90588,0.44892959263093163
90589,0.44892441382087533
90590,0.44895068317770465
90591,0.44895637897739843
90592,0.4488877170700849
90593,0.44890385166988417
90594,0.44892166007538975
90595,0.4489171730079052
90596,0.44891799205460686
90597,0.44889124042750433
90598,0.4489203089947593
90599,0.4488921580125141
90600,0.4489521587524758
90601,0.4489654752944937
90602,0.4489232414628619
90603,0.448933482693087
90604,0.4489034390063006
90605,0.44889196126924086
90606,0.44891768933364246
90607,0.44889073501325893
90608,0.4489574197317865
90609,0.4489421828776084
90610,0.44894159115859605
90611,0.44892279573162397
90612,0.44891773661981554
90613,0.4489607033617774
90614,0.44890697046497474
90615,0.44888812312291826
90616,0.4489413167100042
90617,0.44895681809513255
90618,0.44893046574276685
90619,0.44896317058824875
90620,0.4489021552148933
90621,0.4489145445828558
90622,0.4489288459994841
90623,0.4488983048328478
90624,0.448941243964612
90625,0.4489288383943024
90626,0.4489369075119832
90627,0.4489152966711533
90628,0.44894007342621084
90629,0.4489655870575193
90630,0.4489238429350935
90631,0.4489116921380347
90632,0.4489285366653012
90633,0.44890987499093044
90634,0.44893824503534685
90635,0.44891303164472623
90636,0.4489575047125839
90637,0.4489033077343682
90638,0.4489153017963451
90639,0.44893623494854423
90640,0.44896430723521646
90641,0.4489034166867324
90642,0.4489508741334294
90643,0.4489337086994177
90644,0.44896269592451404
90645,0.4489358059160173
90646,0.4489442146240528
90647,0.4489103739565939
90648,0.4489380380425501
90649,0.4489200980340409
90650,0.44895237847527303
90651,0.44895788050772123
90652,0.44888483817063624
90653,0.44891157591032366
90654,0.4489499238148245
90655,0.44893751675565824
90656,0.44895658200327154
90657,0.44892412961817296
90658,0.4489360808608463
90659,0.44889918621048663
90660,0.4489549615997325
90661,0.44895454893447473
90662,0.44889130474266553
90663,0.44892663288500256
90664,0.4489419294256067
90665,0.44892748599019017
90666,0.448925101099544
90667,0.44889249694063216
90668,0.4489506005128396
90669,0.4489336336394102
90670,0.4489330017450543
90671,0.4488847222756549
90672,0.44893841962569375
90673,0.4489221489588177
90674,0.4488870221870007
90675,0.4489173419756632
90676,0.4489178697100615
90677,0.44894454677300494
90678,0.4488869982145193
90679,0.44892486550397337
90680,0.44889059117612273
90681,0.4489502101663071
90682,0.44891498783552286
90683,0.44889523696078165
90684,0.4489087213133649
90685,0.448887642011615
90686,0.44894212468167366
90687,0.44895876932567186
90688,0.44893358387532856
90689,0.4488906540016538
90690,0.44892864115412534
90691,0.4489470442541842
90692,0.4489043600610889
90693,0.44896054398319424
90694,0.44894486916660076
90695,0.44891545952165696
90696,0.4489617879291838
90697,0.44892057864876783
90698,0.4488910030142925
90699,0.44888473235917664
90700,0.448908766283211
90701,0.44895558357299864
90702,0.4489600506363144
90703,0.4489477781564343
90704,0.4489092435935066
90705,0.448927995209734
90706,0.44892714541033685
90707,0.4489643642734582
90708,0.44890731881667156
90709,0.44895347643494077
90710,0.4489508895108195
90711,0.4489091303409182
90712,0.44895744387089737
90713,0.44894626587744213
90714,0.44891237743114104
90715,0.4489527784105814
90716,0.44894650279766457
90717,0.44888825687569445
90718,0.4489639375558921
90719,0.4489615105051441
90720,0.448905256815104
90721,0.44894327290140157
90722,0.4489540254974189
90723,0.44890550133851964
90724,0.4489080785101226
90725,0.44891955607986206
90726,0.4489022911173278
90727,0.4488925022296024
90728,0.44892217111177035
90729,0.44892158650496006
90730,0.4489136769299087
90731,0.44892657981555073
90732,0.4488941599997885
90733,0.44891287474689934
90734,0.44892812515868713
90735,0.44893307845841895
90736,0.44895006368517987
90737,0.4489117174336718
90738,0.44889960631594633
90739,0.4489047727267873
90740,0.44896122216841666
90741,0.44894883015462017
90742,0.44893588295992426
90743,0.44896519952203223
90744,0.4489074629832383
90745,0.4489641777810986
90746,0.44895718016800307
90747,0.44890623028090054
90748,0.44888637161167416
90749,0.4488957402284062
90750,0.4488846242347204
90751,0.4489660716418718
90752,0.44891515233854634
90753,0.44894628224644423
90754,0.4489263539738425
90755,0.44892056327308727
90756,0.4488918068505998
90757,0.44893401108878356
90758,0.4489653102947568
90759,0.448903663194863
90760,0.4489365833006069
90761,0.4489108294420835
90762,0.44893003241087676
90763,0.4488915848121511
90764,0.4488844845288085
90765,0.44891260492754315
90766,0.44896295367307876
90767,0.4489335498155793
90768,0.4489561359407435
90769,0.4489080098963489
90770,0.44895411378554756
90771,0.4489588061943125
90772,0.448947425837605
90773,0.4489424475716875
90774,0.4489199556852635
90775,0.4489031169429365
90776,0.44889720158438823
90777,0.448934709609719
90778,0.44894574938671306
90779,0.44889905179757184
90780,0.4489029073039098
90781,0.4489292431233126
90782,0.44889564912961694
90783,0.44891574240202825
90784,0.4489031799338428
90785,0.44890548050558227
90786,0.44891380688001326
90787,0.4489210113186412
90788,0.44889307691993957
90789,0.448942951995252
90790,0.44896472171784557
90791,0.4489384442598756
90792,0.44893207192742823
90793,0.4489235169027113
90794,0.44892374869673907
90795,0.4489115851692574
90796,0.4489142858407736
90797,0.4489321478141992
90798,0.44891026087225555
90799,0.4488991713298074
90800,0.4489118978075336
90801,0.44889208196046104
90802,0.44889450554017024
90803,0.4489013806407441
90804,0.4488945728283572
90805,0.4488854421240823
90806,0.44892854261845583
90807,0.4488939148143904
90808,0.4489326406647
90809,0.44890720060379397
90810,0.44889313858652824
90811,0.44891359591758273
90812,0.4489625454733877
90813,0.44889104864419016
90814,0.4488891737976518
90815,0.44893456345754573
90816,0.44889009551402953
90817,0.4489285464197976
90818,0.4488865273532838
90819,0.44892626932426744
90820,0.448924159708292
90821,0.44892116110966235
90822,0.4489048424953028
90823,0.448917772827212
90824,0.44896547893220573
90825,0.4489018229010419
90826,0.44892725535509004
90827,0.4489509062084628
90828,0.4488860998087726
90829,0.4489026715410732
90830,0.4489110402392777
90831,0.4488863016772022
90832,0.4489059905517624
90833,0.44892730462432184
90834,0.4488906670624013
90835,0.44888649362627353
90836,0.44892545854274635
90837,0.4489493597076727
90838,0.44895308526437605
90839,0.44889488629486196
90840,0.44894219048158823
90841,0.44889959441213906
90842,0.4489235926248172
90843,0.4489395352760315
90844,0.44889013172233116
90845,0.4489325432854205
90846,0.4489020771793461
90847,0.44895874865888863
90848,0.44891951788853185
90849,0.4489299183328209
90850,0.448951170240261
90851,0.44888493290600046
90852,0.4488846822649815
90853,0.4489393453112521
90854,0.4488870015210797
90855,0.44889145502730216
90856,0.44889423985366655
90857,0.44893922379338264
90858,0.44893969349646096
90859,0.44889775114204034
90860,0.4488902489419553
90861,0.4489628481938279
90862,0.4489462172716244
90863,0.44895393638426756
90864,0.44896122845134956
90865,0.44890237427782126
90866,0.4489220234716815
90867,0.4489075238260748
90868,0.4489198148229505
90869,0.4489416584497848
90870,0.44888532738348486
90871,0.4489531707405234
90872,0.4489632972297679
90873,0.4489370015866653
90874,0.4489183364370727
90875,0.44892262511094944
90876,0.4489197896934901
90877,0.44891721285286945
90878,0.4489380340736969
90879,0.448921948744015
90880,0.4489374851781719
90881,0.44892796776312555
90882,0.4489613635255611
90883,0.44891917400243053
90884,0.44895483578194983
90885,0.44889750909856446
90886,0.4489614595825157
90887,0.44893739672564087
90888,0.4489288180576634
90889,0.4489356346343232
90890,0.44890359061430496
90891,0.4488973584812885
90892,0.44894922645098534
90893,0.44895581371300275
90894,0.44892275952456306
90895,0.4488999058943395
90896,0.44891339404987163
90897,0.4489392877746672
90898,0.44895976097646123
90899,0.44896111337971106
90900,0.44891974406059204
90901,0.44889903823880206
90902,0.44891692054827625
90903,0.44889787613219173
90904,0.44893151625087974
90905,0.4489072609502716
90906,0.4488977213829882
90907,0.44896223250315287
90908,0.4488884284879088
90909,0.448926522610915
90910,0.4488924048508404
90911,0.44889869865098697
90912,0.44895466334358614
90913,0.44891750234615496
90914,0.44889306633714116
90915,0.44892215226509724
90916,0.44892575283229286
90917,0.4489166619714223
90918,0.4489655971417884
90919,0.44895765119611636
90920,0.44895282867144587
90921,0.4489147175202611
90922,0.44889225919471704
90923,0.4488906067175372
90924,0.4489197500138526
90925,0.4489305813087829
90926,0.4488898994333571
90927,0.4489401053353975
90928,0.4488863663211122
90929,0.4489490908800182
90930,0.4489151240661481
90931,0.4489025941663404
90932,0.4489013763438136
90933,0.4488991227243129
90934,0.44896437915395376
90935,0.4489402301595786
90936,0.4488923884831914
90937,0.44890905114893664
90938,0.44896547165763545
90939,0.44891590095403877
90940,0.4489099414538413
90941,0.4489503437549414
90942,0.44894686949989654
90943,0.44892221988597386
90944,0.4489122102837163
90945,0.44890450042828145
90946,0.4489095606974227
90947,0.4489558408268072
90948,0.44893060544701924
90949,0.4488964959522769
90950,0.4488856241529722
90951,0.44893692636128096
90952,0.44889462838061406
90953,0.4489020965232887
90954,0.4488954259347913
90955,0.44895307038331206
90956,0.44894819561463123
90957,0.44888536954410596
90958,0.4489604437913371
90959,0.4489643994892254
90960,0.4488852958070949
90961,0.4489564262623666
90962,0.4488918233826859
90963,0.4489555523251497
90964,0.4489612697831716
90965,0.44891617573323284
90966,0.44890501460565335
90967,0.44893526231018605
90968,0.4489136833765186
90969,0.44893221923690707
90970,0.4489407623578818
90971,0.44894261587777695
90972,0.44890814331891005
90973,0.44891362022157955
90974,0.4489134042996052
90975,0.448928249156523
90976,0.44893224502751505
90977,0.44893445830645595
90978,0.4489284930197572
90979,0.44892677374742007
90980,0.4489527144281039
90981,0.4489131081927465
90982,0.44890658177350845
90983,0.44893430091308467
90984,0.44896370162802723
90985,0.4488964519760708
90986,0.44891580605563947
90987,0.4489659750889341
90988,0.44896048165196417
90989,0.44889237244518915
90990,0.4489297887129196
90991,0.44890432616919923
90992,0.44893653882586987
90993,0.4488907634491909
90994,0.44894591587378846
90995,0.4489475209026096
90996,0.44890962914422194
90997,0.4489479497691408
90998,0.448964605820334
90999,0.4489543247467963
91000,0.44894973054425524
91001,0.44891885607193927
91002,0.44894703251613655
91003,0.4489007877666362
91004,0.4488866728427924
91005,0.4489184564669484
91006,0.44893009242585186
91007,0.4489005258836267
91008,0.448926521617633
91009,0.44889950992658223
91010,0.44892808928193567
91011,0.44896554423732876
91012,0.4489090906616063
91013,0.44893118608726396
91014,0.44891956153708856
91015,0.44895062894838145
91016,0.4489419676160803
91017,0.4489409981194983
91018,0.4489174269554844
91019,0.4489019477259166
91020,0.44888775509692963
91021,0.44891772107835715
91022,0.44894562720717923
91023,0.4489470702117478
91024,0.44888831523730355
91025,0.4489409347983207
91026,0.4489618682794466
91027,0.44894449783346935
91028,0.44894248212570165
91029,0.4488904570927137
91030,0.44889376899155065
91031,0.4488975299306634
91032,0.4489114249633179
91033,0.4489525231407463
91034,0.44890102352794137
91035,0.44891012067201036
91036,0.44894297117200943
91037,0.4489432097454876
91038,0.4489074628187141
91039,0.4489329299933074
91040,0.4489573142509734
91041,0.44891900486815806
91042,0.4488861781753466
91043,0.448939018616552
91044,0.44891223342998104
91045,0.4489217058727764
91046,0.4489078356393182
91047,0.4489178325110446
91048,0.448906455295652
91049,0.44895599309522377
91050,0.4489017298186908
91051,0.44894846659286775
91052,0.44891825278073877
91053,0.4489049684780871
91054,0.4489204789553941
91055,0.44892026882118335
91056,0.44895542650768366
91057,0.44895604633296327
91058,0.4489058710170428
91059,0.4489579393662941
91060,0.44895263275443237
91061,0.4488948031353008
91062,0.44894204548835687
91063,0.44895403359857183
91064,0.448906032544946
91065,0.44890714059043274
91066,0.4489601726505997
91067,0.4489567498144132
91068,0.4489397804610506
91069,0.44895280354117895
91070,0.44895815132004874
91071,0.4489132194600953
91072,0.4489153623073515
91073,0.44896072005854026
91074,0.44896553117616966
91075,0.4489182135978503
91076,0.4489084743112627
91077,0.4489203698364017
91078,0.44891338826331567
91079,0.4489489852329577
91080,0.4489430262270526
91081,0.44888798474134145
91082,0.4488874960232311
91083,0.4489324340015316
91084,0.4489134626612946
91085,0.44892772886232196
91086,0.44889939452760963
91087,0.4489650512206469
91088,0.44893936233858395
91089,0.44894121205752724
91090,0.44890945141398686
91091,0.44891597370072867
91092,0.448941609510295
91093,0.4488887247600851
91094,0.44894240475077607
91095,0.44889131036319985
91096,0.4489324991417591
91097,0.44894831829077875
91098,0.4488852144641
91099,0.44891388392399034
91100,0.4489374823675983
91101,0.4489473932671285
91102,0.4489129417049623
91103,0.44890351803469414
91104,0.4489098539939298
91105,0.44892665090730927
91106,0.44896414636787957
91107,0.44888607649746354
91108,0.4489489591116157
91109,0.44888714122532064
91110,0.44896625482772684
91111,0.4488947611410528
91112,0.44894963035329344
91113,0.4489365424635424
91114,0.448945856851157
91115,0.4489112609558652
91116,0.4489248160701971
91117,0.4489528974476069
91118,0.44889198457993146
91119,0.4488856034870541
91120,0.4489118715199891
91121,0.44895187306136686
91122,0.4489524983407457
91123,0.44893080417341963
91124,0.44893078416757026
91125,0.4489309519789378
91126,0.44890407288330897
91127,0.44890533832139046
91128,0.44892966686592056
91129,0.44891925765929597
91130,0.44895419033179346
91131,0.44889230102409866
91132,0.44894182427546897
91133,0.44892980971115204
91134,0.4488901401549829
91135,0.4489176413890618
91136,0.4489568303303279
91137,0.4488956777334486
91138,0.44892848243782857
91139,0.4489004698365478
91140,0.4488924213839093
91141,0.4488882598508888
91142,0.44891542662260286
91143,0.4489462614144921
91144,0.4489262815586965
91145,0.4488892991188749
91146,0.44890177760082617
91147,0.44892048771828724
91148,0.44892402479860705
91149,0.4489114935745888
91150,0.44891708042274925
91151,0.44895047932554555
91152,0.4489567804001657
91153,0.4489612687919176
91154,0.4488867690660942
91155,0.44896236460221306
91156,0.448929696128679
91157,0.4489525490963992
91158,0.448897851993976
91159,0.44890816382027837
91160,0.4489103486619821
91161,0.4488936855014382
91162,0.44889081585885754
91163,0.4489246507397137
91164,0.44892819509349713
91165,0.4489619598729016
91166,0.4489660222077309
91167,0.44896027780113645
91168,0.4489015496098395
91169,0.44894393637125074
91170,0.44891752846878763
91171,0.4489234253087036
91172,0.4489380547408939
91173,0.4489152429404711
91174,0.4489451874285114
91175,0.44889423605186624
91176,0.44895863854955437
91177,0.4489515749705105
91178,0.44893807871421026
91179,0.4489093492396837
91180,0.4489024984400916
91181,0.44889836600601835
91182,0.44892848772872945
91183,0.4489416409240378
91184,0.44892212184329444
91185,0.4488919829279327
91186,0.4489586383825828
91187,0.4489630910635422
91188,0.44890611041463285
91189,0.44888700019808114
91190,0.4489535357898349
91191,0.4489380206828834
91192,0.4489027375091493
91193,0.4489438799951835
91194,0.44894153445029983
91195,0.4489067542131688
91196,0.4489104880346657
91197,0.448924896916061
91198,0.4489406416670411
91199,0.4489140677711147
91200,0.44888461216562014
91201,0.4489032211007857
91202,0.4488897463360624
91203,0.4488899816014076
91204,0.4489420220098025
91205,0.4489425330471909
91206,0.4489635994554186
91207,0.44888470689991045
91208,0.4489216534621584
91209,0.4488890706304817
91210,0.44891225922079164
91211,0.4489338801471096
91212,0.44893800034724884
91213,0.4488867535257609
91214,0.44889842552403303
91215,0.44891955674207307
91216,0.4489206499078671
91217,0.4489189033564516
91218,0.44892084334447646
91219,0.4488940659264699
91220,0.4489052280460433
91221,0.44893633001262434
91222,0.4489380886340154
91223,0.44890107792075595
91224,0.4489124101665522
91225,0.4489285626231281
91226,0.4489539808598318
91227,0.44892299809477676
91228,0.4489155235045686
91229,0.4489474284811989
91230,0.4488962433286387
91231,0.44894626835746393
91232,0.44894646113403314
91233,0.4489401463356952
91234,0.4489356632349208
91235,0.44893271621939773
91236,0.44888894283171943
91237,0.4488983236805648
91238,0.4489384447562994
91239,0.4489587827173868
91240,0.4489028557200515
91241,0.44892354286030156
91242,0.4489019015983832
91243,0.44891298353265874
91244,0.4489596282161168
91245,0.4488937002150826
91246,0.44891905430282203
91247,0.4489537776686201
91248,0.4489186186570528
91249,0.44891271057369647
91250,0.44895160307674176
91251,0.4488871575933913
91252,0.4488906321767546
91253,0.44888628382154105
91254,0.4489528493364608
91255,0.4489546291205884
91256,0.44891759955920124
91257,0.44892864561898377
91258,0.4488869249726886
91259,0.44896539329064905
91260,0.4489249121272287
91261,0.44893416038227674
91262,0.4489279317227144
91263,0.44895110030716395
91264,0.4489294897966197
91265,0.4489526233297774
91266,0.4489421236893156
91267,0.44894325835229715
91268,0.44889243179876825
91269,0.4489581402419749
91270,0.44895050313356005
91271,0.44891213753762366
91272,0.4489483629290709
91273,0.448910261202912
91274,0.44892428866441597
91275,0.44888917445895204
91276,0.4488943545921238
91277,0.44890405651563337
91278,0.44895035747573336
91279,0.44889441659265517
91280,0.44890298963681863
91281,0.4489097321446819
91282,0.4489122745956458
91283,0.4488927775048625
91284,0.4488929049759241
91285,0.4489381992405257
91286,0.44891607091463015
91287,0.4488959601178346
91288,0.4489616194562323
91289,0.44892886368987556
91290,0.44889575395042486
91291,0.4488888457819396
91292,0.4489190318185965
91293,0.44892627726005196
91294,0.4488985019068287
91295,0.4489329008935132
91296,0.44890203138317175
91297,0.44894599258746076
91298,0.4489443124993763
91299,0.44889782521049365
91300,0.4489624667756965
91301,0.4489002469706988
91302,0.4489526724337971
91303,0.44894354288478605
91304,0.4489555642292249
91305,0.44893335737090473
91306,0.44890130277014867
91307,0.44894863026931303
91308,0.4489614294932174
91309,0.448936888169149
91310,0.448896260358064
91311,0.4489636626109219
91312,0.448953844957808
91313,0.44889860375032437
91314,0.44891498585082384
91315,0.4489283688557481
91316,0.44888738293850605
91317,0.4489594762774441
91318,0.44892560172023716
91319,0.44892701909782673
91320,0.44892559180032077
91321,0.4489246211448718
91322,0.44892559808168114
91323,0.4489039427678989
91324,0.448892483051297
91325,0.44893364190461826
91326,0.4489264240735358
91327,0.4488902532409957
91328,0.4489427033366964
91329,0.4489365803229846
91330,0.4489298315343075
91331,0.44889721001547556
91332,0.4489502381088057
91333,0.4489179621301388
91334,0.4489507512937904
91335,0.44893468861311653
91336,0.4489460640089992
91337,0.44892103099460534
91338,0.4489608326501251
91339,0.44889480445800933
91340,0.4488847555070779
91341,0.44891335949416594
91342,0.4489181605267352
91343,0.44894370953876267
91344,0.44892574274706976
91345,0.44888782453615916
91346,0.448961369312476
91347,0.4488991265261644
91348,0.4489435977757494
91349,0.4489554946239357
91350,0.4489439863023482
91351,0.44894473706834326
91352,0.44890267782360826
91353,0.44891617821451096
91354,0.448932206341537
91355,0.44889946611492343
91356,0.4489587880080027
91357,0.44890558416867765
91358,0.44889249396435893
91359,0.4489187757217746
91360,0.4488968672844519
91361,0.44894985933599657
91362,0.44896554919594805
91363,0.4489265956873194
91364,0.44892379333598664
91365,0.4489258710435737
91366,0.4489278879093878
91367,0.4489518895931062
91368,0.44894540616031564
91369,0.44889458374142205
91370,0.4489311211127674
91371,0.4489236283345241
91372,0.4489326175183133
91373,0.4489072417726508
91374,0.4488923398750752
91375,0.4489574599083423
91376,0.44893772854467007
91377,0.4489324859140087
91378,0.4488851346095436
91379,0.44889291406875753
91380,0.44889073815527936
91381,0.4489329081680423
91382,0.44890450538737653
91383,0.44893630223804254
91384,0.44891469288559427
91385,0.44889846404731715
91386,0.4489368068257309
91387,0.44889595433057156
91388,0.4489312563527229
91389,0.44891326922492275
91390,0.4488929147300145
91391,0.4489617672629523
91392,0.4489230166130573
91393,0.4489562906910085
91394,0.4489568843916834
91395,0.4488939154760526
91396,0.44889011403201584
91397,0.4489039186300521
91398,0.44890030152978644
91399,0.4489034861251265
91400,0.448930117886726
91401,0.4488965447260722
91402,0.4488933138380731
91403,0.4489310544828896
91404,0.44894881246350665
91405,0.4489095350714672
91406,0.44894700755121153
91407,0.4489407387163796
91408,0.4489422627322219
91409,0.4489003284794424
91410,0.448929815331035
91411,0.44891053482480714
91412,0.4488864812257472
91413,0.4489347636727283
91414,0.4489442691827257
91415,0.4489034752133252
91416,0.44891743406430457
91417,0.4489216622258625
91418,0.4489044144547874
91419,0.4489413482894852
91420,0.4489310811023233
91421,0.44895795143579653
91422,0.4489643753496756
91423,0.44891518160116356
91424,0.44892199900448715
91425,0.4489538376836351
91426,0.44893550534592513
91427,0.44889204426422846
91428,0.4489513347440619
91429,0.44895192199880307
91430,0.4489530050787358
91431,0.4488990901538113
91432,0.4489581346216469
91433,0.4489633742753788
91434,0.44894033663239663
91435,0.4489350485378124
91436,0.44894346716338523
91437,0.448911662378241
91438,0.4488848957066463
91439,0.44889988258310676
91440,0.44896445041105676
91441,0.4489479648133418
91442,0.44893358106472214
91443,0.4489007563529489
91444,0.4489407993919826
91445,0.44894288768177504
91446,0.4489498047772557
91447,0.44892239827584873
91448,0.44895566160854133
91449,0.4489172915485257
91450,0.4489523212718201
91451,0.4488852657169507
91452,0.4488850268136781
91453,0.44890998063716103
91454,0.44896517604671105
91455,0.4488875616610638
91456,0.44893072183892224
91457,0.44891849614789725
91458,0.448964254329128
91459,0.4488940682397735
91460,0.4488852192574542
91461,0.44896193788262717
91462,0.44890707429259397
91463,0.4488968036331868
91464,0.44895777767354506
91465,0.4489439019833573
91466,0.4488848191577221
91467,0.4489475199103278
91468,0.44892321087592807
91469,0.44890696748940173
91470,0.44894337805157586
91471,0.4489166160091739
91472,0.4489523797996149
91473,0.44896077825486314
91474,0.4489193609899227
91475,0.4488963888181277
91476,0.44888589926164735
91477,0.44893732927083585
91478,0.4489358250943263
91479,0.4489643164937096
91480,0.44895175683407207
91481,0.4489547509683321
91482,0.44892114077403256
91483,0.44891879688403274
91484,0.44895406104429975
91485,0.448941123934729
91486,0.4489365290704763
91487,0.448913253187586
91488,0.4489217721710459
91489,0.4488862952292904
91490,0.4489492500922371
91491,0.44894767250996626
91492,0.4489197586109796
91493,0.44891733040288095
91494,0.4489053998252241
91495,0.4489215455026288
91496,0.4489311801353673
91497,0.4489656297135656
91498,0.4489191407710847
91499,0.44895168673262653
91500,0.4489420206884898
91501,0.44894853007809243
91502,0.4489546841752686
91503,0.4489475840588578
91504,0.4488986186317399
91505,0.4488950808897325
91506,0.4488885721601457
91507,0.44888800226503167
91508,0.44893529636654633
91509,0.4489073677541292
91510,0.4488861823081853
91511,0.44893293478716684
91512,0.44895954191485926
91513,0.4489399710867559
91514,0.448920297753639
91515,0.44889466756427715
91516,0.44891720871926133
91517,0.4489659446673879
91518,0.44888584999316944
91519,0.44890686862111967
91520,0.4489455053582291
91521,0.44891469635749737
91522,0.4489110686752282
91523,0.44891310339818685
91524,0.4489147302490322
91525,0.4489593742694563
91526,0.4489220548857856
91527,0.4489110919884916
91528,0.4489540370717979
91529,0.4489046379832186
91530,0.4489043423720043
91531,0.4489005682085784
91532,0.44895511485974093
91533,0.44892730379732865
91534,0.44889013337564027
91535,0.4489009866600016
91536,0.44889297986937404
91537,0.4489560570789999
91538,0.44891787929992044
91539,0.4489301101165807
91540,0.4489225784873487
91541,0.44895924233575984
91542,0.44890086183548994
91543,0.44894957100034727
91544,0.4488919627575523
91545,0.44895011146533087
91546,0.4489173285838057
91547,0.4489239363452127
91548,0.4489046054127721
91549,0.44896295830396954
91550,0.4489461714750625
91551,0.4489453816918174
91552,0.4489348435273691
91553,0.4489368962711141
91554,0.4488893015988411
91555,0.44888831358399894
91556,0.44890019423098476
91557,0.4489204650676682
91558,0.4489474202163373
91559,0.4489654501638643
91560,0.4489384227656169
91561,0.4488960431121749
91562,0.44889574568259477
91563,0.4489593939441851
91564,0.4489613078095567
91565,0.4489234790427451
91566,0.44896299930514205
91567,0.4489113889203489
91568,0.44893416616846593
91569,0.4488873002735723
91570,0.44888534061088403
91571,0.44895578130776426
91572,0.4489575596029866
91573,0.44891780192528435
91574,0.4489437426039599
91575,0.4489135091197995
91576,0.4488898878602751
91577,0.44892590692056944
91578,0.4489539307643377
91579,0.44888579047417776
91580,0.4489362430487644
91581,0.44889326489896986
91582,0.44893733902528893
91583,0.44895981834613174
91584,0.4489158318459304
91585,0.44896350191051043
91586,0.44896544040983094
91587,0.44890377892534383
91588,0.44891748845841567
91589,0.4489541164304596
91590,0.4489466281182124
91591,0.4489281097829541
91592,0.44891753243629134
91593,0.44890367857053687
91594,0.4489047218058158
91595,0.4488945381105752
91596,0.4488990496482758
91597,0.44895189207480196
91598,0.4489307983873412
91599,0.44891519648094996
91600,0.44890583877837714
91601,0.44889685141408053
91602,0.4489031981194079
91603,0.44895478519173787
91604,0.4489099384762442
91605,0.44893475441462927
91606,0.448911799435896
91607,0.44893157296054664
91608,0.4489342122946909
91609,0.44894412534560774
91610,0.4489069537669971
91611,0.44890574768096164
91612,0.448911705364548
91613,0.4489536883885657
91614,0.4489267196851448
91615,0.4489594180823427
91616,0.44890585861764953
91617,0.44890039361798306
91618,0.4489297207629545
91619,0.4489382460273316
91620,0.4489577417971817
91621,0.4488967170003495
91622,0.44894907864589056
91623,0.44888553404823917
91624,0.448913428934647
91625,0.4489150341264227
91626,0.44890312206824573
91627,0.44892846607012504
91628,0.4489412929041683
91629,0.44895513007191473
91630,0.44892243762547585
91631,0.44888984503968743
91632,0.4489499224913031
91633,0.4489072207753601
91634,0.44895710973839037
91635,0.4488923441753937
91636,0.448929675461443
91637,0.4489296384287787
91638,0.4489644694243339
91639,0.44891793733060237
91640,0.44890128458466233
91641,0.44893411375907394
91642,0.44895992729888157
91643,0.44889449066036374
91644,0.4489356969635323
91645,0.448923665369402
91646,0.4488951308185925
91647,0.4489535791068563
91648,0.44892068016253533
91649,0.4489077739714226
91650,0.448916589887376
91651,0.44895054198582385
91652,0.44891384606167345
91653,0.4489450219327543
91654,0.4489414266560277
91655,0.44892482102936154
91656,0.4489605233165636
91657,0.448893221088133
91658,0.44890323879079846
91659,0.448917722731315
91660,0.4489607701548349
91661,0.4488849082708173
91662,0.4489049453325488
91663,0.4488970686569986
91664,0.44893819262564555
91665,0.4488859316673006
91666,0.4489231655745385
91667,0.4489032450741228
91668,0.4488971986076988
91669,0.44892579846310915
91670,0.44896132483729523
91671,0.44891275256684815
91672,0.4489016731113294
91673,0.44893024618353916
91674,0.4489278799739342
91675,0.4488908775288024
91676,0.44894865606083645
91677,0.4488962198513246
91678,0.4489146298950907
91679,0.44896152455773625
91680,0.4489366026426222
91681,0.44894200250213895
91682,0.4489447759205984
91683,0.44895537525620155
91684,0.448884956216688
91685,0.4488981996835605
91686,0.448955200502679
91687,0.44888563936205855
91688,0.44889150280786294
91689,0.44893961876618865
91690,0.4489014532225551
91691,0.44891344910413183
91692,0.44894773963413415
91693,0.4488884646943884
91694,0.4489417083778818
91695,0.44894888967278856
91696,0.4489059703809853
91697,0.44890234749499597
91698,0.44891290086869606
91699,0.44891860228940184
91700,0.44891589731804504
91701,0.44890048884914724
91702,0.44893178772514886
91703,0.44890908190076567
91704,0.4489539985498274
91705,0.44892955906973686
91706,0.448897338477999
91707,0.44890326425159294
91708,0.44889732144855415
91709,0.4488850041637165
91710,0.44895717818492004
91711,0.44893837878770554
91712,0.4488956957528485
91713,0.44888707658110977
91714,0.44895050776274903
91715,0.44889889506387765
91716,0.4489056238479568
91717,0.44892419260864685
91718,0.4488944633795683
91719,0.4489007044409018
91720,0.4489313649747597
91721,0.4489300466283937
91722,0.4489101815119148
91723,0.4489561881864765
91724,0.4489650880892937
91725,0.4489624773575981
91726,0.4489582794510797
91727,0.4489354941034964
91728,0.4489245550126548
91729,0.44893824090217727
91730,0.44893155510520827
91731,0.4488878227178345
91732,0.44890823292847715
91733,0.4489281638463706
91734,0.4489385770206002
91735,0.44891643331805237
91736,0.4488856525894398
91737,0.4488907503879943
91738,0.4489121019919656
91739,0.44889231887907943
91740,0.4489541438749502
91741,0.44890617390154286
91742,0.448925814829905
91743,0.44891374719540006
91744,0.4489643899000174
91745,0.44888502995401736
91746,0.4488963731130643
91747,0.4489066768381255
91748,0.44892324592642663
91749,0.4489368412152976
91750,0.44892960453603503
91751,0.44896507420244464
91752,0.4488985353035694
91753,0.44890699609129786
91754,0.44895727639117067
91755,0.4489513975705775
91756,0.4489597603152042
91757,0.4488851403963951
91758,0.44896185323442656
91759,0.44895000598402024
91760,0.44894430439851124
91761,0.4489027113865699
91762,0.4489034990209591
91763,0.4489453788812012
91764,0.4489055540789655
91765,0.4488933740171843
91766,0.44890477917378
91767,0.44894407773037265
91768,0.4489005809390466
91769,0.4488929287822245
91770,0.448936654887899
91771,0.44892879821900084
91772,0.4489308355862929
91773,0.4489027920686102
91774,0.4489306366941363
91775,0.4488908304079917
91776,0.4489423419255537
91777,0.4489534792472445
91778,0.4489442028839932
91779,0.44891133419727414
91780,0.44893709334434323
91781,0.4489293026429431
91782,0.44891156516423936
91783,0.4489144280261564
91784,0.44892876581332253
91785,0.4489102945993229
91786,0.44892506406510513
91787,0.4489243581032103
91788,0.44895422240593513
91789,0.4489496723479653
91790,0.44888963308473967
91791,0.4489248193768629
91792,0.44888466639366087
91793,0.4489096000463833
91794,0.448911155969692
91795,0.44893223114076525
91796,0.44891452540579896
91797,0.44891674645401364
91798,0.4489094704273659
91799,0.4489630535343526
91800,0.44889751438919184
91801,0.4488916183746377
91802,0.4489568686869829
91803,0.4489038567964025
91804,0.44890599253568686
91805,0.4489151447336918
91806,0.448915400995996
91807,0.44893629760951526
91808,0.4489622778033448
91809,0.44891426071048623
91810,0.44891753690058256
91811,0.448947403517292
91812,0.44892732181829403
91813,0.4489593203724917
91814,0.44892838026357995
91815,0.4489080204790983
91816,0.44893968886797125
91817,0.44891894072078137
91818,0.4489595314977662
91819,0.4489656376494072
91820,0.4488990494825061
91821,0.4489615027338235
91822,0.44893037646400086
91823,0.4489035431641406
91824,0.4489466977214818
91825,0.4489197323234931
91826,0.4489585492694634
91827,0.44891236536301354
91828,0.4489507336038383
91829,0.4489601969546178
91830,0.4489103313029961
91831,0.44889551521359133
91832,0.44889512486669586
91833,0.44891576918655784
91834,0.4488991817465867
91835,0.4489504811442136
91836,0.44889860457789665
91837,0.4489068064558932
91838,0.44894292289712245
91839,0.448965173566065
91840,0.4489001003229637
91841,0.4489520334322385
91842,0.4489222810577844
91843,0.448936352167814
91844,0.44892335818617685
91845,0.4489450644218727
91846,0.44896323721645925
91847,0.44889732905411633
91848,0.4489351560026976
91849,0.44892362238354655
91850,0.4489546805367373
91851,0.44891253499200345
91852,0.44895474733182816
91853,0.44896281463106774
91854,0.4489246257741499
91855,0.44891970884686505
91856,0.4489282398971321
91857,0.44890401799320434
91858,0.448919305438895
91859,0.448908425704172
91860,0.4489009372257089
91861,0.4489501709829349
91862,0.44896315752547444
91863,0.4489264270498832
91864,0.448908990307314
91865,0.44889565690141114
91866,0.44896028127149223
91867,0.4489189494824531
91868,0.44889847562091184
91869,0.44892553492539966
91870,0.4489471214642231
91871,0.4489333398468482
91872,0.4489162655093181
91873,0.4489273287625169
91874,0.4489062699586194
91875,0.4488893421047997
91876,0.4489523687207757
91877,0.4488885007364407
91878,0.44894512807492415
91879,0.4488910488104772
91880,0.44896137493247795
91881,0.4489569659012836
91882,0.44888539880714295
91883,0.4488919425859795
91884,0.44896204584349564
91885,0.4489132553372143
91886,0.44895866169556575
91887,0.4489382731428344
91888,0.4489466501066986
91889,0.4489414980775981
91890,0.44895443452494393
91891,0.44891734263734806
91892,0.44889389381695766
91893,0.44893928215466067
91894,0.44889157886027037
91895,0.44894072681100233
91896,0.4489198419362547
91897,0.44894859290500827
91898,0.44891690484224733
91899,0.4489641096635854
91900,0.4489552545648896
91901,0.44893500125301006
91902,0.44892600165461416
91903,0.4489304186219697
91904,0.44894395058969433
91905,0.44888789529754514
91906,0.448899996164747
91907,0.44889786522040165
91908,0.44891155507879493
91909,0.44889329366659225
91910,0.4489357331709685
91911,0.44890584026597297
91912,0.4489252732089609
91913,0.4488896059717858
91914,0.4489619507793635
91915,0.44896398847811925
91916,0.4489137653817381
91917,0.44894237267741977
91918,0.44896546008415766
91919,0.4489236336267971
91920,0.4489435352807934
91921,0.4489085520162254
91922,0.44892502703026294
91923,0.44891322789107785
91924,0.44893024882841587
91925,0.44889095771364895
91926,0.44895740237372894
91927,0.4489420816957816
91928,0.4489562222431802
91929,0.4489002696217725
91930,0.4489387727702507
91931,0.4489033396413968
91932,0.4488903717829488
91933,0.4488880067298618
91934,0.44892488914630585
91935,0.44893643979201503
91936,0.4489522020689794
91937,0.44892517334902104
91938,0.448958016740043
91939,0.44892324245484466
91940,0.4489323599335266
91941,0.44891406132200523
91942,0.448899997983412
91943,0.4489576688860771
91944,0.448926259900732
91945,0.44895712213820693
91946,0.44888922819039223
91947,0.4489375886751634
91948,0.44888847759101963
91949,0.448915861110631
91950,0.4489662186207185
91951,0.4489286786841482
91952,0.44894139458158355
91953,0.4489496759852025
91954,0.44893815377462015
91955,0.4489584080789336
91956,0.44895216850732333
91957,0.44895521405940164
91958,0.44890514290078354
91959,0.4489457135100449
91960,0.4489172627823464
91961,0.4489271978200935
91962,0.4489254297761773
91963,0.44894052494332587
91964,0.4489544332036262
91965,0.4489457267348192
91966,0.44892143820350505
91967,0.4489103489930124
91968,0.4489397788077016
91969,0.4489109703052345
91970,0.44895977817207905
91971,0.44895926399400576
91972,0.44894677245161635
91973,0.4489280110797602
91974,0.4488995226583141
91975,0.44895775866089666
91976,0.4489260489394369
91977,0.44888617999360303
91978,0.44891661121500565
91979,0.44892841531436206
91980,0.44892731503939154
91981,0.44888728373975784
91982,0.4488913310298863
91983,0.4489339922398894
91984,0.4489104402558076
91985,0.448939983486504
91986,0.4489371503832629
91987,0.4488868090764325
91988,0.44896549678624387
91989,0.44896156870062304
91990,0.4489457551733441
91991,0.44890272213341625
91992,0.4489334740942635
91993,0.44894227943026105
91994,0.44894420106523625
91995,0.44890947489051014
91996,0.4489463764848354
91997,0.44889200905053345
91998,0.44895302161213557
91999,0.44888930589704024
92000,0.44890130971486275
92001,0.4489407974087062
92002,0.4489323642317528
92003,0.4488877178979016
92004,0.44892577233997605
92005,0.4488928533924402
92006,0.4489381031827843
92007,0.4489648048795314
92008,0.4489313286007602
92009,0.44891625277725195
92010,0.4489393110871335
92011,0.44890867667503614
92012,0.44891533387174115
92013,0.44889230581792816
92014,0.4489386459634359
92015,0.44893816782737395
92016,0.44891487541000985
92017,0.4489621255340901
92018,0.44892184012114617
92019,0.4489494392312683
92020,0.44891428005501366
92021,0.4488944675136952
92022,0.4489611079236839
92023,0.4488853032452516
92024,0.4489303546403669
92025,0.44892277258400803
92026,0.44896158424076743
92027,0.44893692966710746
92028,0.4489274699540749
92029,0.4489114363711075
92030,0.4489342361023538
92031,0.44888585991453694
92032,0.4489484317065208
92033,0.4489178125065354
92034,0.44890998724865305
92035,0.44891432056144476
92036,0.4488846037333059
92037,0.44895553513076925
92038,0.4489029010214422
92039,0.4489342613995443
92040,0.4489505586829591
92041,0.4489328689859914
92042,0.44896049835203905
92043,0.4489403983002029
92044,0.44894601193075456
92045,0.44895730234875475
92046,0.44892539604943965
92047,0.4488879338183087
92048,0.44892094419608863
92049,0.44892517268799687
92050,0.44892669422382564
92051,0.4488960500568524
92052,0.448894613831167
92053,0.4489514928017098
92054,0.4489475336314585
92055,0.44893316509283776
92056,0.44893006531239277
92057,0.448903607146138
92058,0.4488949496180908
92059,0.44890836353816727
92060,0.4489252282373265
92061,0.44890394971212255
92062,0.44889759589708733
92063,0.4489411614656713
92064,0.4489347489586705
92065,0.44891179794951036
92066,0.44889450372022377
92067,0.4489440168881052
92068,0.4489153723924969
92069,0.4489498542107523
92070,0.44892761908119205
92071,0.44891819260084614
92072,0.44894085411707246
92073,0.4489190430611319
92074,0.4488882748959372
92075,0.4489592491142846
92076,0.44892247350250786
92077,0.44896357333158815
92078,0.4489261496253463
92079,0.4488849408409427
92080,0.4489252282390451
92081,0.4489166788347086
92082,0.4489203351179441
92083,0.44895436690479246
92084,0.4489507094655382
92085,0.448941457407538
92086,0.44892778523834725
92087,0.44894765432273287
92088,0.4488870445057374
92089,0.44889966699224826
92090,0.4489329377631378
92091,0.4489333654721248
92092,0.4488992440765498
92093,0.4489241747529888
92094,0.44895584595107896
92095,0.4489375417204661
92096,0.44895225679337536
92097,0.4489409028891423
92098,0.4489143737982048
92099,0.448899789667029
92100,0.4489631074303
92101,0.44896558639622264
92102,0.4489302521357586
92103,0.4489530222738327
92104,0.44893081888789266
92105,0.44894506194269135
92106,0.4488865194161879
92107,0.44888742030271056
92108,0.4489528703343835
92109,0.44893770953165407
92110,0.4489422172664095
92111,0.4489557654368475
92112,0.448962263088619
92113,0.4489216003919999
92114,0.4488949532537642
92115,0.44892717186401687
92116,0.44893808003648766
92117,0.4488872159549921
92118,0.448924288996376
92119,0.44895461275247683
92120,0.4488908886059778
92121,0.44895765847024033
92122,0.4489363678732752
92123,0.4489366120672969
92124,0.4489548344593615
92125,0.4489619507784128
92126,0.44894140251745857
92127,0.4489290422474895
92128,0.4488886392833808
92129,0.44893385022269283
92130,0.448884920341142
92131,0.4488859563015395
92132,0.44893502539165675
92133,0.4488975846543164
92134,0.4488915527380573
92135,0.44896521952786883
92136,0.44892545970174497
92137,0.44891571429722116
92138,0.4489495225568967
92139,0.44889534558375077
92140,0.4489641136332544
92141,0.44895437418020756
92142,0.44889312436978857
92143,0.4488974284177059
92144,0.44890339734342644
92145,0.4489639049858237
92146,0.44895089182545045
92147,0.4489164554732834
92148,0.4489168998822892
92149,0.44888487008116573
92150,0.4488936373899105
92151,0.4489239054292988
92152,0.44893233711790564
92153,0.4489154666321675
92154,0.44890177528625225
92155,0.44893654428250857
92156,0.44891186358540297
92157,0.4488914241106024
92158,0.4489411541902233
92159,0.44892902339982454
92160,0.4489276662003822
92161,0.4489592580412096
92162,0.44894423495897573
92163,0.4489335215449367
92164,0.44894820570139565
92165,0.4489516268843398
92166,0.4489158477193165
92167,0.4488960930436485
92168,0.4488951458650158
92169,0.4488961877771927
92170,0.44892654790517666
92171,0.44890010908551786
92172,0.448946939269703
92173,0.4489601728159379
92174,0.44895486421978903
92175,0.4489256713242733
92176,0.44895016569239665
92177,0.44892234652833385
92178,0.4489398244389733
92179,0.4489159540250205
92180,0.44894875592081457
92181,0.4489106930457098
92182,0.4489211125025346
92183,0.4489497870865972
92184,0.4488937154253884
92185,0.44891948614680943
92186,0.4488913971624446
92187,0.4489301139195885
92188,0.44896002120755685
92189,0.4489319517312856
92190,0.4489576682251429
92191,0.44889309560197144
92192,0.4489077407393233
92193,0.4489474124458582
92194,0.4489376000829654
92195,0.4489231956664014
92196,0.44893324527781125
92197,0.4488845994334595
92198,0.44892041530394505
92199,0.44895103219024657
92200,0.4488927631227739
92201,0.44895843866511026
92202,0.4488959293647914
92203,0.44892997818155217
92204,0.4488950550981597
92205,0.44890068989142196
92206,0.4488947360111457
92207,0.4489016005302709
92208,0.44889310502441243
92209,0.4488949377126121
92210,0.4488971457018493
92211,0.44894249039224526
92212,0.4489644725656426
92213,0.4488937261723324
92214,0.44890956764156836
92215,0.44891655301861744
92216,0.44894290735530507
92217,0.44892844060994047
92218,0.44889965062372644
92219,0.44896444429411303
92220,0.44888971674319583
92221,0.44894633416026203
92222,0.4489346152064162
92223,0.4488850368988126
92224,0.448952334829745
92225,0.4489580455092051
92226,0.448953106591518
92227,0.448937804925722
92228,0.4489519942489393
92229,0.44891380555667426
92230,0.44895857274815215
92231,0.44896213065887813
92232,0.4488871891715662
92233,0.4489045906987111
92234,0.4489661121474898
92235,0.4489164488608423
92236,0.4488894097233247
92237,0.44889520984784
92238,0.44889644800765477
92239,0.44888706153606134
92240,0.4489576776481716
92241,0.44894692852357315
92242,0.4489024420633115
92243,0.44893053452024145
92244,0.4489267224957954
92245,0.4489236159363476
92246,0.44896332665859034
92247,0.448942012587272
92248,0.44889015767834056
92249,0.44896313223124096
92250,0.4489513641738363
92251,0.4489312634619205
92252,0.4489349129665544
92253,0.4488989788863985
92254,0.4489199823034792
92255,0.4489589525122122
92256,0.4488999797974065
92257,0.44891499180272215
92258,0.44891710621477354
92259,0.4488923195407274
92260,0.44894777385659257
92261,0.4489169594005461
92262,0.4489339808320545
92263,0.4489044412395799
92264,0.44889280776193397
92265,0.4489617631300218
92266,0.44891030418843636
92267,0.4489386497643467
92268,0.44891868511905597
92269,0.4489635483680173
92270,0.4489085159738502
92271,0.44896209445188545
92272,0.4489595718393716
92273,0.44892193584748497
92274,0.4489232581604847
92275,0.44896537031007777
92276,0.44893451220505787
92277,0.4488938276851955
92278,0.44896194681143237
92279,0.44891981680734677
92280,0.44890628136726407
92281,0.44894928844990883
92282,0.448925191369598
92283,0.44890201600574436
92284,0.44894878931720217
92285,0.4488854566731835
92286,0.448903981620946
92287,0.4489294765689931
92288,0.4488912057081093
92289,0.4489419530686282
92290,0.44892302124268557
92291,0.4489264404416507
92292,0.44891875125281266
92293,0.4489122524422952
92294,0.4489172933680271
92295,0.4489558024700934
92296,0.44891193285757935
92297,0.4489221071288718
92298,0.44890172948892804
92299,0.4489417687252157
92300,0.4489238007758234
92301,0.44892074993241965
92302,0.44890937635386813
92303,0.4489315668420456
92304,0.4489336767893665
92305,0.448886055003802
92306,0.4489611032962144
92307,0.4489107566983653
92308,0.44889181230652886
92309,0.44895361713114107
92310,0.4489167872905968
92311,0.4489219346901955
92312,0.4489467250010747
92313,0.44889190472701146
92314,0.44895649718908304
92315,0.448950756089104
92316,0.4488870205340952
92317,0.44893295760318425
92318,0.44891112439252434
92319,0.4488926254020706
92320,0.44894542087470635
92321,0.4489157898528517
92322,0.4489505839797408
92323,0.44895795242821857
92324,0.448942552389892
92325,0.4488993328576994
92326,0.4488915292607118
92327,0.44889376965384503
92328,0.44890000112506917
92329,0.44895636508876485
92330,0.4489210630670112
92331,0.44890789300773437
92332,0.4488985867225205
92333,0.44895291117172986
92334,0.4489565591876562
92335,0.4489280977142204
92336,0.44891557525297465
92337,0.44891930990445855
92338,0.44894384544044047
92339,0.44888545419289233
92340,0.4489466099318138
92341,0.44894096141656625
92342,0.4489320373738416
92343,0.4489554496552713
92344,0.44896330996016104
92345,0.4489057774407425
92346,0.4488853971539032
92347,0.4489267547336106
92348,0.44896441701458667
92349,0.44892706258016146
92350,0.44889062473684266
92351,0.44894625744555194
92352,0.44892076911035617
92353,0.44890402410949193
92354,0.4489467825363973
92355,0.44893899133879683
92356,0.4489561190779234
92357,0.4489537956879994
92358,0.4489031265321559
92359,0.44895545725917346
92360,0.4489644307363403
92361,0.44888835937973876
92362,0.44889698962995644
92363,0.44888718636093605
92364,0.4489383313378627
92365,0.4489437439265572
92366,0.4489555124808754
92367,0.4489155540916037
92368,0.44893491313142997
92369,0.4489592239839689
92370,0.4489575786143168
92371,0.4489122154090255
92372,0.44888775443565204
92373,0.44894900606617993
92374,0.4488976375607664
92375,0.44896357482128874
92376,0.4488966368137569
92377,0.4489431189787089
92378,0.4488978992781746
92379,0.44892897214743815
92380,0.44889264557276853
92381,0.44891589500207724
92382,0.44890264872543445
92383,0.4489108218378013
92384,0.4489433572195192
92385,0.44890995071064593
92386,0.4488879536595898
92387,0.44889111362033235
92388,0.4488901089058524
92389,0.4489169109594971
92390,0.4489213097413459
92391,0.4488854910620212
92392,0.44893278450253016
92393,0.44894280468427006
92394,0.44889922836881035
92395,0.4489553681470271
92396,0.448898139667663
92397,0.4489059682321499
92398,0.448884792871452
92399,0.44896004699976627
92400,0.4489050451904801
92401,0.44889514222766025
92402,0.44889347404206226
92403,0.4489105379644129
92404,0.44895895929039864
92405,0.44890411686122034
92406,0.44894104986752453
92407,0.44893227594438784
92408,0.44888505673748746
92409,0.4488955691113108
92410,0.44890156399352493
92411,0.4489425474317317
92412,0.4489357085366443
92413,0.4489317227502244
92414,0.4489549143152613
92415,0.4488886349864503
92416,0.44889782140753903
92417,0.44889396408248966
92418,0.448944776086312
92419,0.4489207907678291
92420,0.4489560489778155
92421,0.4488910169019751
92422,0.44890737618639415
92423,0.4488939968186743
92424,0.4489462744763161
92425,0.44895838509632535
92426,0.4489380372149253
92427,0.4488894459319627
92428,0.44892765479351987
92429,0.4489186332065395
92430,0.44892555658371075
92431,0.4489136129457415
92432,0.44893046904769596
92433,0.4488965272006897
92434,0.44889772336655
92435,0.4488926503666094
92436,0.4488910790658825
92437,0.4489218082114273
92438,0.44895524762019934
92439,0.4488913573173978
92440,0.4489322898329895
92441,0.448946419634825
92442,0.44893955312998834
92443,0.4489648293471217
92444,0.4488957698208675
92445,0.44888456818602057
92446,0.4489309741339746
92447,0.44889701773614743
92448,0.4489295721312405
92449,0.44895724249921165
92450,0.44894952156662754
92451,0.44892852079477774
92452,0.4489162220266731
92453,0.4489500101173671
92454,0.4489445958761519
92455,0.44892661883320767
92456,0.4489540722859398
92457,0.448953171235802
92458,0.4489506403561299
92459,0.4489250295111049
92460,0.4489496425880861
92461,0.4489475840584506
92462,0.44894509566938723
92463,0.4489599340774635
92464,0.44893034918316393
92465,0.44889205005175936
92466,0.4488927771741491
92467,0.4489149056646532
92468,0.4489170862093659
92469,0.4489047418099953
92470,0.44889539071945533
92471,0.44888679799892517
92472,0.4489260606762063
92473,0.4489383293548825
92474,0.4489073558502833
92475,0.44890647794519206
92476,0.44892242241404373
92477,0.4489145764916371
92478,0.4488940545190067
92479,0.44896024258577666
92480,0.44888646485838174
92481,0.4489624727280367
92482,0.44889896516276007
92483,0.4488855806710749
92484,0.4489202425328858
92485,0.44895837898003105
92486,0.4489432591776344
92487,0.4489213955475443
92488,0.44892088980162687
92489,0.44891718210062564
92490,0.44896545876142696
92491,0.44891723517245813
92492,0.44896013230999504
92493,0.44890836651549054
92494,0.4488905505047811
92495,0.44894591157586505
92496,0.44894153064888875
92497,0.44894578724742196
92498,0.4489360114217052
92499,0.4489347345749454
92500,0.4489077306544218
92501,0.44889694565284477
92502,0.44895806666991905
92503,0.4489292221253647
92504,0.4489389878664813
92505,0.44888945833136884
92506,0.4489471163382134
92507,0.4488920731971042
92508,0.44894145476223823
92509,0.4489631991904528
92510,0.44889869798868814
92511,0.4489451994975622
92512,0.44896449389328674
92513,0.44889140890090956
92514,0.4489573292977055
92515,0.4489520645128007
92516,0.44889783331125516
92517,0.4488987839618592
92518,0.44890080115754855
92519,0.4488930630321569
92520,0.44890528045736966
92521,0.4489366305834134
92522,0.44896419398384696
92523,0.44895878883330387
92524,0.44890575726967213
92525,0.4489067580153839
92526,0.44895329539939466
92527,0.448946694580957
92528,0.44893299447185364
92529,0.44894247964541034
92530,0.44890035410565177
92531,0.44893690850554985
92532,0.44893165000412394
92533,0.44892924014767804
92534,0.4489239153490297
92535,0.44895554670462823
92536,0.4489659319372412
92537,0.44891763692386233
92538,0.4489127793504927
92539,0.4489013237683626
92540,0.4489099887375234
92541,0.4489455954624158
92542,0.4489452887757097
92543,0.44889889357589113
92544,0.4489562040581475
92545,0.44896118877159835
92546,0.44891166022929196
92547,0.44896554258400345
92548,0.4489029154047395
92549,0.4489215717897856
92550,0.4488905685257397
92551,0.4489559444897215
92552,0.44891406942484674
92553,0.4488992516804648
92554,0.4489415652026339
92555,0.4489092584728491
92556,0.4489466224952136
92557,0.44894643187056504
92558,0.4489605796941737
92559,0.4489288605476242
92560,0.4488959700377194
92561,0.4489614116367086
92562,0.4489232918886592
92563,0.4489470771540875
92564,0.4489067358610802
92565,0.4489038225717798
92566,0.44892390311375313
92567,0.44890458854942744
92568,0.44896057539432055
92569,0.44894541855973313
92570,0.44893988759519043
92571,0.44895285115601796
92572,0.4489371219456056
92573,0.4489315640326779
92574,0.4488957076582685
92575,0.44890770221728893
92576,0.448924465072915
92577,0.44894552222269957
92578,0.44895969616827097
92579,0.4489541048560172
92580,0.44890796691047585
92581,0.44890616398176764
92582,0.448935244950524
92583,0.4489351371549847
92584,0.4489452748874992
92585,0.44892958155374024
92586,0.44890881604894145
92587,0.44892456906655515
92588,0.44895960986533373
92589,0.4489194377049145
92590,0.4489647916526518
92591,0.4489096350948004
92592,0.4489415995921638
92593,0.448914284684368
92594,0.4489651380190873
92595,0.4489261132522659
92596,0.4488937539465105
92597,0.4489658737396592
92598,0.4489368570874655
92599,0.4489571950489821
92600,0.44896306345249365
92601,0.44889408427677496
92602,0.44891079257461175
92603,0.4489186489116198
92604,0.44895716942145814
92605,0.44888905492504794
92606,0.44889857977741177
92607,0.44895133028107914
92608,0.44894384560482586
92609,0.4489238359911915
92610,0.44895138963475945
92611,0.4489301033367331
92612,0.4489094960531597
92613,0.44891715796154674
92614,0.44890059333714544
92615,0.4489382896759249
92616,0.4488877575768545
92617,0.4489409326490772
92618,0.4489029466509755
92619,0.44895232292523435
92620,0.4489136091447737
92621,0.4489369630629533
92622,0.4489344293748747
92623,0.4489268418635945
92624,0.44896321142321355
92625,0.4489272918922712
92626,0.4489083597372726
92627,0.44894302044139495
92628,0.44893397884940817
92629,0.44888469483001225
92630,0.4489195063163026
92631,0.4489338827924541
92632,0.4488868140366991
92633,0.4488955648120662
92634,0.44889174948129973
92635,0.448888599439615
92636,0.44891439677829986
92637,0.4489530227697922
92638,0.44890825227205217
92639,0.44891864230005624
92640,0.4489499552275682
92641,0.4489355508118152
92642,0.4489312599896145
92643,0.44892367892728685
92644,0.4489024321434471
92645,0.4489375711483714
92646,0.44892327551932815
92647,0.44894938318504307
92648,0.4489199950335335
92649,0.44896591937215313
92650,0.44895926151316073
92651,0.4489052521851085
92652,0.4489371032631733
92653,0.44889962218599516
92654,0.4489264134931195
92655,0.4488936347445217
92656,0.4489642627608802
92657,0.44890112801711324
92658,0.448942638363461
92659,0.4488883907929816
92660,0.44894467010871086
92661,0.44894188511708705
92662,0.4489277625897355
92663,0.4489121866398634
92664,0.4488879521712243
92665,0.4489549073713614
92666,0.4489579906188267
92667,0.4489593792296725
92668,0.4489332384992097
92669,0.44895692407195464
92670,0.44889687902465597
92671,0.4489543009396199
92672,0.44890842024786626
92673,0.44894219147446635
92674,0.4488954409785943
92675,0.44889792374778453
92676,0.4489234952443559
92677,0.4488957513050849
92678,0.4488964017138832
92679,0.44893613641191366
92680,0.4489152107001997
92681,0.44892924014637897
92682,0.44891762568267235
92683,0.4489044313197932
92684,0.44895937162492283
92685,0.4489528151143351
92686,0.4488923702968008
92687,0.4488864326189493
92688,0.44888907592198796
92689,0.448886396245891
92690,0.4489541918215388
92691,0.4489193411515809
92692,0.4489112956752336
92693,0.44894799209280334
92694,0.44896581488205417
92695,0.44888632201284917
92696,0.4488936172195452
92697,0.4488905500075384
92698,0.4489053912280277
92699,0.4489013546839028
92700,0.4488990213767667
92701,0.4489573681499606
92702,0.44891013488972875
92703,0.4489290415861425
92704,0.44893347459025484
92705,0.44896571568546323
92706,0.4489307754051206
92707,0.4489576535104041
92708,0.4489618042972863
92709,0.44891943456369227
92710,0.4489478652856247
92711,0.4489040285735112
92712,0.4489656839403179
92713,0.44891527947808374
92714,0.44895360456695615
92715,0.4489433754066196
92716,0.44893816038617046
92717,0.44895679924744697
92718,0.44891127153668503
92719,0.4489509756472459
92720,0.4489148592076771
92721,0.44891016481453105
92722,0.4489243961304144
92723,0.4488905237208499
92724,0.4489366193422076
92725,0.4489069666623979
92726,0.44893402117399434
92727,0.4489081514208818
92728,0.44892047614484115
92729,0.4489525362005345
92730,0.44896361168960663
92731,0.4488919892100591
92732,0.44894287825620405
92733,0.4489439411667533
92734,0.44889482181768325
92735,0.44896054050955636
92736,0.4489375503184061
92737,0.4489298855974907
92738,0.4489563953455577
92739,0.4489654275127151
92740,0.44896395822178925
92741,0.4489003532786365
92742,0.44891195484748747
92743,0.4489488744631079
92744,0.4489141426661645
92745,0.4489584814848908
92746,0.4489264933460272
92747,0.448898035179815
92748,0.44889330325734306
92749,0.44888710022210343
92750,0.44890740743343205
92751,0.44894889529397175
92752,0.44890586523046233
92753,0.448919256998763
92754,0.44889453364632376
92755,0.4489018475353457
92756,0.44889617339337756
92757,0.4489562012475296
92758,0.4488998925012287
92759,0.4489344244137508
92760,0.4489489868878225
92761,0.4488972005923406
92762,0.4489587463450731
92763,0.4489525405004128
92764,0.44895798251756863
92765,0.44895613213818764
92766,0.44896391837799077
92767,0.4489118050580508
92768,0.44892693610202306
92769,0.44890835047843614
92770,0.4489603457515371
92771,0.44893920163839096
92772,0.4488976970789838
92773,0.4489250662134935
92774,0.44893952337056375
92775,0.44890637792097166
92776,0.44889189480711883
92777,0.4489582496923679
92778,0.4489637168393502
92779,0.44896332368391595
92780,0.44894022387661725
92781,0.44893430802201273
92782,0.4489588511641746
92783,0.4489270392681753
92784,0.44889662821823445
92785,0.44895774262351124
92786,0.4489492112395988
92787,0.44889836418781437
92788,0.44890805205561213
92789,0.4489496091916637
92790,0.44893803076715916
92791,0.44888702747666787
92792,0.44893557445366894
92793,0.44894626852274666
92794,0.44889093588975837
92795,0.4488938071846062
92796,0.44892373513920397
92797,0.4489265692340484
92798,0.44891131799519757
92799,0.4489419651374018
92800,0.4489003436881185
92801,0.4488977015419573
92802,0.4489634905010391
92803,0.4488881806582946
92804,0.4489139459212774
92805,0.4489116823835374
92806,0.44890858590858385
92807,0.4488849315836979
92808,0.44892012184205093
92809,0.4489062261472956
92810,0.4489525228100647
92811,0.44895520893375607
92812,0.44888785875956544
92813,0.44888659282414706
92814,0.4489575262063231
92815,0.4489037053533642
92816,0.44896330384417593
92817,0.4489575033898877
92818,0.4489116288164675
92819,0.44890139469516405
92820,0.4488977685008061
92821,0.4489183761180828
92822,0.44895934203034216
92823,0.4489383457233271
92824,0.44888897705437125
92825,0.4489264895451452
92826,0.4489425502415581
92827,0.4489561853758304
92828,0.44890362880445234
92829,0.44895403360019687
92830,0.4489645372094804
92831,0.4489255423662224
92832,0.4489180302459643
92833,0.44889932789862663
92834,0.44891701032139103
92835,0.4488991792665645
92836,0.4489204138159992
92837,0.44894335110306205
92838,0.44891861022423446
92839,0.44892978722488625
92840,0.4489138239083335
92841,0.4489194104236945
92842,0.4489373892858066
92843,0.4489560952711432
92844,0.4489126988349117
92845,0.44894439880056636
92846,0.4488910251685303
92847,0.44891079637599096
92848,0.44895891928001147
92849,0.44892087938494485
92850,0.44890973412772694
92851,0.4488981095785134
92852,0.448905861262598
92853,0.44892424799398556
92854,0.4489488327998612
92855,0.4489310234024242
92856,0.4489119966760169
92857,0.44888823472104994
92858,0.4489259252719006
92859,0.4489548673600702
92860,0.44888623323041127
92861,0.4489534605640387
92862,0.4489007295706477
92863,0.4489651565378132
92864,0.44893607937333185
92865,0.4488916993861489
92866,0.44896119290446984
92867,0.4489103823900886
92868,0.4489235030152786
92869,0.44895202780942645
92870,0.4489454038457118
92871,0.44889834649785537
92872,0.44889376948847964
92873,0.4489510831120497
92874,0.4489264673901489
92875,0.44891497774872263
92876,0.4489331644311558
92877,0.44889215784756226
92878,0.44893134463785167
92879,0.4489013956867333
92880,0.4489622839209268
92881,0.4489605496027318
92882,0.44895000631479076
92883,0.44893001356400997
92884,0.44889377411812553
92885,0.44894281939954
92886,0.44889216826337
92887,0.44891953310063576
92888,0.4489332775175853
92889,0.4488972931766586
92890,0.4489262428713683
92891,0.4489505284274716
92892,0.44894076533425104
92893,0.4489564484162576
92894,0.44889365045100427
92895,0.4489541195703759
92896,0.44894667788218445
92897,0.4489200502543354
92898,0.44895173170419655
92899,0.44896373221581204
92900,0.4488865825723927
92901,0.4489506345705614
92902,0.4489644394995439
92903,0.44892106356472905
92904,0.4488864711405036
92905,0.4489236554503807
92906,0.4488937555998151
92907,0.4489425381727585
92908,0.44889236170002533
92909,0.4489387878152786
92910,0.44888925646197436
92911,0.44894673029231646
92912,0.448954490573273
92913,0.44891362931469103
92914,0.44896172774766163
92915,0.44895327456767864
92916,0.44888687868097005
92917,0.4489273867928079
92918,0.44893407325275564
92919,0.44889351339203837
92920,0.4489582394402777
92921,0.44889823109679194
92922,0.44890389283809917
92923,0.4489171139852815
92924,0.44888672045805567
92925,0.4489494346010335
92926,0.44888963771571905
92927,0.44896514645223995
92928,0.44893575086170245
92929,0.4489649447491152
92930,0.4488958319868105
92931,0.448908167126509
92932,0.44892474084413914
92933,0.44894439251800883
92934,0.4489616943521214
92935,0.44893136265978756
92936,0.4489471169986941
92937,0.4488979536722755
92938,0.44893195884049353
92939,0.44894446410734123
92940,0.44894793191422855
92941,0.44895297796520384
92942,0.44891624285908577
92943,0.448964890024732
92944,0.44888839608220527
92945,0.44893464628716695
92946,0.448904251438943
92947,0.4488906227546036
92948,0.4489393782103732
92949,0.44891047017985464
92950,0.448918127956561
92951,0.4488868019659486
92952,0.448924615689301
92953,0.4488863072972165
92954,0.44894533854052554
92955,0.4489281519412496
92956,0.448952285724936
92957,0.4489488817360232
92958,0.44890956681333977
92959,0.4489531722268611
92960,0.44896573023366815
92961,0.44889235442581754
92962,0.448932215764088
92963,0.44893998927342504
92964,0.44894563117379577
92965,0.448932019683425
92966,0.4488912720056576
92967,0.44895902509147484
92968,0.44890536047655016
92969,0.4489356144624338
92970,0.4488992477134048
92971,0.44896463260384845
92972,0.44889641709094524
92973,0.4489316108211763
92974,0.4489599729318158
92975,0.44893741507649093
92976,0.4489373595270645
92977,0.44890180504501437
92978,0.44894731456851006
92979,0.44895290621012146
92980,0.4488938088379382
92981,0.4489256838890398
92982,0.4489090294902153
92983,0.44890487324683376
92984,0.4489441200533414
92985,0.44889663532674745
92986,0.44894348005918505
92987,0.4489360833395818
92988,0.4489307606906745
92989,0.4489092912091443
92990,0.44892448937551854
92991,0.44890653564547917
92992,0.4489258354978744
92993,0.44891126475718074
92994,0.44889106600550926
92995,0.44893213161182666
92996,0.448907014772305
92997,0.4489196685059222
92998,0.44892083474732447
92999,0.4489324472267349
93000,0.4489056942795749
93001,0.4489449731585701
93002,0.4489051367851995
93003,0.4489160881081354
93004,0.44888866011587425
93005,0.44888721000151915
93006,0.44889627126988735
93007,0.44895633599228546
93008,0.44890688862680306
93009,0.44891011306510326
93010,0.4489121917660282
93011,0.4489255043392734
93012,0.44891186375037734
93013,0.44889426250303444
93014,0.4489140631405627
93015,0.448890090389772
93016,0.4488844835368828
93017,0.44894458975891244
93018,0.4489363397670646
93019,0.44889333648844326
93020,0.4489243491752862
93021,0.44891766569228164
93022,0.44889316966999404
93023,0.4488858422225363
93024,0.44888452602767465
93025,0.44895042030264753
93026,0.44894788132145813
93027,0.44891055945739683
93028,0.44891878497861887
93029,0.4489607405607788
93030,0.4488932541535193
93031,0.4489464156677362
93032,0.44891330857369477
93033,0.4488923931124572
93034,0.44890518092682485
93035,0.44896090539563827
93036,0.4489023099649161
93037,0.4489657763617056
93038,0.44893963381220814
93039,0.4489112184659728
93040,0.44890157788099516
93041,0.448921983628339
93042,0.44895987340249205
93043,0.44895353496194884
93044,0.44893093842183984
93045,0.4489538563660074
93046,0.44889606196147386
93047,0.4489644505759186
93048,0.4488903365667424
93049,0.44895680668647503
93050,0.4489167001631448
93051,0.44892541059784363
93052,0.44893969614218354
93053,0.4489257220804482
93054,0.44888692150068404
93055,0.44890893773177193
93056,0.4489656634409594
93057,0.44892942531784835
93058,0.4489428066698844
93059,0.44893785105423245
93060,0.44892830321865956
93061,0.44889529697574415
93062,0.44889310287518125
93063,0.448900254244313
93064,0.44891948879165666
93065,0.44893656990881564
93066,0.4489458661093435
93067,0.44895265788542804
93068,0.4489171477122795
93069,0.448893448416723
93070,0.44891490318599486
93071,0.44892274050990655
93072,0.4489335701524714
93073,0.44896087894193065
93074,0.4489481526303442
93075,0.44891778059725884
93076,0.44888754677964826
93077,0.4489092507023699
93078,0.44896225845970444
93079,0.4489508764481207
93080,0.4488955363751901
93081,0.44896062449875423
93082,0.44888488429875245
93083,0.4489132983219198
93084,0.44889654009639646
93085,0.44895983570675396
93086,0.44888907724546323
93087,0.44891544265882743
93088,0.4489366525723968
93089,0.4489024614073065
93090,0.44894420205896507
93091,0.44890384142104267
93092,0.44892497263813697
93093,0.44890720275467394
93094,0.44891163575877446
93095,0.4489512099209503
93096,0.4488935302553144
93097,0.4489048405123212
93098,0.4488969648303026
93099,0.4489434268239975
93100,0.44894329836093977
93101,0.44889721282602857
93102,0.4489158710308341
93103,0.448889016567457
93104,0.44892365710329046
93105,0.44889033524327965
93106,0.44892885591835985
93107,0.44891254954143905
93108,0.44895855158500897
93109,0.44893807061263896
93110,0.44892651120272153
93111,0.4489352715669655
93112,0.44895794878929907
93113,0.4489213310676913
93114,0.4489086121961795
93115,0.44890745504897284
93116,0.44892343192315587
93117,0.4488917025270619
93118,0.44889016743450927
93119,0.44888996821123683
93120,0.4489257505179517
93121,0.4489222832075411
93122,0.4488951810790532
93123,0.4489245660905719
93124,0.44893840722453277
93125,0.44890956648270264
93126,0.4489394666634365
93127,0.4489001079278146
93128,0.4489609199446824
93129,0.4489290703529791
93130,0.44890137253955137
93131,0.4488898939778842
93132,0.4489287077831524
93133,0.4489431183170166
93134,0.4489453778891885
93135,0.4489585996969575
93136,0.44888674889573354
93137,0.4488955114102619
93138,0.44890515083663957
93139,0.44893503911404087
93140,0.44892207274182094
93141,0.44888701474788084
93142,0.4489313494336962
93143,0.44891195385453697
93144,0.448893465281249
93145,0.44894119469745336
93146,0.4489125672314962
93147,0.4489524459313676
93148,0.44888572583083025
93149,0.4489539105926948
93150,0.4489275939526521
93151,0.4489606853403805
93152,0.4489582172876573
93153,0.44893274978242675
93154,0.44892580772190505
93155,0.44895713106612917
93156,0.44891519631681664
93157,0.4489415547867577
93158,0.44888935417351156
93159,0.44896594896507225
93160,0.4489016684820194
93161,0.4489230045436074
93162,0.4489153852882813
93163,0.44894478865064025
93164,0.4489123552769116
93165,0.44893923520080925
93166,0.4489626484729355
93167,0.4489137546339254
93168,0.4489491647831137
93169,0.44891102535865357
93170,0.4489379499213929
93171,0.4489224020801233
93172,0.44895354967637235
93173,0.4489410257293089
93174,0.44893849534569
93175,0.4489482144622629
93176,0.44891573876570995
93177,0.44889387844134654
93178,0.4489241879793984
93179,0.44891949656255925
93180,0.4488893796331403
93181,0.4489478155198691
93182,0.4489545224817226
93183,0.448916638163492
93184,0.4489084437251399
93185,0.4489570300488378
93186,0.4488945207508581
93187,0.44889205286275585
93188,0.44896421200451725
93189,0.4489152659205994
93190,0.4488977718091021
93191,0.44892965496052273
93192,0.4489301650059727
93193,0.4488986533494755
93194,0.44888606211339055
93195,0.44888909642294156
93196,0.44892381152156097
93197,0.44895219777005146
93198,0.4489426858129285
93199,0.4489295460086951
93200,0.44888660439727945
93201,0.44890628004371275
93202,0.44893371845391494
93203,0.4489570475729071
93204,0.44893607342068126
93205,0.4489382078372491
93206,0.44889490894642164
93207,0.4489099569948934
93208,0.4488952288609318
93209,0.44890120803707984
93210,0.4489488769426895
93211,0.44888954959419475
93212,0.44888470144360937
93213,0.4489040796614555
93214,0.44896621399072395
93215,0.44890323267265136
93216,0.44889490051458864
93217,0.4489479464625553
93218,0.44889139914644505
93219,0.44895438162085294
93220,0.44894695133925416
93221,0.4489439866333845
93222,0.44893483641813964
93223,0.44891237859016025
93224,0.44895970691473874
93225,0.44894739706972914
93226,0.44890571792016687
93227,0.44896164624068774
93228,0.4489283334750944
93229,0.44891262129489645
93230,0.44896235087940933
93231,0.4489269407303097
93232,0.44892406960146425
93233,0.44890330657623567
93234,0.4489047229631413
93235,0.44888482114329226
93236,0.44891330774661614
93237,0.4489050670141156
93238,0.4489631408283923
93239,0.4489406054596842
93240,0.44895187157217575
93241,0.44889045676283135
93242,0.4489206006386353
93243,0.4489071948184492
93244,0.4489660561001069
93245,0.44895612056587375
93246,0.4489340732534571
93247,0.44895089000514715
93248,0.4489595817595307
93249,0.4488941479290931
93250,0.44895368491791227
93251,0.44892846111059026
93252,0.4489225409561074
93253,0.44894040094463605
93254,0.4489520155749739
93255,0.44890366336014875
93256,0.4489079687299414
93257,0.4489152394681323
93258,0.4489385123764016
93259,0.4489086272419283
93260,0.44893586014507436
93261,0.44891003304522115
93262,0.44894878369595365
93263,0.448890960524707
93264,0.4489015173691007
93265,0.4489170427277791
93266,0.4489393210073116
93267,0.4488879164585514
93268,0.44888825902453794
93269,0.44889252554244735
93270,0.4489245793165671
93271,0.44893342482742254
93272,0.44891593352579007
93273,0.4489426990396883
93274,0.44895562804721134
93275,0.44888597349498854
93276,0.4488917947821889
93277,0.4489137834030371
93278,0.4488904351044842
93279,0.44894214352932127
93280,0.44895811577435274
93281,0.44896619216744404
93282,0.4489201993824133
93283,0.448952100059734
93284,0.44896614157503617
93285,0.4489518108975324
93286,0.4489021955555787
93287,0.4488886817745734
93288,0.44888845262615185
93289,0.44894075475308426
93290,0.44889300450477737
93291,0.44893789337908435
93292,0.4488972619295753
93293,0.44890689358672925
93294,0.4489459234793799
93295,0.44895670914144997
93296,0.4489636331812933
93297,0.44895693647247265
93298,0.44895233185208255
93299,0.44896177685210764
93300,0.4489279346979407
93301,0.4489414152470248
93302,0.44889347305139565
93303,0.44890928740610914
93304,0.44894536019884496
93305,0.4489028917621047
93306,0.44889598111319884
93307,0.4488995092661856
93308,0.44894915238359523
93309,0.4489132498812905
93310,0.4488925462084291
93311,0.4489493676432256
93312,0.4489418930529714
93313,0.4489036641851065
93314,0.4489521959521152
93315,0.4489606929455941
93316,0.4489008972154231
93317,0.4488855231357523
93318,0.4489210820816646
93319,0.4488941722326588
93320,0.4489160972029847
93321,0.44894942616920036
93322,0.44894803640137515
93323,0.4489086431132898
93324,0.4488894239430112
93325,0.44896094904277084
93326,0.44895002698146447
93327,0.44895398532207675
93328,0.4489635348113044
93329,0.448921917825492
93330,0.4489604876055713
93331,0.4489035912752482
93332,0.44891523004299727
93333,0.4489559152262579
93334,0.4488994274276538
93335,0.44894292008619413
93336,0.44896625565435405
93337,0.44893566141751945
93338,0.448954873478637
93339,0.44896316083378635
93340,0.44894390661173467
93341,0.4488870979091508
93342,0.44896437270606576
93343,0.448895439326546
93344,0.4489445821520624
93345,0.4489596756668784
93346,0.4489317865678675
93347,0.4488890592243951
93348,0.44895992779654686
93349,0.4489122440094577
93350,0.44895394349345685
93351,0.44893249798310253
93352,0.44893352964649663
93353,0.44890340610555285
93354,0.44895343774920926
93355,0.4489229185724858
93356,0.448932949336552
93357,0.44892348747427996
93358,0.44896313272684263
93359,0.4489468425514344
93360,0.4488849426607864
93361,0.4488935651408613
93362,0.44894520115017467
93363,0.44889773477473144
93364,0.44893922131310743
93365,0.44889145271267566
93366,0.44889898351525237
93367,0.44896315703121
93368,0.44889000673292423
93369,0.44894370887740065
93370,0.448939281823653
93371,0.4489346071052112
93372,0.448936266196352
93373,0.44891477687388437
93374,0.44895501814273847
93375,0.44894618850365664
93376,0.4489445366870151
93377,0.44895609758409666
93378,0.4489189160866077
93379,0.4489575305048375
93380,0.4489654589264884
93381,0.44894814452877624
93382,0.44890842437981415
93383,0.44888489669763143
93384,0.44895127654943057
93385,0.4489051295107491
93386,0.44893303811944285
93387,0.44896405130366995
93388,0.4489178366439801
93389,0.44893632505356107
93390,0.44894982213701135
93391,0.44892606844771865
93392,0.44889246767681745
93393,0.44894945510301526
93394,0.4489286307396445
93395,0.4489254076208785
93396,0.44890645893255965
93397,0.4489345669285129
93398,0.4489190218983934
93399,0.44891468693369757
93400,0.4488886916947342
93401,0.4489119860939596
93402,0.4489326985290268
93403,0.4489284156446605
93404,0.4488926586331675
93405,0.44895467508079545
93406,0.44888658654034597
93407,0.4489092986489908
93408,0.4489229604011401
93409,0.44894307615685325
93410,0.4489375473408734
93411,0.44890684068102543
93412,0.44891433279587384
93413,0.4489481880106834
93414,0.44894590694502473
93415,0.4489305818048103
93416,0.44892405852438977
93417,0.4489138363080961
93418,0.44892960684935806
93419,0.4488957971003687
93420,0.44890953936935785
93421,0.44888524488363934
93422,0.44892821013849155
93423,0.44893456180336533
93424,0.4488972956557476
93425,0.44891336792764613
93426,0.4489041127280281
93427,0.4489477062380678
93428,0.4489440512758813
93429,0.44895267342656875
93430,0.448895541997147
93431,0.448959091885382
93432,0.44891264510252277
93433,0.4489337473854937
93434,0.4489498626429968
93435,0.4489188628501859
93436,0.44894952520212705
93437,0.4489388491529373
93438,0.4489456797825863
93439,0.44896588415549427
93440,0.4489216408969465
93441,0.44896597260852555
93442,0.44890843909586176
93443,0.4489251010992051
93444,0.4489095529255481
93445,0.44894234986179216
93446,0.4489532076088742
93447,0.4489393803613402
93448,0.44895039368315676
93449,0.44893099099731787
93450,0.4489551720650092
93451,0.4489444981658263
93452,0.448918517971173
93453,0.4488862305837932
93454,0.44892483111448317
93455,0.4488978739829687
93456,0.44893085377336944
93457,0.44891108802053536
93458,0.4489586585529518
93459,0.4489267681253653
93460,0.4489478728907894
93461,0.4489392170145026
93462,0.4489361296320465
93463,0.4489446162110325
93464,0.4489162316149117
93465,0.4489652643332352
93466,0.4489081451376002
93467,0.4489060576751763
93468,0.4489578130529367
93469,0.44889239641977263
93470,0.44892512077256996
93471,0.44893425131366405
93472,0.4489000895760922
93473,0.44894942898151635
93474,0.4489132389695572
93475,0.4489574306449276
93476,0.4489270448894552
93477,0.4489430116788919
93478,0.44888580105624737
93479,0.448959846453191
93480,0.44891624963719456
93481,0.44891099229389936
93482,0.4489401746089185
93483,0.4488945501793052
93484,0.44891905000426974
93485,0.4489493281295871
93486,0.44894507632605696
93487,0.4489603024349763
93488,0.44890278909224224
93489,0.44890510851373266
93490,0.44889884529975993
93491,0.44891121598600303
93492,0.44893305994312876
93493,0.4489598687731964
93494,0.4489048534081225
93495,0.44896420142334503
93496,0.4489075406885069
93497,0.4489408400632518
93498,0.44891947655726727
93499,0.448898367494436
93500,0.4489632274611806
93501,0.44888609038492344
93502,0.4489358522088368
93503,0.448905254995715
93504,0.44895719554495306
93505,0.4489378677524873
93506,0.44892538414403726
93507,0.4489036574078861
93508,0.448955639784912
93509,0.4489583505435634
93510,0.4488942724244712
93511,0.4488978910119859
93512,0.4488922362129162
93513,0.44889341022580587
93514,0.44895392596929123
93515,0.44892095031171336
93516,0.44888808311336587
93517,0.44891370172815886
93518,0.4489202841968959
93519,0.44890776669608407
93520,0.44893550699923807
93521,0.4489421775866312
93522,0.44889657382420994
93523,0.44892501661608114
93524,0.4489643207915383
93525,0.4489647703257998
93526,0.4488951857092376
93527,0.4489558494243584
93528,0.44891548382613644
93529,0.44891177315005054
93530,0.4489113403132376
93531,0.4489252766800597
93532,0.44891819722976817
93533,0.44894335044094313
93534,0.44892154781594024
93535,0.44889944958262495
93536,0.44892115449640724
93537,0.44892918162113443
93538,0.4489016678211327
93539,0.44896140568481974
93540,0.44889787464301656
93541,0.44889559638926463
93542,0.44895466367381587
93543,0.44895044427595276
93544,0.44892950699101974
93545,0.4489252765139435
93546,0.4488879300156957
93547,0.44890696467808244
93548,0.4489412105695727
93549,0.44895538534043977
93550,0.44890799435694223
93551,0.44891996361951186
93552,0.44889358398813617
93553,0.4489291789757993
93554,0.4489258237589837
93555,0.4489346948960494
93556,0.4489472486017399
93557,0.4489613884903868
93558,0.44894916544316205
93559,0.4489490077188083
93560,0.4488994037856991
93561,0.44891819210518774
93562,0.4489360071231018
93563,0.44896074254470014
93564,0.44896110544511003
93565,0.4489010779219326
93566,0.4489286264397662
93567,0.44893910525104497
93568,0.4489119075636813
93569,0.44892975151347636
93570,0.44893576772462834
93571,0.448946207847736
93572,0.448947659118175
93573,0.4489411171578987
93574,0.44890836932601974
93575,0.4488936646689364
93576,0.4489194763922473
93577,0.4489126022815794
93578,0.44891510389679845
93579,0.44895789373554135
93580,0.4489523106911062
93581,0.4489030491575368
93582,0.4489272340278183
93583,0.4489115907889009
93584,0.4488980796527255
93585,0.44892288666374147
93586,0.44895954885912637
93587,0.448962526294728
93588,0.44890970056697205
93589,0.4489133097305394
93590,0.44888454057681243
93591,0.44890038568337226
93592,0.44888960084528706
93593,0.4489385585035801
93594,0.448944757073353
93595,0.44891927650606406
93596,0.4489647506515158
93597,0.448916987011112
93598,0.448906069082082
93599,0.44891845646790857
93600,0.4489139353414013
93601,0.44891602164686184
93602,0.4489511545339338
93603,0.4489600789086197
93604,0.4489027530498867
93605,0.4489348119496098
93606,0.44891122689655244
93607,0.44893424453582476
93608,0.44896002153891923
93609,0.4489321906338294
93610,0.44896355828777856
93611,0.4489623047523117
93612,0.44890702237839347
93613,0.4489086826276663
93614,0.4488940080594202
93615,0.4489409815861402
93616,0.44893124940875484
93617,0.44890248620647966
93618,0.44895937691474375
93619,0.44893841119373873
93620,0.44891599221809203
93621,0.4489633956026795
93622,0.44894926827997106
93623,0.4489548061894491
93624,0.4489543862497223
93625,0.44891686797350044
93626,0.44894960604878037
93627,0.44890964799058464
93628,0.44890475487110665
93629,0.4488996985703794
93630,0.4489586853377205
93631,0.44893732976721207
93632,0.44894285312734533
93633,0.4488908638056771
93634,0.4488987011316613
93635,0.44891086267445074
93636,0.44889723018611816
93637,0.44896052695337746
93638,0.4489130676871391
93639,0.44891706008710236
93640,0.4489440403650071
93641,0.4488867412896291
93642,0.4489333246364107
93643,0.4488867472415906
93644,0.44893372936444587
93645,0.44896172625963493
93646,0.44892518640972384
93647,0.44890703643145075
93648,0.44893414913936175
93649,0.4489642667288227
93650,0.4489561093225041
93651,0.4489588862142327
93652,0.44889408427806127
93653,0.44891946647073083
93654,0.44894433746291224
93655,0.4489504007940045
93656,0.448884893557607
93657,0.4489634380912254
93658,0.4488888178402682
93659,0.448963557294489
93660,0.44893929951398065
93661,0.4488859440670615
93662,0.44888577741399116
93663,0.4489193497487247
93664,0.4489070154352359
93665,0.4489017680109373
93666,0.4489642053916489
93667,0.4488875619909708
93668,0.4488899057146933
93669,0.4489615665517308
93670,0.4488860320219966
93671,0.44894444046374626
93672,0.44894233299765424
93673,0.4489077156097776
93674,0.44892800298014385
93675,0.4488902090960801
93676,0.44891571363628613
93677,0.44888996622723937
93678,0.4489660461801824
93679,0.4489048522511513
93680,0.4489046252511069
93681,0.4489165206138767
93682,0.44894851040382106
93683,0.4489334975720619
93684,0.4489401035151579
93685,0.448903577719001
93686,0.4489309243691017
93687,0.44892594643376416
93688,0.44891466477982084
93689,0.44890202162698456
93690,0.44891658872965984
93691,0.44894633432556824
93692,0.44892620335780375
93693,0.4489162580691496
93694,0.44892087376532597
93695,0.4489240403380486
93696,0.4489179492331094
93697,0.4489329638853632
93698,0.4489053386529405
93699,0.44894651569300054
93700,0.44891347076280724
93701,0.44894620916913314
93702,0.4489069529386689
93703,0.4489071920077948
93704,0.4489326315710445
93705,0.4488960115352651
93706,0.44890588474024273
93707,0.44890658094681646
93708,0.44895448313209996
93709,0.4489332841304334
93710,0.448889734764612
93711,0.44889678710053055
93712,0.448919153832144
93713,0.44888825175046293
93714,0.4489154112464719
93715,0.44895403260653205
93716,0.4488962008386573
93717,0.44895690704368324
93718,0.4489595002516126
93719,0.44889099061324667
93720,0.4489597267530714
93721,0.4489643330259482
93722,0.44892926775791786
93723,0.4489336691854392
93724,0.4489052328419002
93725,0.44895372145468654
93726,0.4489211907022184
93727,0.4489602058819861
93728,0.4489055337432632
93729,0.44894801424877523
93730,0.4489166748672333
93731,0.4489463821064473
93732,0.44891868578119354
93733,0.4488889335715818
93734,0.44895277328570427
93735,0.4489277817679847
93736,0.44890989929457337
93737,0.44893004547234916
93738,0.4489055497806635
93739,0.4488848337067551
93740,0.44895948570253486
93741,0.4489027191562465
93742,0.44895296490412245
93743,0.44893529107598384
93744,0.4489538110646196
93745,0.44889072294441235
93746,0.44893695479643014
93747,0.44896011065204694
93748,0.448960829672577
93749,0.44891834602620545
93750,0.44893616303049344
93751,0.44890677537504015
93752,0.44892139273728127
93753,0.4488852686912055
93754,0.44892884252753207
93755,0.4489095620200541
93756,0.4489321340921022
93757,0.44891201337434933
93758,0.4489400964058703
93759,0.4488854355109491
93760,0.44890226086147866
93761,0.44894238507716955
93762,0.4489230559612845
93763,0.44893133471895896
93764,0.44892959048249287
93765,0.44891220796834824
93766,0.44892849434061743
93767,0.4489368364210609
93768,0.448936622318197
93769,0.44891407421903107
93770,0.4488944327934155
93771,0.4489615840771626
93772,0.44894517436736175
93773,0.4489151323339941
93774,0.4489013321989299
93775,0.4489167696011007
93776,0.4489593630269406
93777,0.44893304340932855
93778,0.4489506790451084
93779,0.4489594694988726
93780,0.44893019443382254
93781,0.4489556373053465
93782,0.44888519429338436
93783,0.4489068801932558
93784,0.4489437606262552
93785,0.44891717780241225
93786,0.44891239760284524
93787,0.44894408318468115
93788,0.44889517926218114
93789,0.4489053988336725
93790,0.44892413639501255
93791,0.44892174489119063
93792,0.4489557904013832
93793,0.44893674400173944
93794,0.4489417277224787
93795,0.44893827595387187
93796,0.4488881942154368
93797,0.4489591439644606
93798,0.44888993249989917
93799,0.4489619749167271
93800,0.4489127259493976
93801,0.4489301554167139
93802,0.4489422423962374
93803,0.44890706056889207
93804,0.4489591424768696
93805,0.4489430376360564
93806,0.448891132302296
93807,0.44892830470836015
93808,0.4489214238189771
93809,0.4489465717388059
93810,0.44895645238328113
93811,0.44896104460379876
93812,0.44895561002624745
93813,0.44890207982498503
93814,0.4489573898069079
93815,0.4488974057674576
93816,0.4489339758730812
93817,0.4489511976864837
93818,0.448963585236354
93819,0.44892845648130075
93820,0.44890110983116027
93821,0.448959802640698
93822,0.44894159231720837
93823,0.44888679518860963
93824,0.44889501112028957
93825,0.4489565203353875
93826,0.4489228626891102
93827,0.4489418555220487
93828,0.4489148656559026
93829,0.44890574768049385
93830,0.4489561494987413
93831,0.4489395480063871
93832,0.44890528938354357
93833,0.4489147763778832
93834,0.4489254238245706
93835,0.4489588187590367
93836,0.44895148023484865
93837,0.44894660381285084
93838,0.4488952482033225
93839,0.44894733424455857
93840,0.44892227907352467
93841,0.4489340048058999
93842,0.4489351219438457
93843,0.4489434195490909
93844,0.4489207846521736
93845,0.4489283655492165
93846,0.44891632684697225
93847,0.4489134047956089
93848,0.4489204336552785
93849,0.44890180669737023
93850,0.4488921907486152
93851,0.4489155377239321
93852,0.4489632600319787
93853,0.44896122944325606
93854,0.44895936964092537
93855,0.44895884207104353
93856,0.4488847607960811
93857,0.4489459752277384
93858,0.4489471928865758
93859,0.44894428869044634
93860,0.44893279524825513
93861,0.4489088719293515
93862,0.4489250949823443
93863,0.44890905858752167
93864,0.448902370806273
93865,0.4489637039439483
93866,0.44895303583055535
93867,0.4488998174425054
93868,0.4489625925921467
93869,0.4489249508145365
93870,0.448889399804743
93871,0.44893812401444777
93872,0.44891577563478174
93873,0.44888916404385476
93874,0.4489538390059318
93875,0.4488852407503769
93876,0.4489370445717791
93877,0.44892078845481537
93878,0.44892314474459377
93879,0.44890744909705105
93880,0.44889961077812024
93881,0.44892045580823403
93882,0.4489499119114752
93883,0.44893292751330627
93884,0.4488899845782764
93885,0.4489205584798025
93886,0.4488943549241059
93887,0.44896259540321626
93888,0.448942590085228
93889,0.4488985882109225
93890,0.44889364730836007
93891,0.44888523496384813
93892,0.448922584108607
93893,0.448943621252243
93894,0.44890886217490766
93895,0.44888922719933755
93896,0.4489506575514834
93897,0.4489532401777338
93898,0.44893609524426215
93899,0.44892508886379895
93900,0.44895334351013594
93901,0.4489036716259622
93902,0.44894919024398117
93903,0.4489367616904908
93904,0.4488977103057947
93905,0.4489103243575565
93906,0.4489086965147155
93907,0.4489225682355972
93908,0.4488978868787448
93909,0.4489269828904875
93910,0.4489437495494886
93911,0.44894615295845025
93912,0.44896357382847485
93913,0.44889603418557145
93914,0.4489651674479158
93915,0.44893790296827163
93916,0.4489373977167825
93917,0.44894834424666374
93918,0.44889936840538053
93919,0.4489400931005725
93920,0.44896164392512933
93921,0.4489260626601718
93922,0.4489038414207022
93923,0.44896400881301224
93924,0.44890475139992086
93925,0.4489404272334659
93926,0.44889265516029636
93927,0.4489181137377945
93928,0.4489530659203209
93929,0.448954819744865
93930,0.448944864041678
93931,0.44889096796382083
93932,0.4489426762236854
93933,0.4489114052890171
93934,0.4489450698778473
93935,0.4489157913407528
93936,0.44889383132113514
93937,0.4489232905657116
93938,0.4489496619313922
93939,0.44891845894694643
93940,0.4489370624282755
93941,0.4489064855494734
93942,0.44891717978637785
93943,0.4488844384015569
93944,0.44889249098807826
93945,0.448915725869039
93946,0.4489414046671061
93947,0.44895595407723454
93948,0.44893814352375166
93949,0.44894769367296694
93950,0.448900917220832
93951,0.4489445084163371
93952,0.44890803453146555
93953,0.44891448737848577
93954,0.44888952528927795
93955,0.4489461997469469
93956,0.4489460595462539
93957,0.44893669886661314
93958,0.44890043230659765
93959,0.4489212085594481
93960,0.4489368357593923
93961,0.44892334281006024
93962,0.44888499705454155
93963,0.4489519497734276
93964,0.4489556341627769
93965,0.4489482738168468
93966,0.44889190175106314
93967,0.4489302456862389
93968,0.44895621959794985
93969,0.4488969519336919
93970,0.44890738891642024
93971,0.4488989694629489
93972,0.44892071504645203
93973,0.4489398783359625
93974,0.4489002921062434
93975,0.44891837892868836
93976,0.4489234823476845
93977,0.4489404870826865
93978,0.44894515221146125
93979,0.44892066081965704
93980,0.44895359084494385
93981,0.4489225229359046
93982,0.4489298032635842
93983,0.4489567640325019
93984,0.44892777548387464
93985,0.44890773329846717
93986,0.44896288836842985
93987,0.4489520304556329
93988,0.4489641675305451
93989,0.44896018653803244
93990,0.44889869468304355
93991,0.4489387297855769
93992,0.4489562237312069
93993,0.4488907854393387
93994,0.44890897823812537
93995,0.4489645572148761
93996,0.44889727664275675
93997,0.44894167035360183
93998,0.4489045073721531
93999,0.44895600880288955
94000,0.44892339786386076
94001,0.4489271278857261
94002,0.44894981883077484
94003,0.4489609966572344
94004,0.44896058366085145
94005,0.4488947909005123
94006,0.44896177933074555
94007,0.4489297872258654
94008,0.4488943263222639
94009,0.44892896867540844
94010,0.44891389533185716
94011,0.4489655101796081
94012,0.44896107948818764
94013,0.4488976689718799
94014,0.44894936995855717
94015,0.44890618696354473
94016,0.44888942443942215
94017,0.448913752154911
94018,0.4489232897376954
94019,0.44891216018695745
94020,0.44890772139475155
94021,0.4489490723637731
94022,0.44895919042102156
94023,0.44895089050283504
94024,0.44890739040395095
94025,0.4489304189535383
94026,0.44895515057215046
94027,0.44890536890845634
94028,0.4489229850336288
94029,0.4488881474268395
94030,0.4489381650167097
94031,0.44894081361079385
94032,0.4488874381584419
94033,0.4489146953658695
94034,0.4489334125921917
94035,0.44894990050329414
94036,0.44889019471227726
94037,0.4489037230437123
94038,0.4489150328047118
94039,0.4489192305454899
94040,0.44888510815703203
94041,0.448913293528187
94042,0.4488946705394715
94043,0.44894438590469354
94044,0.44893484187479105
94045,0.44894017245951284
94046,0.448951777665303
94047,0.4489145526841281
94048,0.44889492613950344
94049,0.4489657922317684
94050,0.4489538933983677
94051,0.4488999675629729
94052,0.4488864842020093
94053,0.44893803506573887
94054,0.44895423910523186
94055,0.4489579555691246
94056,0.44890449497072277
94057,0.4489097225559096
94058,0.4489610417931923
94059,0.4489244410990254
94060,0.4489384088778625
94061,0.44888679601532594
94062,0.44890680893587076
94063,0.44893826388309926
94064,0.4489654476839599
94065,0.4489300877969878
94066,0.44890816034797765
94067,0.44891477902281735
94068,0.448913822255051
94069,0.4488978048748065
94070,0.44896337146436516
94071,0.44894493166192256
94072,0.44888816858843733
94073,0.44895640939822423
94074,0.44890385034810376
94075,0.4489251144913512
94076,0.44892539753662797
94077,0.4489140064322916
94078,0.44894960621407426
94079,0.44893882782622757
94080,0.44894311352245697
94081,0.4488958602582922
94082,0.4489495116467874
94083,0.4489179685784794
94084,0.448939873706687
94085,0.4488966563228385
94086,0.44893443036729763
94087,0.4489068031509517
94088,0.4489628190953118
94089,0.4489279295727215
94090,0.44895030688462895
94091,0.44892006546398455
94092,0.44888543550966287
94093,0.4489067614869449
94094,0.4488995057946718
94095,0.44890183083723517
94096,0.44892356898208896
94097,0.44891249630382
94098,0.44894056677106187
94099,0.44892915930105665
94100,0.44891521863645906
94101,0.44895701996438925
94102,0.44890234997333606
94103,0.448950598528874
94104,0.44893833977066505
94105,0.4489377454083706
94106,0.44890903759172956
94107,0.4488846341544864
94108,0.44893496289497115
94109,0.4488971372691324
94110,0.4489311153261344
94111,0.44894351312523795
94112,0.4489617247730233
94113,0.44894985983275426
94114,0.4488891909923862
94115,0.4488958116511362
94116,0.4489236984363385
94117,0.4488930823758974
94118,0.448961951441048
94119,0.44891726989148
94120,0.44890140279599855
94121,0.44892716293574
94122,0.448930859392907
94123,0.4489156635407806
94124,0.4488869165408555
94125,0.4489511183282364
94126,0.4488959827677327
94127,0.4489136835418331
94128,0.4489604247791401
94129,0.4489310538228814
94130,0.4489461372516681
94131,0.4489255511286483
94132,0.4489380962389049
94133,0.44893735076378366
94134,0.44895459489680734
94135,0.44892326907140817
94136,0.4489307289472019
94137,0.44893776210510017
94138,0.4489176425451215
94139,0.44889730689913904
94140,0.44888980320979194
94141,0.4489259517247176
94142,0.44889519827517155
94143,0.4489221840084972
94144,0.4489085182891534
94145,0.44890291804964827
94146,0.4489635108383476
94147,0.44891383531608037
94148,0.44890958863784025
94149,0.44891327600352876
94150,0.4489512550565296
94151,0.44888925117143563
94152,0.44893558685347623
94153,0.4488998478620779
94154,0.4489398146827504
94155,0.44892096882992233
94156,0.4489256541298847
94157,0.4489342635472106
94158,0.4489217890331059
94159,0.4489376777881929
94160,0.4489124263690024
94161,0.4489294423468639
94162,0.4489011943133126
94163,0.4488875591811423
94164,0.4489615288568003
94165,0.4488962286129175
94166,0.4489249230382648
94167,0.44894173665106485
94168,0.44889540774714964
94169,0.4489642963217541
94170,0.44894978758335485
94171,0.4489126814752497
94172,0.448955131888829
94173,0.4489456091861305
94174,0.44892970836396345
94175,0.44892229924423205
94176,0.4488950870069575
94177,0.4489660213813988
94178,0.448898828103754
94179,0.44896516397686326
94180,0.44895681561522766
94181,0.44890319861588696
94182,0.44889032069511936
94183,0.4489124081843451
94184,0.44888607070923575
94185,0.4489600549356727
94186,0.44891369627319416
94187,0.4489508422263642
94188,0.44890783960729347
94189,0.44889582454656435
94190,0.44893734646601047
94191,0.44889807684376926
94192,0.44895381635435166
94193,0.44893420766673564
94194,0.4489630912296492
94195,0.4489190328089702
94196,0.44891466775402056
94197,0.44890443082338827
94198,0.44894897911654824
94199,0.4489253785243992
94200,0.44890578256520103
94201,0.4489476291941164
94202,0.4489119755137825
94203,0.44891105131726267
94204,0.4489067651242058
94205,0.4488930079763589
94206,0.4489324378041971
94207,0.4489638077711095
94208,0.4489322301491611
94209,0.44892007472277995
94210,0.4489455576025905
94211,0.44889025274326966
94212,0.44892743440876953
94213,0.4488915533989779
94214,0.44890217687228906
94215,0.44890458408546263
94216,0.44894260794183705
94217,0.4489334697965553
94218,0.4489346896038007
94219,0.4489543966656063
94220,0.4489029221836844
94221,0.4489532338963848
94222,0.4489550396357886
94223,0.44894193950990163
94224,0.4489190556254406
94225,0.44892047002757424
94226,0.44894506094901704
94227,0.4489060340320002
94228,0.4489017446997855
94229,0.4489272211307971
94230,0.4489295997414993
94231,0.44895033482706453
94232,0.44890783596994704
94233,0.44889720902254543
94234,0.44890631740842724
94235,0.4489279859507957
94236,0.4489223878612838
94237,0.44895947594763835
94238,0.44888671864026336
94239,0.4489017625541495
94240,0.44894630373940436
94241,0.448948711942964
94242,0.4489044519847865
94243,0.44893007374388705
94244,0.4488973479013633
94245,0.44891805289624914
94246,0.4489639640087136
94247,0.4489423822661341
94248,0.4489547258389206
94249,0.44891905860145376
94250,0.4489258692235623
94251,0.4489142825350354
94252,0.4489422443793191
94253,0.4489427600450323
94254,0.44893612781471814
94255,0.4489372904185115
94256,0.44892023195211395
94257,0.4488898513222495
94258,0.4488924635435604
94259,0.4489566917834002
94260,0.4489405532148588
94261,0.4489371293870732
94262,0.44892149375459306
94263,0.4489582366309338
94264,0.44889556266343417
94265,0.44895345345525994
94266,0.4489094813387234
94267,0.4489493945911459
94268,0.4489408435342437
94269,0.4489562349753445
94270,0.44891071933290466
94271,0.44888534689382115
94272,0.44888587942361685
94273,0.44890764484668244
94274,0.4489539603580845
94275,0.4489100742141791
94276,0.4489418565140187
94277,0.4488935603458898
94278,0.44892436174176675
94279,0.44889637393962795
94280,0.4489600638631186
94281,0.4489626916251144
94282,0.4488989466473656
94283,0.44892058360868997
94284,0.44888490777567813
94285,0.44891788425949086
94286,0.4489503485491381
94287,0.4489009484686205
94288,0.44891488218900233
94289,0.44890412645070993
94290,0.4489594098155309
94291,0.4488965872146911
94292,0.4488927032731592
94293,0.44889944677164456
94294,0.44893873953879576
94295,0.4489487886559086
94296,0.4488980697342603
94297,0.4488885247106564
94298,0.4489311614526349
94299,0.44896374395264627
94300,0.4489649551636357
94301,0.4489301625266797
94302,0.4489353768837565
94303,0.448887911169233
94304,0.4489436644042807
94305,0.44894017030950717
94306,0.4489304693792531
94307,0.4489138854119531
94308,0.4489048492755248
94309,0.44896418273971644
94310,0.44892505282170553
94311,0.4488935996932536
94312,0.4489590394743174
94313,0.4489423857377075
94314,0.4489610244328175
94315,0.4489138354814315
94316,0.44895673823958626
94317,0.44890928360313204
94318,0.44888608922753387
94319,0.44889661664510205
94320,0.44896530632682735
94321,0.4489561686761103
94322,0.4488954466007505
94323,0.4489532705985024
94324,0.44892837365115085
94325,0.4489109564167882
94326,0.44890853465619296
94327,0.448936178569916
94328,0.4489578715815583
94329,0.4489015023248837
94330,0.44890044999721057
94331,0.4489266679363391
94332,0.44894197753750475
94333,0.44896038096701096
94334,0.44890828666044186
94335,0.44892826850060075
94336,0.4489509356372851
94337,0.44894078914150676
94338,0.4489640359275174
94339,0.4488984079990565
94340,0.44896306361868754
94341,0.44891003403719915
94342,0.4488993697264024
94343,0.4489443305207469
94344,0.4488885228907001
94345,0.44891783565236
94346,0.4489377688836585
94347,0.448954890671654
94348,0.44892869869042046
94349,0.4488943484749192
94350,0.4489495061900819
94351,0.4489600974252346
94352,0.44893774821897
94353,0.44889971047247457
94354,0.4489004827310902
94355,0.4489557386532384
94356,0.4489234722638331
94357,0.4489574772676622
94358,0.4488999882275666
94359,0.44891754318308974
94360,0.44893521981941786
94361,0.4489590112044744
94362,0.4488916803735735
94363,0.44894421545000324
94364,0.44892946400383826
94365,0.4489168990556274
94366,0.44892432338511223
94367,0.44889593515223786
94368,0.4489349235480031
94369,0.44894993803359917
94370,0.4489487719575196
94371,0.44890408644005825
94372,0.44896517356677457
94373,0.44888512072216
94374,0.4489553731076944
94375,0.44891647167480836
94376,0.44890710983817617
94377,0.4489631403323688
94378,0.4489256571054863
94379,0.4489626635193907
94380,0.4489253639746531
94381,0.44891932561047715
94382,0.4489237536558577
94383,0.44891165196242183
94384,0.44893644723326076
94385,0.4489132918740067
94386,0.44892684880658684
94387,0.4489180145403357
94388,0.44896432178428325
94389,0.44895925324752567
94390,0.4489385039438022
94391,0.44896215661615224
94392,0.4488871349430973
94393,0.4488860042477126
94394,0.448897498352194
94395,0.4489210260339503
94396,0.44891308041759137
94397,0.4489074457887483
94398,0.44890108205525125
94399,0.44890162863736954
94400,0.44892219409436823
94401,0.44896621961095057
94402,0.4489588157839195
94403,0.4489565798546975
94404,0.448954843057767
94405,0.44894013112664377
94406,0.4488844613841733
94407,0.4489537996572406
94408,0.44888713097442456
94409,0.44891353970605696
94410,0.44891029244872016
94411,0.4489169078182059
94412,0.4488879450606916
94413,0.448894536953262
94414,0.44892663850717784
94415,0.4488875338848024
94416,0.4489597928861116
94417,0.448909802245552
94418,0.44892111547850716
94419,0.44893936548116953
94420,0.44894054412204965
94421,0.44891298287305853
94422,0.4489214023261183
94423,0.4489265745242363
94424,0.44889838220750883
94425,0.44890087721080796
94426,0.4489384693904369
94427,0.4489626364048161
94428,0.4489627369264595
94429,0.4489120353641644
94430,0.44893104307633735
94431,0.4489267312582689
94432,0.4489022426751644
94433,0.4489338303826846
94434,0.44890790590347024
94435,0.4489127548818832
94436,0.4489177906820955
94437,0.44890831129542647
94438,0.4489094973762436
94439,0.4489609515210866
94440,0.4488930200462604
94441,0.4489468992593922
94442,0.44890193036586323
94443,0.4488983503000236
94444,0.4489552104217528
94445,0.4489392993486944
94446,0.4488876436649434
94447,0.44891393253080103
94448,0.4489249685032138
94449,0.44895166490899596
94450,0.44889018595147473
94451,0.4489254878061734
94452,0.44891115878129717
94453,0.44893218435129917
94454,0.44894812766547176
94455,0.448893496859356
94456,0.44893773829879985
94457,0.4489511887585796
94458,0.44895284735339674
94459,0.44891123103146285
94460,0.44888890827689876
94461,0.44892521054875045
94462,0.44888567623246706
94463,0.4488920946916782
94464,0.4489144023995798
94465,0.4489645436560914
94466,0.44893783402512333
94467,0.4489040075782292
94468,0.4488923608737056
94469,0.448947771708209
94470,0.4488914303938902
94471,0.44895713966202694
94472,0.4489436114981244
94473,0.44891516473873483
94474,0.44895513833763134
94475,0.44891183068333745
94476,0.448913046854229
94477,0.44888880395246916
94478,0.44895521918422765
94479,0.44891708339844083
94480,0.4489578338854589
94481,0.4489385894200538
94482,0.448932213449438
94483,0.4489028621670968
94484,0.4488883218488161
94485,0.448952950851098
94486,0.4488966971607717
94487,0.4489357215974292
94488,0.4489554293192731
94489,0.44895743709242464
94490,0.44892029626429325
94491,0.4488982476302135
94492,0.44891541223846493
94493,0.448886224798211
94494,0.4489462991101592
94495,0.4489373213340743
94496,0.4489307848289049
94497,0.44894837847011065
94498,0.44894295943351165
94499,0.44890949357314575
94500,0.4489215676572574
94501,0.44896608040272473
94502,0.448942177256748
94503,0.448891937296661
94504,0.44894529175039555
94505,0.44889628763585154
94506,0.4489656832805911
94507,0.4488866872265726
94508,0.4489316767867513
94509,0.4489107601685869
94510,0.4488905171067763
94511,0.448884567029585
94512,0.4489658486107434
94513,0.4488947558491352
94514,0.44892438488797953
94515,0.4488934032818977
94516,0.44893725900543197
94517,0.4489348717988143
94518,0.44891465866179703
94519,0.44889363556989914
94520,0.4489432623189132
94521,0.4489134008276778
94522,0.4489077761207269
94523,0.44893797257247275
94524,0.4489515065233441
94525,0.44893721370399964
94526,0.4488863765723548
94527,0.4488847525304008
94528,0.4489384310321194
94529,0.4489172821256205
94530,0.44893896075224116
94531,0.44895008484745746
94532,0.4489171019153833
94533,0.4488992961560332
94534,0.44892796710311517
94535,0.44890914356855616
94536,0.44895687678781265
94537,0.44893750600986726
94538,0.44895641865583175
94539,0.4489459148818057
94540,0.4489501403981619
94541,0.4489299937225838
94542,0.44892158319671177
94543,0.44896481479898137
94544,0.4489327418455555
94545,0.4489397578107854
94546,0.4489439163671839
94547,0.4488922251366717
94548,0.4489155912900423
94549,0.4489517608019506
94550,0.4489436553094641
94551,0.44889783777425857
94552,0.44888943353215743
94553,0.44895856712683874
94554,0.44888533515495915
94555,0.44891882350193957
94556,0.4488972915233412
94557,0.4489114406696995
94558,0.4489619744219983
94559,0.4489113505637258
94560,0.4489550178116989
94561,0.44888735119455664
94562,0.4489571257751109
94563,0.4489106277406172
94564,0.4489055291127259
94565,0.44892262593759025
94566,0.44889519050458776
94567,0.44890285324091334
94568,0.4489477474045691
94569,0.44894783073193334
94570,0.44889835360540364
94571,0.44890676214863606
94572,0.44891504570045043
94573,0.4489200532295298
94574,0.44893678665627484
94575,0.4488985191020268
94576,0.4489661602582587
94577,0.44892756667143535
94578,0.4489081509245151
94579,0.4489091443953052
94580,0.4489535306633202
94581,0.4489154281101049
94582,0.44894527058893713
94583,0.4489290404280877
94584,0.4489048343954604
94585,0.44895435913426074
94586,0.44895500375776676
94587,0.4488933660829317
94588,0.4488884180712217
94589,0.4489557323703625
94590,0.4489409290101012
94591,0.448917190533257
94592,0.44891202875014424
94593,0.44889684479954384
94594,0.44893279541265746
94595,0.44896517587980433
94596,0.4489340833379139
94597,0.44891193418018194
94598,0.4489249678435823
94599,0.44890428599392673
94600,0.44896410916764656
94601,0.44888621024947695
94602,0.4489195049944571
94603,0.44890805007334783
94604,0.44894368060629075
94605,0.44891818102737
94606,0.4488950691520281
94607,0.4489498593359647
94608,0.448889021693609
94609,0.4489495514910073
94610,0.44890183860742155
94611,0.44893938862709704
94612,0.4488943413657094
94613,0.448901361131816
94614,0.44889174832266726
94615,0.4489317959899783
94616,0.44891738694552386
94617,0.44892566653004473
94618,0.4488875302478583
94619,0.448884956051321
94620,0.44889109179636255
94621,0.4488941459463219
94622,0.4489063498131758
94623,0.44892265338170456
94624,0.4489188334220778
94625,0.44893847930952213
94626,0.44892467388524304
94627,0.44891689657496914
94628,0.44889934509209856
94629,0.44891185697252983
94630,0.4489344412783785
94631,0.448898883160072
94632,0.4489190280153305
94633,0.448940786991278
94634,0.44890619374212665
94635,0.44891047398159034
94636,0.4489097405769096
94637,0.4488862178546453
94638,0.44889129845851117
94639,0.44889932657677345
94640,0.44893028057096845
94641,0.4489225374841554
94642,0.44890249298409723
94643,0.44889045113988973
94644,0.44893235017943955
94645,0.448912153573796
94646,0.44892386475877116
94647,0.4489546183736682
94648,0.44890915910933776
94649,0.4489102607062237
94650,0.44890466245047334
94651,0.4489560962626744
94652,0.4489595460477422
94653,0.4489032315161932
94654,0.4489323781201991
94655,0.4489001532290619
94656,0.4489359160268073
94657,0.44888564531531777
94658,0.4489143220497495
94659,0.44896107717398853
94660,0.4489630500623763
94661,0.4489611254501088
94662,0.4489306482659061
94663,0.44889111130535553
94664,0.44889138790362204
94665,0.44894950073455736
94666,0.44894062149670616
94667,0.4489023987466649
94668,0.4489557302210095
94669,0.44893946897845105
94670,0.4489372943861736
94671,0.44889994573938374
94672,0.448947749222381
94673,0.4488857445138944
94674,0.44890529120309774
94675,0.44889572848960296
94676,0.4488876582132908
94677,0.44892194659393675
94678,0.4489631037947882
94679,0.44891173694222625
94680,0.44893477078270805
94681,0.44896044891815107
94682,0.4488955618364842
94683,0.44893125089554414
94684,0.4489637510634848
94685,0.44889692267180903
94686,0.4489210271915871
94687,0.44895124844159695
94688,0.44895091364741774
94689,0.4489424247548318
94690,0.44892088765312904
94691,0.44890369196230434
94692,0.4489319900892073
94693,0.4489505221462003
94694,0.4489558482666903
94695,0.4489628797719349
94696,0.44891659071432594
94697,0.4489595146349428
94698,0.44889766731983777
94699,0.44889214296773616
94700,0.4489132746804793
94701,0.44889018281021853
94702,0.4488920996499257
94703,0.4489145366479809
94704,0.4489434749347959
94705,0.4489017027054456
94706,0.44896172163042636
94707,0.44894270201561287
94708,0.4489339790134971
94709,0.4489385821442046
94710,0.44893697017352713
94711,0.4489516754919086
94712,0.44891603884133136
94713,0.44893418451918454
94714,0.44892005157689996
94715,0.4489076785758105
94716,0.4489037951281399
94717,0.4489093905723519
94718,0.44895420719561024
94719,0.4489523640915991
94720,0.44894881362072314
94721,0.44890944711412134
94722,0.4489589568108042
94723,0.44890510173444254
94724,0.44888599680747915
94725,0.44889501095571305
94726,0.4489521365977551
94727,0.44894773186360243
94728,0.4488999733487645
94729,0.44889443990350597
94730,0.44889837245301933
94731,0.4489105285422381
94732,0.4489609318484346
94733,0.4489247539052457
94734,0.4488899384517865
94735,0.4489151521732693
94736,0.44891694716611447
94737,0.44892317632266576
94738,0.4489150562815727
94739,0.4489609187857441
94740,0.44888773145544786
94741,0.4489003015301651
94742,0.44895897499544146
94743,0.4489261773996348
94744,0.4489605869674927
94745,0.4489531614817194
94746,0.4489118182834957
94747,0.44892226221022125
94748,0.44891665783683216
94749,0.4489357776444195
94750,0.4489238809594507
94751,0.44892866000352455
94752,0.44892893114510807
94753,0.4489235726181697
94754,0.4489167396767752
94755,0.4489622845819701
94756,0.4489374332628418
94757,0.44891946514810144
94758,0.44892055137019016
94759,0.448923041742079
94760,0.44888514882754815
94761,0.44890657532394906
94762,0.44896216306274733
94763,0.4489422379326525
94764,0.4489051472006845
94765,0.44889790208787506
94766,0.44896353199992034
94767,0.4489360458112603
94768,0.448949370785189
94769,0.4489602207621396
94770,0.4489319209798081
94771,0.4489193032911958
94772,0.4488947786663923
94773,0.4488881672661641
94774,0.44892403306511736
94775,0.4489030926393585
94776,0.44896175039919256
94777,0.44891655929991753
94778,0.4489376447213587
94779,0.448892093203376
94780,0.448939649518957
94781,0.4489502450527324
94782,0.44895492902999434
94783,0.4489339269356748
94784,0.4489271101957182
94785,0.4489436781263657
94786,0.44889275535186685
94787,0.44895912660435827
94788,0.44892680020069653
94789,0.44889213337898887
94790,0.448964157280474
94791,0.44892513366964515
94792,0.4489079338456449
94793,0.44893978889289643
94794,0.44893295098956243
94795,0.44893747079371193
94796,0.4489072540054434
94797,0.44893161313614816
94798,0.44890470923988135
94799,0.4489280072784254
94800,0.4489024814119262
94801,0.4489498299071345
94802,0.44889729615254986
94803,0.4489508721507784
94804,0.4489259601562245
94805,0.448901667159746
94806,0.4488852485209112
94807,0.4489048658068981
94808,0.4489281941005176
94809,0.44890174618771334
94810,0.4489331295472408
94811,0.4489374655023071
94812,0.4489078243965374
94813,0.4489628865498062
94814,0.44894227265246606
94815,0.4489339307386508
94816,0.4488995517561746
94817,0.44891053680717596
94818,0.4489059755062596
94819,0.4489054322308136
94820,0.44896409180919317
94821,0.4489201134105073
94822,0.4489108957395456
94823,0.4489562022399649
94824,0.4489225520331708
94825,0.44892983021212773
94826,0.4489017976054811
94827,0.4489220380220895
94828,0.4489338755178246
94829,0.44891246439496446
94830,0.44890418332405807
94831,0.4489489935006452
94832,0.4489400904548494
94833,0.4488923221864175
94834,0.44894567713728945
94835,0.44891560749410525
94836,0.44890043875442864
94837,0.4489437801348177
94838,0.44889271071300485
94839,0.4489294926073024
94840,0.44895033730711825
94841,0.44890257680836826
94842,0.4489279267628735
94843,0.44895212089138375
94844,0.44892092716533893
94845,0.44890611702791616
94846,0.4489338750218746
94847,0.44888875319734445
94848,0.4489388417130299
94849,0.44894642988524835
94850,0.4489655042261147
94851,0.44896106163123967
94852,0.4489651199980226
94853,0.4489653949442642
94854,0.44889915909662664
94855,0.44889610081414283
94856,0.44890085869344576
94857,0.4489405381688667
94858,0.4489598790236613
94859,0.448922719679502
94860,0.44896367682937827
94861,0.44895429316862756
94862,0.4489156496529549
94863,0.4488874083989698
94864,0.44892824700633216
94865,0.44894241648959327
94866,0.44893239365958054
94867,0.4489443009265591
94868,0.4489315395637809
94869,0.44889394424192647
94870,0.44891372917467726
94871,0.44895428209023214
94872,0.44894974955693656
94873,0.4489006250814485
94874,0.4489342142799665
94875,0.44890835047838357
94876,0.4489396033917291
94877,0.4489405940519142
94878,0.4489252042654015
94879,0.4489270384406246
94880,0.44892085590799485
94881,0.4488946715319071
94882,0.4489524241065128
94883,0.44888477865258875
94884,0.4489181076214113
94885,0.4489466466344102
94886,0.44893752783343127
94887,0.44888790191111383
94888,0.44889383892765455
94889,0.4489355689978428
94890,0.44894783585682974
94891,0.448893721046689
94892,0.4489337745009563
94893,0.4489352813232007
94894,0.4488975639870886
94895,0.44889586538193976
94896,0.4489492317415204
94897,0.4489354117681941
94898,0.44892343308017907
94899,0.44890279372026143
94900,0.44889213056807337
94901,0.44895479511231956
94902,0.44896254266236746
94903,0.448966123554948
94904,0.44888704384572703
94905,0.4489395412262095
94906,0.44892151756213544
94907,0.4488862581939919
94908,0.4489194509314209
94909,0.44893248574872247
94910,0.44893944665878155
94911,0.4488889520895367
94912,0.4489332373426376
94913,0.4489660815600508
94914,0.44895108823767266
94915,0.4489169883337464
94916,0.44893584046997487
94917,0.4488944005556766
94918,0.4489410718556188
94919,0.4489019659105616
94920,0.44895574295188745
94921,0.44896393953982555
94922,0.44892775299889565
94923,0.44889323695949324
94924,0.4489189101354203
94925,0.4489225846041653
94926,0.44893457089737215
94927,0.4489087654574619
94928,0.44895016833856655
94929,0.4489372533849851
94930,0.4489049874911149
94931,0.44894630241551414
94932,0.44888455711056374
94933,0.44895027778774443
94934,0.44894758521613914
94935,0.4489083360934119
94936,0.4489257358035529
94937,0.44888805037711343
94938,0.44891983863089063
94939,0.4489469637389298
94940,0.4489126862693326
94941,0.44889131681152306
94942,0.4488929158877584
94943,0.44893481393394286
94944,0.4488864615517359
94945,0.448902523240546
94946,0.44892721848713013
94947,0.4489100466036403
94948,0.44892483078296713
94949,0.448891645321879
94950,0.44894743641875456
94951,0.44889070773409845
94952,0.4489185884006576
94953,0.4489556394546596
94954,0.44893911368297623
94955,0.44895709254439753
94956,0.44888996159766364
94957,0.44890504568738576
94958,0.44895076832278386
94959,0.4489097055264522
94960,0.4489566611969541
94961,0.44889518223643127
94962,0.4488972763136987
94963,0.4489492195074197
94964,0.4489653908093935
94965,0.4489303027269893
94966,0.44894252048208716
94967,0.4488912078574381
94968,0.448926294785114
94969,0.4489288291361226
94970,0.448889379963757
94971,0.44889610197106933
94972,0.44890803883088876
94973,0.44895983355786034
94974,0.448892274736587
94975,0.448959210096964
94976,0.44889618314865876
94977,0.4489131999515159
94978,0.44895965417458683
94979,0.44891589665672155
94980,0.4489655475439699
94981,0.4489247583695468
94982,0.44892791783335095
94983,0.4488977144387173
94984,0.44895401458559603
94985,0.4489648873794697
94986,0.44895051916986184
94987,0.44895603922406385
94988,0.4488963271515586
94989,0.44889250537090947
94990,0.4489113933842384
94991,0.4489032215967852
94992,0.4489120047763147
94993,0.44893164504331023
94994,0.44892578540191397
94995,0.44894038127191915
94996,0.4489142805510494
94997,0.44895959812595543
94998,0.4489315005454028
94999,0.44888767805296675
95000,0.44889460027414674
95001,0.44888654041316894
95002,0.448946122371573
95003,0.44894055387620124
95004,0.44890070543202154
95005,0.4489117977842004
95006,0.44893166273489116
95007,0.4489650565121293
95008,0.4489538147027086
95009,0.4489289200666207
95010,0.448914653535645
95011,0.44889398954341747
95012,0.4489149752703633
95013,0.4489227730809596
95014,0.4489022871493327
95015,0.44894080534379066
95016,0.4489213485936531
95017,0.44889787067638326
95018,0.44891698535738644
95019,0.4489643578259328
95020,0.448934745487171
95021,0.44890054456623524
95022,0.4489226193243832
95023,0.44894948172158605
95024,0.44891396344629364
95025,0.44889263664418405
95026,0.44896129474880025
95027,0.448916480603915
95028,0.44896241602003134
95029,0.4489005987942517
95030,0.44890982770477716
95031,0.44896369914974016
95032,0.44895981718881856
95033,0.448946371194298
95034,0.44889656721061394
95035,0.4489398910667219
95036,0.4489304273853919
95037,0.44892669157733894
95038,0.44893491362661514
95039,0.44893599125137734
95040,0.4489493633452861
95041,0.44894013393682597
95042,0.44895363994767773
95043,0.44888950726923005
95044,0.44896271113456393
95045,0.44895943147290107
95046,0.44894064464169703
95047,0.44889482925588226
95048,0.44896209213685656
95049,0.44892813276386495
95050,0.4489250946504222
95051,0.44894524016890025
95052,0.44891948730362546
95053,0.4488932844089689
95054,0.44892797735320006
95055,0.4488867994873031
95056,0.4489576505348183
95057,0.4489083167496784
95058,0.44893017409984204
95059,0.44889899327052407
95060,0.4489308264921987
95061,0.4489510158216633
95062,0.44893557627268127
95063,0.44892313730306127
95064,0.4489321960914245
95065,0.448922682811216
95066,0.44895068615273304
95067,0.448948322258661
95068,0.4489226128747368
95069,0.44890370502341304
95070,0.4488914300615791
95071,0.4489109503002723
95072,0.44893701828504196
95073,0.44895917901410354
95074,0.4489456587852565
95075,0.44888545204432967
95076,0.44889501145098243
95077,0.4489199637860489
95078,0.4489535953091768
95079,0.4489405122129689
95080,0.44895239748924876
95081,0.44891326740590903
95082,0.44894270052598856
95083,0.4488854343539259
95084,0.4489514392342372
95085,0.4489524075743421
95086,0.44892699247971085
95087,0.44894799259048457
95088,0.44895294060054924
95089,0.44892614516014573
95090,0.448888280847769
95091,0.4489294532590595
95092,0.44895748817990483
95093,0.44891929684337256
95094,0.4489043572503743
95095,0.44894916759328807
95096,0.44893042226049423
95097,0.448920133579175
95098,0.4489566735963241
95099,0.44891820665388177
95100,0.4489377459039981
95101,0.4489486575496171
95102,0.4489235631942365
95103,0.44891800528011566
95104,0.4489620390658224
95105,0.44895737046424816
95106,0.4489344988124193
95107,0.44894431134067536
95108,0.4489039113550744
95109,0.448895016576187
95110,0.4489572226591468
95111,0.4488872949829975
95112,0.44893898026091417
95113,0.44893127470441707
95114,0.44889640039221246
95115,0.448945454602165
95116,0.44892674531104776
95117,0.4489064073491415
95118,0.44891413059706137
95119,0.44892974605925645
95120,0.44890992475463437
95121,0.4489465146997757
95122,0.4489367147378722
95123,0.44894219726178647
95124,0.4488849325753267
95125,0.4489049415299116
95126,0.4488957400630732
95127,0.448954342272247
95128,0.4489063364214165
95129,0.4489514336130412
95130,0.4489523022592481
95131,0.44888983164791996
95132,0.4489267993737066
95133,0.4489544095609915
95134,0.4489491265913744
95135,0.4489641916687812
95136,0.44891729121946455
95137,0.44891087325549894
95138,0.4489034183403952
95139,0.44891049878279143
95140,0.44890021010195524
95141,0.44890596856117304
95142,0.44889278676422356
95143,0.44893689709612744
95144,0.4489501701579807
95145,0.44889487141642415
95146,0.4489122517809085
95147,0.4489122623624491
95148,0.4489339299112048
95149,0.4489528141219799
95150,0.44894497497814895
95151,0.4488996544254354
95152,0.448939760621427
95153,0.4489446190215741
95154,0.4489123534599742
95155,0.44893082252555266
95156,0.4489268289669518
95157,0.44889416611536637
95158,0.44893868514601315
95159,0.4488978496789833
95160,0.44892751657637003
95161,0.4488948160294806
95162,0.44895877693115166
95163,0.44894316758621966
95164,0.448963790742821
95165,0.4489181964038049
95166,0.44888768582345745
95167,0.44893080136358765
95168,0.44894229959961646
95169,0.4488944762753272
95170,0.4489194823434071
95171,0.4489014520647698
95172,0.4489451302241725
95173,0.4489026389721821
95174,0.4489526337472705
95175,0.4489027923984524
95176,0.44895904228658856
95177,0.4488951309848955
95178,0.4489600992441925
95179,0.44891159293815946
95180,0.44891332576841314
95181,0.44896261226556416
95182,0.44893363016782983
95183,0.4489500774071907
95184,0.448926627925098
95185,0.4489301661623417
95186,0.4489284723526178
95187,0.4489509234027783
95188,0.44889875569075055
95189,0.44895868120443844
95190,0.4489381655127125
95191,0.4489198283790838
95192,0.44895872749572596
95193,0.44893714740740454
95194,0.4488981609962622
95195,0.44893300521789026
95196,0.44896023431923754
95197,0.4489233057764644
95198,0.4489255646861914
95199,0.4489578882799465
95200,0.44888728522690396
95201,0.44888692679209813
95202,0.44895153776993413
95203,0.4489018184374505
95204,0.448916125307489
95205,0.44890216959900986
95206,0.44889377196762087
95207,0.4489605038070808
95208,0.44890580108230965
95209,0.44891736065827936
95210,0.44893434985090164
95211,0.4488929342390251
95212,0.44896579107568896
95213,0.44891760931366576
95214,0.44890684630052236
95215,0.4489175154072934
95216,0.44888632680710644
95217,0.44895968773513106
95218,0.44890178553637794
95219,0.4489387977351391
95220,0.44891750796614865
95221,0.4489516703662524
95222,0.44895635566494807
95223,0.44889980107441096
95224,0.4489093432882035
95225,0.44890067997155314
95226,0.44891387383723536
95227,0.448902091892439
95228,0.4489482389324987
95229,0.4489449100039868
95230,0.4488994394967653
95231,0.4489344468995617
95232,0.4489260987035432
95233,0.4489083007135754
95234,0.4488922132335786
95235,0.44892335487794044
95236,0.4489406800224448
95237,0.44896231616046384
95238,0.4489214477919467
95239,0.44891800676903854
95240,0.4489322473434599
95241,0.4489561562763575
95242,0.4489235681542152
95243,0.448896463217723
95244,0.44895272517491497
95245,0.4489350749900067
95246,0.4489477070640232
95247,0.44889096366557557
95248,0.4489328450134907
95249,0.4489550361633926
95250,0.4489305872598968
95251,0.44895932433960406
95252,0.4488921504072854
95253,0.44893860595266893
95254,0.4489347656567335
95255,0.4488998746455387
95256,0.44893706970273956
95257,0.44896340915938654
95258,0.44896604287432706
95259,0.44895467210577855
95260,0.4489498327167877
95261,0.4489488690072917
95262,0.44894866482243095
95263,0.4489020090631429
95264,0.44890940545075275
95265,0.4489129618759679
95266,0.44889696152447917
95267,0.44889868211695544
95268,0.4489376247154857
95269,0.44888911080678046
95270,0.4489389123104726
95271,0.448921512601838
95272,0.44894610897974063
95273,0.4489235352551352
95274,0.4489052515241838
95275,0.4488892278607234
95276,0.4489578348766231
95277,0.4489157405843656
95278,0.4489271634313445
95279,0.448890903485354
95280,0.44895710428222835
95281,0.448906399908306
95282,0.4489561159370315
95283,0.44894923405523923
95284,0.44894376690747306
95285,0.4489071658843845
95286,0.44895478023091434
95287,0.44888485305166415
95288,0.44888765622934734
95289,0.4489008744002072
95290,0.44889974089322626
95291,0.4489384568254104
95292,0.4488981729001155
95293,0.4489093637891521
95294,0.4489054345437342
95295,0.44889196060796677
95296,0.4489579074579348
95297,0.4489470581422806
95298,0.44892385880514807
95299,0.44891026467325945
95300,0.44894563117466685
95301,0.44890190738459457
95302,0.44890358383548645
95303,0.4489433153916616
95304,0.44896189936163844
95305,0.44892992792114494
95306,0.44888723480202003
95307,0.44894048030451617
95308,0.4488966293748556
95309,0.44889300533113635
95310,0.4489216855362559
95311,0.4489123228734112
95312,0.448940689776991
95313,0.44892202099168027
95314,0.4488891038619047
95315,0.44895554438830354
95316,0.4489512069453398
95317,0.4489227849847529
95318,0.4489578403334118
95319,0.448921197150035
95320,0.4489460871564937
95321,0.44893220568059133
95322,0.4489166298976707
95323,0.4489016063181485
95324,0.44890333120958753
95325,0.4489130371013603
95326,0.4489576520220262
95327,0.44893788444968685
95328,0.4488913834383567
95329,0.44894222420986607
95330,0.4489456465508676
95331,0.44896449273564293
95332,0.44890559160937965
95333,0.44892758138750816
95334,0.4489227267884552
95335,0.44893949460467275
95336,0.44896486340521746
95337,0.44888810956581204
95338,0.44894064034405373
95339,0.4489658575382097
95340,0.4489307570550122
95341,0.4489025822626485
95342,0.4489658180245873
95343,0.4489170969555388
95344,0.44895740402538475
95345,0.44894248129873254
95346,0.44896206436048375
95347,0.44894310128876946
95348,0.44895287628658254
95349,0.4489501146053136
95350,0.44895192943902257
95351,0.44896384447350274
95352,0.4489594060119533
95353,0.4489625522519495
95354,0.44895771187069966
95355,0.44895404566933206
95356,0.4488979979794884
95357,0.4489516543295194
95358,0.44894572127978044
95359,0.44893086005424027
95360,0.4489326758804388
95361,0.44891185366514286
95362,0.44891974604585216
95363,0.44889578569348676
95364,0.4489462037144904
95365,0.44894789917880973
95366,0.4488945490207582
95367,0.4489429915092897
95368,0.44893641862980443
95369,0.44893924760020754
95370,0.44889998905592476
95371,0.44896153778385944
95372,0.4488906682187524
95373,0.4489433489538149
95374,0.4489336688535125
95375,0.44891179927221114
95376,0.44889090216139205
95377,0.44890326408631953
95378,0.4489349263569688
95379,0.448900385187766
95380,0.44894338516116106
95381,0.44891590393160447
95382,0.44892209357309226
95383,0.44895555678813265
95384,0.44889494151530135
95385,0.4489403753197244
95386,0.4489229870176388
95387,0.44893613591559617
95388,0.44889744313174174
95389,0.4488924103068253
95390,0.44892467636596056
95391,0.4489455585953842
95392,0.4489331065662544
95393,0.44894747461011664
95394,0.44890406643411085
95395,0.4489268737723914
95396,0.44888708831959634
95397,0.4489460190403476
95398,0.44891987285393015
95399,0.448903847702905
95400,0.44890565476519684
95401,0.44894743939403897
95402,0.44891311183041904
95403,0.44895639567574325
95404,0.44892870811297053
95405,0.4489426028174239
95406,0.4489446798632288
95407,0.4489509101764078
95408,0.44893209424777414
95409,0.4489564312222156
95410,0.4489502769610273
95411,0.44895515305278366
95412,0.44892235082693405
95413,0.4489444379851326
95414,0.44893795190616487
95415,0.44893827529251024
95416,0.44896399343793175
95417,0.44888705244320876
95418,0.44895610237993144
95419,0.4489065991315357
95420,0.448916275593743
95421,0.4489560531114602
95422,0.4489301752555188
95423,0.4489395116337625
95424,0.4488925777872284
95425,0.4489603700555774
95426,0.4489502271953243
95427,0.4489484513808808
95428,0.4489591095761271
95429,0.4489549703622347
95430,0.4489543811248661
95431,0.44895800930183377
95432,0.4488982950783279
95433,0.4489154281105121
95434,0.4489123453587228
95435,0.44896085116720175
95436,0.448899193155106
95437,0.44892606547214897
95438,0.44894503482810305
95439,0.4489429974604606
95440,0.44896570278797787
95441,0.44891509298495136
95442,0.44894642707596927
95443,0.4489204804441756
95444,0.4489610859347623
95445,0.44890676595156764
95446,0.4489152267364118
95447,0.44895014552210843
95448,0.4489360988819537
95449,0.44894189784665695
95450,0.4489483339970508
95451,0.44894221462106554
95452,0.44896315967472616
95453,0.44896117141226366
95454,0.4488946473923844
95455,0.448900035017814
95456,0.4488860584760916
95457,0.4489602192737835
95458,0.44893744566355925
95459,0.4489081246369998
95460,0.4488887026062228
95461,0.4488879177825278
95462,0.4489173218052819
95463,0.44890442950150516
95464,0.4488967781730732
95465,0.4489513937683882
95466,0.44890778835356376
95467,0.44894781023014496
95468,0.44894775550620225
95469,0.44890652771035044
95470,0.4489014752114099
95471,0.44889749041590843
95472,0.4489239993361062
95473,0.4489289038655817
95474,0.44896340634874127
95475,0.4488965181078678
95476,0.4489289154382136
95477,0.4489164936646454
95478,0.4489435132922948
95479,0.4489301061490819
95480,0.44888710534863396
95481,0.4489238029244242
95482,0.44895071591214
95483,0.44891724409957295
95484,0.44890847530289074
95485,0.4489376343046495
95486,0.44895777767229533
95487,0.44888563506439794
95488,0.44892017739304985
95489,0.4489194378698913
95490,0.4489102939366913
95491,0.44891920591125095
95492,0.448884854209429
95493,0.4489151908597142
95494,0.4488979275499861
95495,0.4489474732871136
95496,0.44895054049740624
95497,0.44888585181267565
95498,0.4489082235032891
95499,0.44890454688616194
95500,0.44894781601586053
95501,0.4489070013814164
95502,0.44889052520883244
95503,0.44895398251235374
95504,0.4489139565041407
95505,0.44890519051759986
95506,0.4489077175934006
95507,0.4489365993368636
95508,0.4488989016758501
95509,0.448919828711104
95510,0.44893120658687874
95511,0.44889670212066296
95512,0.4488853673950885
95513,0.4489160861257423
95514,0.448958835457822
95515,0.4489197715063693
95516,0.44895078419490736
95517,0.44891215572437826
95518,0.44894116774729864
95519,0.44889287521510113
95520,0.44892554269723817
95521,0.4489501936348494
95522,0.44892809324990696
95523,0.44895870798671705
95524,0.4488954993402177
95525,0.44889041939733626
95526,0.4488844473311283
95527,0.4488995724215382
95528,0.4489544570108471
95529,0.4489621971217644
95530,0.4489289794215666
95531,0.4489260290990923
95532,0.4489369964609807
95533,0.44888683552884345
95534,0.44890700402583633
95535,0.44889574436093643
95536,0.44892894056890703
95537,0.44894661307143097
95538,0.44889901492718964
95539,0.4489197642318938
95540,0.4489565186807741
95541,0.44893962157765716
95542,0.4489659904642918
95543,0.4489292971854297
95544,0.4488848570183615
95545,0.4488972437432686
95546,0.4489457963402143
95547,0.44890779728232877
95548,0.44891452573614776
95549,0.4489039926980773
95550,0.44894157198200163
95551,0.44889546065453867
95552,0.4489429938239444
95553,0.44889005120637515
95554,0.44890769709279854
95555,0.44890293441817053
95556,0.4489470733523297
95557,0.44890453051680834
95558,0.4489223242094723
95559,0.44895934632937484
95560,0.448890487347293
95561,0.44890748960309207
95562,0.44892685442878727
95563,0.4489184253865607
95564,0.4489098983022029
95565,0.4488857425282993
95566,0.44894757149208103
95567,0.448906605084253
95568,0.4488985371221396
95569,0.44891258012728463
95570,0.4489549832567894
95571,0.448953346817116
95572,0.44889566186101293
95573,0.4489059437632132
95574,0.4489238368162491
95575,0.4489418163399583
95576,0.44890608561680273
95577,0.4488931546249594
95578,0.4489511811530234
95579,0.4489023564211716
95580,0.4489517037625419
95581,0.4489054269394076
95582,0.4489539907788769
95583,0.4488940052505403
95584,0.4489004356118192
95585,0.4489507134331145
95586,0.4489618294272186
95587,0.4489148054756553
95588,0.44892423609055027
95589,0.4489283230600041
95590,0.4489248871606672
95591,0.44894973583450726
95592,0.44888894134213614
95593,0.4488908011445113
95594,0.44895191737035045
95595,0.448922551206571
95596,0.4489170939786258
95597,0.44890418811823907
95598,0.44895975204857963
95599,0.4488900427749651
95600,0.44892011473320353
95601,0.44890598608741117
95602,0.4488956878182191
95603,0.44891234039717
95604,0.44893877839149876
95605,0.4489622015860253
95606,0.4489060518876171
95607,0.44896195028410346
95608,0.448924418946042
95609,0.448945100795385
95610,0.4489476561425528
95611,0.44892062378571107
95612,0.4488937772598224
95613,0.4489042990541163
95614,0.4489326145420368
95615,0.44891559922675517
95616,0.44896607924636023
95617,0.4489032958305223
95618,0.44895468318360865
95619,0.4488988829934964
95620,0.4489144139735089
95621,0.4488942911065226
95622,0.448942065492557
95623,0.4489193560299837
95624,0.44894150006316036
95625,0.448940954637932
95626,0.4489512949011058
95627,0.4489280638201244
95628,0.44895189273441494
95629,0.44892647449932693
95630,0.44889150644509657
95631,0.4488866293618656
95632,0.4489510222695765
95633,0.4489290144719147
95634,0.4488883269750206
95635,0.448910107114965
95636,0.44892180060750403
95637,0.44891620053376996
95638,0.44896049504371566
95639,0.44891773695043624
95640,0.44896562326569717
95641,0.4489349777747698
95642,0.44889053926107064
95643,0.44894545724787543
95644,0.44893472581284594
95645,0.44890889573788695
95646,0.44890100930949733
95647,0.4489295465054307
95648,0.448885611918552
95649,0.4488917050074495
95650,0.44894533572948814
95651,0.4489143909922342
95652,0.44896098409127644
95653,0.4489159527037373
95654,0.4488869585338443
95655,0.44893904242512045
95656,0.4489245037592708
95657,0.44893167761500813
95658,0.4489332226282326
95659,0.44896374792152927
95660,0.4489456404332265
95661,0.44894338995532285
95662,0.4488893068886001
95663,0.44889553885553707
95664,0.4489291650876352
95665,0.44891987334904265
95666,0.4489131705222579
95667,0.4489352783464587
95668,0.44889388703757405
95669,0.44894219163884497
95670,0.44889186537756315
95671,0.44892028122018585
95672,0.4488915624922125
95673,0.4489411798163925
95674,0.4489389037119657
95675,0.4488847536880926
95676,0.44889220579371725
95677,0.448934488893507
95678,0.4489199884206858
95679,0.44889971097010706
95680,0.448922917580538
95681,0.44891866296468397
95682,0.44893887048177555
95683,0.4489182709670626
95684,0.4489296242103826
95685,0.44891811605152565
95686,0.44895180577059457
95687,0.44892765082561387
95688,0.4489224963168573
95689,0.4489426322454923
95690,0.44892658741914576
95691,0.4489171877210186
95692,0.44896438361713464
95693,0.4489594213889726
95694,0.4489452267764565
95695,0.44891384771664417
95696,0.44891465155171967
95697,0.4489638815075583
95698,0.44895005872524885
95699,0.4488941474339605
95700,0.4489418467594997
95701,0.44891515498295603
95702,0.4489469366231166
95703,0.44890532641763203
95704,0.44895512378935715
95705,0.448943310099458
95706,0.4489119945270757
95707,0.4488916360641588
95708,0.4489014836416589
95709,0.44893356849788046
95710,0.4489423819354983
95711,0.44894464315983307
95712,0.4489028876287989
95713,0.44893578706898934
95714,0.4488985000890442
95715,0.44895635335120965
95716,0.44895670269486415
95717,0.44893810698604214
95718,0.4489444875838677
95719,0.44892801356066137
95720,0.44889668459434595
95721,0.44892723270519974
95722,0.4489184572945212
95723,0.448910527054264
95724,0.44895401177624483
95725,0.4488954388309948
95726,0.44892298867100044
95727,0.44891423938372926
95728,0.4489173560274092
95729,0.44892453980137653
95730,0.4489180967078173
95731,0.44892127469133086
95732,0.4489424355013345
95733,0.4489104893589299
95734,0.4489526253149401
95735,0.4489215324415337
95736,0.44895113204986664
95737,0.4489358449343728
95738,0.4489397936867337
95739,0.44889288463989857
95740,0.4489031690216251
95741,0.44893126313081605
95742,0.448948607454512
95743,0.44888808294802557
95744,0.4489635425811074
95745,0.4489553980708966
95746,0.4489055431674892
95747,0.4488989850032769
95748,0.4489455933147892
95749,0.44891974984807415
95750,0.4489202418719098
95751,0.44892884831411056
95752,0.44890592028591214
95753,0.4489289192416535
95754,0.448932193280346
95755,0.4488888403260869
95756,0.4489105673932467
95757,0.44891020317023733
95758,0.44895995656333454
95759,0.44895816190118554
95760,0.448917757285372
95761,0.44894480154547683
95762,0.44896337278702314
95763,0.44892958287814233
95764,0.4489058159627403
95765,0.44892047796255874
95766,0.4489062926101014
95767,0.44891944365611425
95768,0.44890226764043956
95769,0.44892819707644543
95770,0.4488998182696093
95771,0.4489275666722988
95772,0.4489324799630639
95773,0.44896008221447503
95774,0.4489556996349038
95775,0.44891656624379694
95776,0.4489402995986686
95777,0.44895002582289
95778,0.44888815999038173
95779,0.4489056567492066
95780,0.4489614304847555
95781,0.4489653483211262
95782,0.4489564808213102
95783,0.448934757719976
95784,0.4488960908935734
95785,0.4489394600501737
95786,0.4489214962328121
95787,0.4489205108649525
95788,0.44889829954318516
95789,0.44889779148181763
95790,0.44894359314610666
95791,0.44893378028621556
95792,0.448962511581031
95793,0.4488981748840811
95794,0.44891469470382556
95795,0.4489175779008983
95796,0.44892607125836026
95797,0.4489046669156791
95798,0.4489233859612872
95799,0.4489094519103175
95800,0.44894798432396055
95801,0.44892293378292325
95802,0.44893284087850266
95803,0.4489079478974078
95804,0.4489140082517773
95805,0.44894458231860146
95806,0.4489504998252696
95807,0.44895342121454573
95808,0.4488905959702384
95809,0.4489619469767994
95810,0.448940576691837
95811,0.4488852278562747
95812,0.44896604750330144
95813,0.44893927024951624
95814,0.44891434684855713
95815,0.4488941555355158
95816,0.44893901663361596
95817,0.44889403104209247
95818,0.44895593986052057
95819,0.44893685741844924
95820,0.448941502543195
95821,0.4489399109060539
95822,0.44890449431067125
95823,0.448905765702292
95824,0.4489522766330468
95825,0.4489200239663074
95826,0.44895503351817057
95827,0.44894614998243654
95828,0.44889643097832294
95829,0.4489021484364097
95830,0.4488907082300903
95831,0.4489304601199287
95832,0.44891065320138657
95833,0.4489094785268522
95834,0.4489222489824851
95835,0.44892482665061323
95836,0.44892051268285077
95837,0.44889787381636426
95838,0.44889293556239396
95839,0.4489646613727272
95840,0.4489059424397904
95841,0.4489003283140105
95842,0.44890254771018334
95843,0.4489638639834369
95844,0.4489498985200383
95845,0.4489445593380835
95846,0.4489036150832783
95847,0.44893622701268115
95848,0.4489044873671749
95849,0.44893092271541185
95850,0.44891209124414666
95851,0.44893425842355156
95852,0.44889092894663285
95853,0.4489114507548938
95854,0.4489648177756188
95855,0.4488973741877059
95856,0.44893797224100535
95857,0.44888721380544266
95858,0.44896250728244674
95859,0.44888700978718304
95860,0.448962011620115
95861,0.4489135663238168
95862,0.448957622428615
95863,0.448923166898779
95864,0.4489565902705737
95865,0.4489134042999726
95866,0.44895751000221135
95867,0.448954951679591
95868,0.4489297539947434
95869,0.4489089736075747
95870,0.4489397007713893
95871,0.4489460668195933
95872,0.44895781586525724
95873,0.4489427190439729
95874,0.4488860386351626
95875,0.4489282314652785
95876,0.44888608443303907
95877,0.44895517967064164
95878,0.4489300782074227
95879,0.44893312789392387
95880,0.4489198926939931
95881,0.44893750733251875
95882,0.448923778455882
95883,0.44892269967331416
95884,0.44893473556661445
95885,0.44896363219088214
95886,0.44890291127186155
95887,0.448934401764667
95888,0.44896097665269236
95889,0.4489252746965253
95890,0.4489108322543347
95891,0.4489443182862529
95892,0.4488946979851919
95893,0.4489125470619337
95894,0.448908533167222
95895,0.44889633442438487
95896,0.44890840007718347
95897,0.44894479327907555
95898,0.448891769155617
95899,0.4489618180190257
95900,0.4489168888047955
95901,0.4489266861222748
95902,0.44891525038028984
95903,0.44894024950356554
95904,0.4489040588305826
95905,0.4489348772538357
95906,0.44892189583658487
95907,0.44894861373657236
95908,0.44894878369628805
95909,0.44896620754185057
95910,0.44891063749338805
95911,0.44892747557441526
95912,0.44893464512984227
95913,0.4488886670588759
95914,0.448887805687091
95915,0.4488850899706225
95916,0.44890881158466545
95917,0.4489191553196777
95918,0.4489234964024354
95919,0.44895856315892047
95920,0.4489154801896856
95921,0.4488981011457177
95922,0.44889871039013896
95923,0.4489389232218696
95924,0.4489163301518232
95925,0.44888814345728817
95926,0.44888688545905175
95927,0.44890091556616385
95928,0.4489122165663273
95929,0.4488876802022619
95930,0.4489350197686708
95931,0.44893982328164045
95932,0.448900029725557
95933,0.44893430157451564
95934,0.44894599391047973
95935,0.44891452821677164
95936,0.4489212869245349
95937,0.44893062677425605
95938,0.44895385917494146
95939,0.44892087905555733
95940,0.44895765450270514
95941,0.44893549459945337
95942,0.44889225059756177
95943,0.4489065235755117
95944,0.44895577518966157
95945,0.4489224215882991
95946,0.4489291682285641
95947,0.44896300410007894
95948,0.4489336420712761
95949,0.4489374438448641
95950,0.44889017289002775
95951,0.4488870726118636
95952,0.44895810982284373
95953,0.4489361372389094
95954,0.4489544947064821
95955,0.4489172012789831
95956,0.4489083397306693
95957,0.44892432768323365
95958,0.44893260379597194
95959,0.4489299755372501
95960,0.44890137468973457
95961,0.44894855322610794
95962,0.44895166937460385
95963,0.44889014891669715
95964,0.4489249276679046
95965,0.44888582238291735
95966,0.4488982849932488
95967,0.44890009668612085
95968,0.44896038427357915
95969,0.44893613508971014
95970,0.4488888310679719
95971,0.44891825426872073
95972,0.4488872268661455
95973,0.44891584705627596
95974,0.4489542718410946
95975,0.44891570900623945
95976,0.44894594728661297
95977,0.44891579745805416
95978,0.4489018240583757
95979,0.4489159915559637
95980,0.44894843732907824
95981,0.44895586298019385
95982,0.44889145453174645
95983,0.4489055788772724
95984,0.44895075096389175
95985,0.44889716025095994
95986,0.44895886091833764
95987,0.4489517221143328
95988,0.4489264336631132
95989,0.4488847736926748
95990,0.44895144584786095
95991,0.448898602263641
95992,0.4489082091195517
95993,0.4489425026271512
95994,0.44892313366665904
95995,0.4488914953683785
95996,0.44895410485772774
95997,0.4489148570583729
95998,0.44895862796806135
95999,0.4488975694429541
96000,0.4489054634765446
96001,0.4489522152941178
96002,0.4488984291626739
96003,0.4489336939850131
96004,0.4489400018378181
96005,0.448943036643695
96006,0.44894945196080505
96007,0.44891996775365844
96008,0.44893376441538646
96009,0.4488976560769991
96010,0.44892540563868366
96011,0.4489399608358109
96012,0.44888720702555035
96013,0.44890926525188585
96014,0.4489111377850298
96015,0.44890375098496343
96016,0.44888832945537993
96017,0.44896592813508274
96018,0.44895563317245574
96019,0.4489309094890097
96020,0.44890357622926846
96021,0.44894045252859466
96022,0.4489160571912735
96023,0.4489551548698225
96024,0.4489541175873943
96025,0.44888816214090743
96026,0.4489095140737445
96027,0.44892502190623956
96028,0.4489374688101678
96029,0.44894567349935394
96030,0.44896006237556413
96031,0.4489438545343005
96032,0.44890414083284286
96033,0.44893941524565023
96034,0.44889024795044463
96035,0.44888819107333916
96036,0.4489453846660393
96037,0.4489319419777485
96038,0.4488999824419606
96039,0.4489612061317052
96040,0.4489089129312744
96041,0.44890255283376906
96042,0.4489314554105114
96043,0.4489460211896833
96044,0.44895315189209667
96045,0.448908131250605
96046,0.44894591868519684
96047,0.44892400363559354
96048,0.44892208365321196
96049,0.4489546874805519
96050,0.44894948635083903
96051,0.4489135026716231
96052,0.4488972449005293
96053,0.4489071359608442
96054,0.4489230235556587
96055,0.44893865489088514
96056,0.4489349008961329
96057,0.4488986259058606
96058,0.4489641728211322
96059,0.4489357085366947
96060,0.4489328398865962
96061,0.4489452195009308
96062,0.44892777846109694
96063,0.4488901449491513
96064,0.4489213760384529
96065,0.44888866424991036
96066,0.4489407608690534
96067,0.4489066612957346
96068,0.4489363439003581
96069,0.44890777744297466
96070,0.44892521418518905
96071,0.44892237463362533
96072,0.448960695425551
96073,0.4489265118647736
96074,0.44893352336402764
96075,0.44888541021580025
96076,0.4489206879331196
96077,0.44896495086667126
96078,0.4488970167440884
96079,0.4489276592574423
96080,0.44893250310845595
96081,0.44895038789825215
96082,0.44891977117576093
96083,0.4488991670321627
96084,0.4489455465262034
96085,0.44890839081774736
96086,0.4489427387186766
96087,0.4489394271490649
96088,0.4489367254839988
96089,0.4489439700994875
96090,0.4489349976157765
96091,0.4489075504442175
96092,0.4489241886407485
96093,0.44893392842238783
96094,0.448959667896697
96095,0.4489344503705572
96096,0.4489299494140768
96097,0.4489238465724208
96098,0.4489082691358119
96099,0.4489612697835251
96100,0.4489044156129923
96101,0.44891931916257677
96102,0.4489438123733184
96103,0.448893151153305
96104,0.44894591769317665
96105,0.44890115033543326
96106,0.44892609572636116
96107,0.44896208717742275
96108,0.4489366628241193
96109,0.44894918792976657
96110,0.44889342179851854
96111,0.4489507367437578
96112,0.4488975201754113
96113,0.44892122823222114
96114,0.44894383337125965
96115,0.4489209387401772
96116,0.4488924096445067
96117,0.4489135149056766
96118,0.44893403225081324
96119,0.4489447464922162
96120,0.44895168078203046
96121,0.4489612195218033
96122,0.4489131460541238
96123,0.4488948380183226
96124,0.44890827525269694
96125,0.44889289340270644
96126,0.44891901280530705
96127,0.44891084035515205
96128,0.44893846376845864
96129,0.4489368665100407
96130,0.4489564955358067
96131,0.44890905230622774
96132,0.44893483493019737
96133,0.44894137060871897
96134,0.44892934810844504
96135,0.44893462247958027
96136,0.4488909003427889
96137,0.44890442949987097
96138,0.4488895565384381
96139,0.4489551229625952
96140,0.44889407435832346
96141,0.4489186720592357
96142,0.4489017455267689
96143,0.4489334233386953
96144,0.44890376636099405
96145,0.4488856702788788
96146,0.4489218302019879
96147,0.44890663947342496
96148,0.4488879171211662
96149,0.44895317867474915
96150,0.44891039958290424
96151,0.44888901243590956
96152,0.44888753421580174
96153,0.4489125133344544
96154,0.44888594042982743
96155,0.44891105991361513
96156,0.44891017407380235
96157,0.44888690827335986
96158,0.448902713701184
96159,0.448953718313432
96160,0.4489222628719056
96161,0.44895929242996957
96162,0.448888234886279
96163,0.44889408857535557
96164,0.44889626134964683
96165,0.4489348641927816
96166,0.44891012397859587
96167,0.44889368318639983
96168,0.4489066341832537
96169,0.44892021856063735
96170,0.4489404715423199
96171,0.44896298707068116
96172,0.44889851133226183
96173,0.44889711214015343
96174,0.44893346979652254
96175,0.4489498125465155
96176,0.44894108177633574
96177,0.44889839741923737
96178,0.4489281757505741
96179,0.4489500084647754
96180,0.4488990139368618
96181,0.44896294953970806
96182,0.44895937823641485
96183,0.4489158052276611
96184,0.44888864292190533
96185,0.4489471694097354
96186,0.4489167917557913
96187,0.4489649311919775
96188,0.4489560015283858
96189,0.4489001365299838
96190,0.44890235807618983
96191,0.44893435993580316
96192,0.44890449149999634
96193,0.4488898275142272
96194,0.44890263566602445
96195,0.4488864597327985
96196,0.44894131075811894
96197,0.4489130822358761
96198,0.4489246039508298
96199,0.4489490832748174
96200,0.4489135744250012
96201,0.44895709056016575
96202,0.44892749657302095
96203,0.44889406724899167
96204,0.44891547440235263
96205,0.44890399749139653
96206,0.4489363050493939
96207,0.44893399422554847
96208,0.4488976926151091
96209,0.44893487675918314
96210,0.4489453582132539
96211,0.44889236203063115
96212,0.44895939510105964
96213,0.44892550880442844
96214,0.44891610712202107
96215,0.44889268872237215
96216,0.4489152156608799
96217,0.44892458973245275
96218,0.44892023195207376
96219,0.44891261798705295
96220,0.4489187897741465
96221,0.4489455222219559
96222,0.4488933659172656
96223,0.4489143976057061
96224,0.44891397369776764
96225,0.4489408036896675
96226,0.4488875028030792
96227,0.4489539661450453
96228,0.448900185633091
96229,0.4489516548255642
96230,0.44894538549278024
96231,0.4489154287715009
96232,0.44891648672071094
96233,0.44891062145799476
96234,0.4489564404804082
96235,0.44895048445087987
96236,0.44888646502368706
96237,0.44891829097214053
96238,0.4489146077403489
96239,0.44889914256396846
96240,0.4489177718343657
96241,0.44894896589057987
96242,0.4489430895485354
96243,0.44893770291811275
96244,0.4488883286290906
96245,0.4489015816826188
96246,0.4489206684249483
96247,0.4489106121978144
96248,0.44889208328348335
96249,0.44892767777441395
96250,0.44890391846505273
96251,0.4489032516869068
96252,0.44895050743043596
96253,0.4489469305071634
96254,0.4489341155764068
96255,0.4489502367861527
96256,0.448891961929658
96257,0.4489481562676222
96258,0.4488909676322109
96259,0.44895378246282824
96260,0.4489026927042404
96261,0.4489487817111458
96262,0.4489202946119807
96263,0.44888861729574064
96264,0.4489131976369543
96265,0.4489299406515623
96266,0.44889314387876267
96267,0.448907286742549
96268,0.44890184108702696
96269,0.4489040042715948
96270,0.44889042022443654
96271,0.4489242102985957
96272,0.4489545322365209
96273,0.44889705410880504
96274,0.44892823708815205
96275,0.4489072875684884
96276,0.4488941606594694
96277,0.4489549110082734
96278,0.448952655901481
96279,0.44889373758009943
96280,0.448928485909724
96281,0.44895580544518043
96282,0.4489487934495433
96283,0.44892225162869304
96284,0.44892140265580227
96285,0.44891460757546675
96286,0.44891618019884205
96287,0.44890968270997067
96288,0.4489232450984581
96289,0.44894783089557705
96290,0.44890168236977823
96291,0.4489179550210066
96292,0.44891148216842336
96293,0.4489330564707123
96294,0.44888516536137263
96295,0.4489181836716977
96296,0.4489334198675333
96297,0.44896093631236944
96298,0.44889041113159983
96299,0.4488986779846015
96300,0.4488933212767225
96301,0.4488917643597551
96302,0.44895365780333774
96303,0.4488895848082003
96304,0.4489263938184968
96305,0.44888653661148875
96306,0.4489153629699345
96307,0.4489559646593
96308,0.4488955917608828
96309,0.44894556702687965
96310,0.4488994866162495
96311,0.44894482865979457
96312,0.4489193419769195
96313,0.44892121335375296
96314,0.4488974725609601
96315,0.44890762269405754
96316,0.44892617938360035
96317,0.44894649932408287
96318,0.44889102566452166
96319,0.44896256167541204
96320,0.44889611189047735
96321,0.448925384641251
96322,0.4489390177899296
96323,0.44892152665368207
96324,0.4489039526884585
96325,0.4489614142824046
96326,0.448943179654642
96327,0.44894798729818336
96328,0.44889524919609103
96329,0.44896194863081323
96330,0.44890026118954357
96331,0.44889054108091286
96332,0.44895142551180883
96333,0.4488912523326431
96334,0.44894262662457035
96335,0.44895365895971817
96336,0.44893165397201845
96337,0.44890925929865866
96338,0.44894378856745043
96339,0.4488869874683894
96340,0.4489211784686353
96341,0.44889376634637235
96342,0.4489647198993201
96343,0.448894950114147
96344,0.44894064662661043
96345,0.4489213009792621
96346,0.4489275883310422
96347,0.4489553856710708
96348,0.4488861616423405
96349,0.44894247286760297
96350,0.44896376825708756
96351,0.4489263367781757
96352,0.4488870039997992
96353,0.4488873578085795
96354,0.4489537064108358
96355,0.4488979343282008
96356,0.44892215408442143
96357,0.448952358802711
96358,0.44892044985635793
96359,0.44896518976756317
96360,0.44892339621218114
96361,0.44894534829467747
96362,0.4489492699332756
96363,0.44894941806971367
96364,0.4489507638593244
96365,0.4489247410101998
96366,0.4488872207489184
96367,0.44893865852771186
96368,0.44895571467967643
96369,0.448917425467482
96370,0.44892122905882875
96371,0.44892650442327775
96372,0.4489572509293192
96373,0.4489509014138933
96374,0.4489386896102793
96375,0.4489579998763802
96376,0.4489652831808509
96377,0.4489625629988446
96378,0.4489651641430031
96379,0.4488984749595874
96380,0.44895686075117325
96381,0.44893357709603704
96382,0.44894818701866857
96383,0.448954168840604
96384,0.44896103021973716
96385,0.4488873978186102
96386,0.44895081973977197
96387,0.4489192953550427
96388,0.44888813767163266
96389,0.4489306218147577
96390,0.4489643700599514
96391,0.44893618700183896
96392,0.44892923717139077
96393,0.44896186894112194
96394,0.4489057976107248
96395,0.44894893447735623
96396,0.44892534892952446
96397,0.4489628647269519
96398,0.44896157415696203
96399,0.4488985835799873
96400,0.44893364620417053
96401,0.4488905096668292
96402,0.4489575954794117
96403,0.44890291325508547
96404,0.4488870354125223
96405,0.4489402771129737
96406,0.44893943425910593
96407,0.44889207617305205
96408,0.4489430065543917
96409,0.4489611208212069
96410,0.4489286441300815
96411,0.4489495752990156
96412,0.4489475888531308
96413,0.44895529755001184
96414,0.4489501790841641
96415,0.4489414555885243
96416,0.4489144303411582
96417,0.44895573914852005
96418,0.4489123818963912
96419,0.44893673044435617
96420,0.4489161906142515
96421,0.44893812136951383
96422,0.44888692613072284
96423,0.44890904569165646
96424,0.44889548776870264
96425,0.44891845514592205
96426,0.4489647782616748
96427,0.44892564454115025
96428,0.4489597905706666
96429,0.44891189235326945
96430,0.4489020026139814
96431,0.44895427746197686
96432,0.44895165680912613
96433,0.44893294768299064
96434,0.4489262503112072
96435,0.44888772203081645
96436,0.44895458910895486
96437,0.44896564955152657
96438,0.4489301076366114
96439,0.4489508080021268
96440,0.4488859579555866
96441,0.4489552973859434
96442,0.448901130001138
96443,0.44894167977580174
96444,0.44889640502217465
96445,0.44890384175095627
96446,0.4489423821008562
96447,0.4488963473214874
96448,0.44892677110128987
96449,0.44892382193648483
96450,0.4489059169796654
96451,0.4489152525288593
96452,0.44894719784525594
96453,0.44891235114366146
96454,0.44895001904560217
96455,0.44894294934927553
96456,0.44888878692510137
96457,0.4489368598967971
96458,0.44893243631490176
96459,0.44895121289556345
96460,0.4489044005682418
96461,0.44892495957628925
96462,0.4489318720436323
96463,0.4489070929736376
96464,0.4489107560366435
96465,0.448942426078749
96466,0.4489027132043499
96467,0.44894879824411243
96468,0.4489134109132512
96469,0.44891271073826156
96470,0.4488945291824136
96471,0.44891903347021905
96472,0.4489658634892225
96473,0.44888688644977537
96474,0.44893928430397884
96475,0.4488856960704438
96476,0.44891998379146564
96477,0.44890369444064604
96478,0.4488916043215858
96479,0.4489272983410082
96480,0.4489609839275952
96481,0.44888851512111094
96482,0.448906543912413
96483,0.4489131399361748
96484,0.4488852991136074
96485,0.4488867989916222
96486,0.4489231196135569
96487,0.44892865735773996
96488,0.44890476379896277
96489,0.44890777463204307
96490,0.4489304640894766
96491,0.44889599351460857
96492,0.4489088100957266
96493,0.44893865075635775
96494,0.44895768360010035
96495,0.4489473691285147
96496,0.44889685571228166
96497,0.4489574281636323
96498,0.4489110885157728
96499,0.4489456255534677
96500,0.44888941236857194
96501,0.4489222187278784
96502,0.4489478500739884
96503,0.44890337601413516
96504,0.44889878941641337
96505,0.4489401352602432
96506,0.44892814367601275
96507,0.44895090670516696
96508,0.4489354271445925
96509,0.44893191122538706
96510,0.4488958412445305
96511,0.44892463172674346
96512,0.44895108675007384
96513,0.4489333047974963
96514,0.44889727879202806
96515,0.44891290996144867
96516,0.44891061748932565
96517,0.44894509914132646
96518,0.4489615508453766
96519,0.4489244311804725
96520,0.4488982912774685
96521,0.4489595306724778
96522,0.448895457843598
96523,0.4489380339083686
96524,0.448944212309051
96525,0.4489591338780687
96526,0.44895285545369457
96527,0.44894139193545335
96528,0.4489456705240947
96529,0.44896030260002956
96530,0.4489511513926313
96531,0.448914211774353
96532,0.44892189220053613
96533,0.44891987781390885
96534,0.4488943259911977
96535,0.4489647485005048
96536,0.44891241479671284
96537,0.4489189440264387
96538,0.4488858513158004
96539,0.4489323749785564
96540,0.4489343792794545
96541,0.44889171922617976
96542,0.4489350771384062
96543,0.44892850244351595
96544,0.44895826572908243
96545,0.44892166916947235
96546,0.44894895729294565
96547,0.44892539092252226
96548,0.44892957064292266
96549,0.4488990782487843
96550,0.4488906212661892
96551,0.44896575685264706
96552,0.4489069640167606
96553,0.44892809738314116
96554,0.4489000778380207
96555,0.4489389594283682
96556,0.44889800393267126
96557,0.4489308187232862
96558,0.44894930002340755
96559,0.44892980756145223
96560,0.4489195540968391
96561,0.4489329952985051
96562,0.4488966467353431
96563,0.4489583308692847
96564,0.4489660949535196
96565,0.4488852553007325
96566,0.44892187186363286
96567,0.4489307084471343
96568,0.44896066996502276
96569,0.44892912871459495
96570,0.44896545115595615
96571,0.4489301056530782
96572,0.4489430573100471
96573,0.4489423888790512
96574,0.44895740650697813
96575,0.44891859914848886
96576,0.44891121499359743
96577,0.44894965432697675
96578,0.44888993051554893
96579,0.4489009463189414
96580,0.4489162202083817
96581,0.448961353274175
96582,0.448942123028385
96583,0.4489628238885883
96584,0.44889249181503293
96585,0.4489640321249512
96586,0.44895420422131066
96587,0.4488935710923575
96588,0.44890941256167965
96589,0.4489394233455977
96590,0.44890052555166715
96591,0.4489374802179397
96592,0.4489568890219531
96593,0.4488918774471226
96594,0.4488916960799007
96595,0.4488897607215587
96596,0.44891319631466076
96597,0.448911760254274
96598,0.4489521461860378
96599,0.44889524225141353
96600,0.44889343089082745
96601,0.4489026659210796
96602,0.4489522377808123
96603,0.44893174986415413
96604,0.4488953343413761
96605,0.4489656214462855
96606,0.4488985921772136
96607,0.44888848883256294
96608,0.44889462093953414
96609,0.44893634059377396
96610,0.4489448250236888
96611,0.448891901089665
96612,0.4489119927084644
96613,0.4489304177962502
96614,0.4488878792601194
96615,0.4489113034461834
96616,0.44893344880033964
96617,0.44889949521309147
96618,0.4489577442764244
96619,0.4489125333377674
96620,0.4489249346118077
96621,0.44892030436685665
96622,0.4489489700241793
96623,0.44889281189357505
96624,0.44896089233371245
96625,0.448946588273159
96626,0.4489000171617807
96627,0.4489528614055546
96628,0.44892296188830827
96629,0.44896291597773325
96630,0.4489016175603062
96631,0.44891102040002595
96632,0.4489398442782535
96633,0.4489053098854286
96634,0.4489640845350704
96635,0.4489363526628407
96636,0.44896389539533565
96637,0.44889482479286624
96638,0.44891054209938863
96639,0.44895674518347806
96640,0.4489228932762183
96641,0.44889392192353544
96642,0.44890940991476724
96643,0.44891135486323824
96644,0.448957380383092
96645,0.44889414941788297
96646,0.4489088871406618
96647,0.44888668144169147
96648,0.4489310731661555
96649,0.44889988671560205
96650,0.4489244153092125
96651,0.4488940369923398
96652,0.4489438120427445
96653,0.44890947174961
96654,0.44888741732752563
96655,0.44889858887228856
96656,0.4489484938716653
96657,0.44895606551168504
96658,0.4489286239597855
96659,0.44893178706384745
96660,0.44890532509664993
96661,0.4489166867709701
96662,0.44895523505508417
96663,0.4489441668432386
96664,0.4489645458053575
96665,0.44893465372836516
96666,0.4489173257735612
96667,0.4489040642857762
96668,0.4488982383716551
96669,0.4489492993624208
96670,0.4489390199408573
96671,0.4489407658289468
96672,0.44890431856473756
96673,0.44893078978972645
96674,0.4489278442622548
96675,0.4489550870856063
96676,0.4489454514612718
96677,0.44895988150330446
96678,0.44890729170075705
96679,0.44889465863608874
96680,0.4489551609882582
96681,0.4489463548252708
96682,0.44895504128775804
96683,0.4489139902314985
96684,0.4489232467530614
96685,0.44889618248661006
96686,0.44889685224113335
96687,0.44891241942518
96688,0.4489389546346674
96689,0.44894490653039365
96690,0.448907446946082
96691,0.44891771562276234
96692,0.44893935605778473
96693,0.4489142056563817
96694,0.44890866543288793
96695,0.44888744824437665
96696,0.4489354213573487
96697,0.4489507339332141
96698,0.44895524828278366
96699,0.44894992530190386
96700,0.44889085008230445
96701,0.44893373763097677
96702,0.44895751331015943
96703,0.44890041593885666
96704,0.4489412140415124
96705,0.44890580670425956
96706,0.4489578284287223
96707,0.4489047922362047
96708,0.44895651868198616
96709,0.44891436817657326
96710,0.4489407296225151
96711,0.44893936101725845
96712,0.448892960691948
96713,0.44894894373587035
96714,0.4489272656055704
96715,0.4489609258961878
96716,0.4488914282429244
96717,0.44892215143832304
96718,0.4489611965418163
96719,0.44895417842973473
96720,0.4489294438352483
96721,0.4489364427692611
96722,0.4489067239572869
96723,0.4489583444250315
96724,0.4489081540661692
96725,0.4489640612217836
96726,0.4489342961181957
96727,0.4489478155208417
96728,0.44892840208632834
96729,0.44890358317455603
96730,0.4489524494037397
96731,0.44895366656582714
96732,0.44894999127041557
96733,0.4489389233871635
96734,0.44889525746267117
96735,0.4489396415831185
96736,0.4489332163449448
96737,0.4489641825752797
96738,0.4489068912704616
96739,0.4489205859242286
96740,0.44896105105134804
96741,0.4489038963100615
96742,0.44894672433880245
96743,0.4489608037157195
96744,0.4489438041068395
96745,0.44891139636192606
96746,0.4489185292140342
96747,0.4489109089676772
96748,0.44894479410732013
96749,0.4489351149989968
96750,0.44892136711101843
96751,0.4488945591067601
96752,0.4489245163256722
96753,0.44893384939433467
96754,0.4489322985958807
96755,0.448910407354675
96756,0.44890144412773086
96757,0.44894501217785704
96758,0.44894310046127406
96759,0.44894999887399945
96760,0.4489481522980265
96761,0.4489436994526566
96762,0.4489316050333702
96763,0.4488980277390242
96764,0.44889580057321604
96765,0.4489212813032643
96766,0.4488946161448416
96767,0.44891871934371314
96768,0.4489385983474883
96769,0.4489383005863524
96770,0.4489306991877773
96771,0.4489020484122332
96772,0.44896041519006186
96773,0.44888867565701535
96774,0.44890117513668487
96775,0.4489422465302895
96776,0.4489411488996371
96777,0.4489068018267179
96778,0.44896477941820895
96779,0.44891250820845613
96780,0.4489590660934861
96781,0.44896076304534305
96782,0.44895773584524845
96783,0.44892043349030075
96784,0.44892052574434876
96785,0.44896549166267347
96786,0.4488985283605184
96787,0.44889857680312056
96788,0.4489180682710425
96789,0.448942849489708
96790,0.44890715050860674
96791,0.448911843250154
96792,0.44895960242539806
96793,0.44890987300658763
96794,0.4489101932520597
96795,0.4489125386293261
96796,0.4489442595936159
96797,0.4489604143624133
96798,0.4489031263651093
96799,0.4489583125179138
96800,0.44891882383252285
96801,0.44889948727632945
96802,0.4489444085558746
96803,0.4489494298073577
96804,0.44893340085416755
96805,0.4489569731751714
96806,0.44888933929422153
96807,0.44895692093107614
96808,0.4489269339526798
96809,0.44889680479090294
96810,0.44890620878797316
96811,0.4489371822912117
96812,0.4489499550614154
96813,0.4488930784079791
96814,0.4489150977786637
96815,0.44893082004598245
96816,0.44893259404021046
96817,0.4489590831224466
96818,0.448946100052314
96819,0.44890070212544414
96820,0.44888878593318793
96821,0.448928733409827
96822,0.44892875010696515
96823,0.44891878349058933
96824,0.4489214648217506
96825,0.44889565144554244
96826,0.4489656345077593
96827,0.4489353704354694
96828,0.44893923486886206
96829,0.4489305737035611
96830,0.44889009303412797
96831,0.4488953573226493
96832,0.44893224469691895
96833,0.44892853121026866
96834,0.44890015769232045
96835,0.44888881916379997
96836,0.44892946615444884
96837,0.4488932169548543
96838,0.4489595796102047
96839,0.44894423644733833
96840,0.44895402301907106
96841,0.4489298991545537
96842,0.44895441402521624
96843,0.4489169493157793
96844,0.4489026852651518
96845,0.44894069936769754
96846,0.44889997963041445
96847,0.4489546502825238
96848,0.44891639463246197
96849,0.44894769003569673
96850,0.4489360287821701
96851,0.44894246790605263
96852,0.4489478838012932
96853,0.4489203933141825
96854,0.4488972323354918
96855,0.44895267937678
96856,0.4489182531104999
96857,0.448904846795246
96858,0.44893350335858584
96859,0.4489253550467835
96860,0.4489598426509595
96861,0.4489020041036454
96862,0.4489599921084229
96863,0.44888962547954664
96864,0.44891104189260084
96865,0.4489611332209063
96866,0.4489317625932343
96867,0.44889954927649484
96868,0.4489533327644294
96869,0.4488908876135627
96870,0.44894446824025697
96871,0.44896136732810804
96872,0.448948256787769
96873,0.4489559702796646
96874,0.44892293460781724
96875,0.4489515625711898
96876,0.4489453694566335
96877,0.4489041403378245
96878,0.44892816649201567
96879,0.4489419042958436
96880,0.4489001479377583
96881,0.44895321868476085
96882,0.44895233912666727
96883,0.44894337507556076
96884,0.44895984513133613
96885,0.44895466135839085
96886,0.44891229939680377
96887,0.44894836755994577
96888,0.4489021079303572
96889,0.44891515862022924
96890,0.44889441394706875
96891,0.4489265993241971
96892,0.4489561149446824
96893,0.44895731722856125
96894,0.4489428430421018
96895,0.44889574717053704
96896,0.4489567751100059
96897,0.4489314016785626
96898,0.44889572220735585
96899,0.4489496458950264
96900,0.44893715931023315
96901,0.4489625884589819
96902,0.44889480065536447
96903,0.448919167554595
96904,0.448892868603137
96905,0.448910440090089
96906,0.44891004858796973
96907,0.44893447566740424
96908,0.4489251935192156
96909,0.4489596592991991
96910,0.44896485497468624
96911,0.44895891464985
96912,0.4489506626770936
96913,0.4489590198017233
96914,0.4489210091692689
96915,0.44890633758002996
96916,0.4489228035008456
96917,0.44888931697293766
96918,0.4489011910084093
96919,0.4489390821044016
96920,0.44894211443048304
96921,0.44895457588415594
96922,0.4488903964155385
96923,0.44893621593465716
96924,0.448934091934114
96925,0.4489566864920797
96926,0.4488851952857334
96927,0.44895651702751715
96928,0.4489353241437586
96929,0.44895554157904827
96930,0.44891220631585005
96931,0.4489637894193663
96932,0.44890535237541007
96933,0.44888492001053815
96934,0.4489585790306197
96935,0.4489174730813119
96936,0.44895858167558433
96937,0.4489246595022582
96938,0.4489616682295297
96939,0.4489084860489478
96940,0.44891547324536546
96941,0.44894781303988707
96942,0.4489251445811419
96943,0.4489004136237548
96944,0.4488916210191835
96945,0.4489555207461122
96946,0.44892538348394917
96947,0.4489543654176816
96948,0.4489423417589267
96949,0.4489263017289604
96950,0.4489078217515686
96951,0.4489634809135294
96952,0.44890099707495773
96953,0.44894372193846294
96954,0.4489420838443351
96955,0.4489504652728645
96956,0.4489327707793307
96957,0.4489522543121193
96958,0.4489074950581338
96959,0.44889687125246264
96960,0.4489346762133195
96961,0.44896177156119077
96962,0.4489256142840537
96963,0.44895754406194827
96964,0.4489300593596851
96965,0.4489068342322948
96966,0.44894461836027605
96967,0.4488852224003169
96968,0.44894619809286485
96969,0.4489214405181078
96970,0.4489652180403952
96971,0.44891077141203534
96972,0.4489474198849955
96973,0.4489560663378972
96974,0.44894570557255603
96975,0.44891601850528406
96976,0.44891673488251005
96977,0.4489002939253506
96978,0.44890972139864527
96979,0.4489490750081847
96980,0.4489652378786425
96981,0.4489541134532374
96982,0.448956436678525
96983,0.4488876246511739
96984,0.4488978812562465
96985,0.4489358902348228
96986,0.448936290334273
96987,0.4489418484137165
96988,0.44894859191176173
96989,0.4489100381721095
96990,0.44895400483273773
96991,0.44888762977718455
96992,0.4489035277891487
96993,0.44893947393799744
96994,0.4489298999819472
96995,0.44888532093567646
96996,0.44891897709261824
96997,0.4488885233875944
96998,0.44895723092529793
96999,0.4489492357085187
97000,0.44892270595583156
97001,0.4489102740983045
97002,0.4489536753274226
97003,0.44890161954494806
97004,0.4489091777916482
97005,0.4489512843199438
97006,0.4489573059853801
97007,0.4489193952146103
97008,0.44896240576790064
97009,0.44889415288985457
97010,0.44888821455107136
97011,0.4488878713250559
97012,0.44891842918910424
97013,0.4489035818514118
97014,0.44891315316298835
97015,0.44895980545162917
97016,0.44892678895791127
97017,0.44896175486309126
97018,0.4489215380627292
97019,0.4489108585418417
97020,0.4489590369943522
97021,0.44891722260700423
97022,0.44891390194425684
97023,0.44891543058889744
97024,0.4489333555523094
97025,0.4488904222079746
97026,0.4488974095684241
97027,0.4488997916497206
97028,0.44896587903023877
97029,0.4489134651416064
97030,0.44892999620263746
97031,0.4489498204840804
97032,0.44889246932890514
97033,0.4489232161672773
97034,0.44894973566920193
97035,0.4488900351684378
97036,0.4489095079565792
97037,0.44888564481928667
97038,0.4489572638264912
97039,0.4488898825696499
97040,0.44894914841576083
97041,0.44895508030567427
97042,0.44892082350442514
97043,0.4488991202435749
97044,0.4489001247919004
97045,0.44890710173736215
97046,0.44888588157128784
97047,0.4489295379074376
97048,0.4489005525004929
97049,0.4489039027570053
97050,0.4489067264372417
97051,0.44894278401790216
97052,0.44890224317113064
97053,0.4489579256439548
97054,0.44891326409932025
97055,0.448913606499442
97056,0.44891964089529096
97057,0.44891483870578386
97058,0.44894960803407186
97059,0.4489409005733058
97060,0.448912247316986
97061,0.44894864432232934
97062,0.4489186661076244
97063,0.4489655366324945
97064,0.44895316875620317
97065,0.4489262646956793
97066,0.4489163177533773
97067,0.4489122762497851
97068,0.44895241766033056
97069,0.44888760877984046
97070,0.448960106517168
97071,0.44895534467077763
97072,0.4489297971447727
97073,0.448911802247849
97074,0.44890711297989844
97075,0.4489640519649918
97076,0.44889355935386727
97077,0.4489229764378202
97078,0.448960180255853
97079,0.44889777577626644
97080,0.4489244877231216
97081,0.44896305039137563
97082,0.44896013131759255
97083,0.44894731705018565
97084,0.4489393226593048
97085,0.4489014760373287
97086,0.44894563183510483
97087,0.4488923990643287
97088,0.4488968869588689
97089,0.44892005604007046
97090,0.44892396494900944
97091,0.4489110531341585
97092,0.4489392552054737
97093,0.44892800149062995
97094,0.44889806609572896
97095,0.4489187107452526
97096,0.4489056917979661
97097,0.44892123335870404
97098,0.4489223185878962
97099,0.4489571866174957
97100,0.4488886373010897
97101,0.44895555083791716
97102,0.4488950183948381
97103,0.4489547863495069
97104,0.44891515647218655
97105,0.4489053027753524
97106,0.44893830471971075
97107,0.44889683322807006
97108,0.4488900809666375
97109,0.4489400061354676
97110,0.448897910685034
97111,0.4489256170955792
97112,0.4489546347417707
97113,0.44890829525673054
97114,0.44891570619568644
97115,0.4489094816681515
97116,0.4489324943475144
97117,0.4489166307235325
97118,0.4489185928659313
97119,0.4489254211796823
97120,0.44889812528523093
97121,0.44890243511970107
97122,0.44893571514959374
97123,0.44893563198908837
97124,0.4489601202412138
97125,0.44895181238380527
97126,0.44891254177055245
97127,0.4489108570534718
97128,0.448913888057307
97129,0.4489093375008308
97130,0.4488902181905511
97131,0.44890035294668923
97132,0.4489491841266892
97133,0.4489542678731758
97134,0.44895461523207475
97135,0.44890045512172144
97136,0.4489579935947873
97137,0.44890233459749346
97138,0.4489361908043496
97139,0.44896133872601424
97140,0.44888907443445775
97141,0.4489134481125802
97142,0.44891312968475783
97143,0.4489436103395134
97144,0.4488961452876218
97145,0.44892575051631073
97146,0.44895369020725284
97147,0.4489607283258934
97148,0.4489477333506817
97149,0.448884995731564
97150,0.44892576671992984
97151,0.4489388281572322
97152,0.4488923135892581
97153,0.44893491726469154
97154,0.448965978560446
97155,0.4489653959362913
97156,0.44891558914170654
97157,0.44894321255617087
97158,0.44895756638154793
97159,0.4489049486384324
97160,0.4488903056506998
97161,0.4488856224996697
97162,0.44892339174787715
97163,0.4489221491228331
97164,0.4488962529165069
97165,0.44890984704931686
97166,0.4489060988415416
97167,0.4489557788270011
97168,0.44891433907878714
97169,0.44894046046356156
97170,0.44890670229896423
97171,0.4489108423377743
97172,0.44892725816605444
97173,0.4489661194216344
97174,0.44894955975754186
97175,0.44894395042600166
97176,0.4489427101168818
97177,0.44894581502294906
97178,0.44894876600599337
97179,0.4489106737008242
97180,0.44892032685209043
97181,0.44895512974080076
97182,0.44890995798653743
97183,0.44892685376734354
97184,0.448922300070409
97185,0.44890556829769573
97186,0.44895160704333403
97187,0.4488847756774067
97188,0.4489461772615876
97189,0.4488949547433753
97190,0.4489493798767594
97191,0.44895765929656656
97192,0.44893960983930387
97193,0.44893093180893595
97194,0.44896020141771703
97195,0.44894394248938463
97196,0.4488957231976848
97197,0.4489134087635643
97198,0.4489231801245191
97199,0.44892873357477764
97200,0.4489409852233436
97201,0.4488948510803368
97202,0.44890224945330953
97203,0.448930764494883
97204,0.4488923906324555
97205,0.44891019259077447
97206,0.448930126814623
97207,0.4489607761055671
97208,0.4489134436473317
97209,0.44890946893892725
97210,0.4489540317815984
97211,0.4489174021558502
97212,0.4489296549621273
97213,0.44893969829017116
97214,0.44891413043010375
97215,0.4488957291508348
97216,0.4488912176136084
97217,0.44889282016005705
97218,0.44895101317729585
97219,0.44895657241443077
97220,0.4489621576076993
97221,0.44888944808160114
97222,0.44896531641164183
97223,0.4489191030743757
97224,0.44889740014589863
97225,0.4489538105687024
97226,0.44890724408687005
97227,0.44891439132324534
97228,0.4489356306657144
97229,0.4489597669296441
97230,0.4489186641220096
97231,0.4489099586473887
97232,0.44889973378570314
97233,0.4489376594364796
97234,0.448919289897852
97235,0.44895558539023783
97236,0.44891562237216487
97237,0.44893878649352187
97238,0.4489073459305204
97239,0.44890880976608294
97240,0.4489354668222957
97241,0.4488993522022712
97242,0.44891486400223174
97243,0.448933944625616
97244,0.44895256976357045
97245,0.44889978057419894
97246,0.4489648759702801
97247,0.4489186601550037
97248,0.44893052245073406
97249,0.44890209569673317
97250,0.44894704871718305
97251,0.4489454026880436
97252,0.44894012302413966
97253,0.44891619259824894
97254,0.44895469872305077
97255,0.4489190804240909
97256,0.44889563540724103
97257,0.4489372004783911
97258,0.44890600972934125
97259,0.4489654328046288
97260,0.4489463958272379
97261,0.44894807889299754
97262,0.44896122200272043
97263,0.4489114104132761
97264,0.44892662131317856
97265,0.448951829579778
97266,0.44890565708019864
97267,0.4489372601618359
97268,0.4489075590414983
97269,0.4489633473265483
97270,0.4489013629521348
97271,0.44889962202192224
97272,0.44891750069286995
97273,0.4488878961246125
97274,0.44894375533609227
97275,0.4488979503656786
97276,0.44894525554385556
97277,0.44890004493729835
97278,0.4489439778708174
97279,0.44891498221353315
97280,0.4489582310083341
97281,0.44891240239611724
97282,0.448948271666644
97283,0.44893981203919114
97284,0.4489096410480276
97285,0.44894601490672337
97286,0.44894717023508096
97287,0.44889901327521103
97288,0.44892742663782803
97289,0.4489286871176511
97290,0.44888800474596274
97291,0.44896010271541015
97292,0.44893877905404206
97293,0.44888504053604167
97294,0.44891599486264927
97295,0.4489250267004649
97296,0.4489401193881094
97297,0.4489414021868136
97298,0.4489386322402125
97299,0.4489598330621917
97300,0.4489005329931471
97301,0.44890763691245666
97302,0.44896558408196197
97303,0.44896320133939815
97304,0.4488995978833248
97305,0.44890056936591377
97306,0.4489279594975101
97307,0.4488895867935612
97308,0.4489521468473062
97309,0.44891221441705503
97310,0.4489040712287829
97311,0.44892708357746114
97312,0.4489447040014557
97313,0.4489318406308969
97314,0.4489036083043429
97315,0.4489364310304619
97316,0.44896101319061504
97317,0.44895216520061726
97318,0.4489535926631432
97319,0.44888496498086417
97320,0.4489054039588405
97321,0.4489093541992313
97322,0.44890558945930586
97323,0.44895388992728225
97324,0.4489444632803148
97325,0.4488884370858639
97326,0.448888598282636
97327,0.4489511191531623
97328,0.44893877260577536
97329,0.44890303923724373
97330,0.44895985257040866
97331,0.4489460902981157
97332,0.4488864177379661
97333,0.4489125068849825
97334,0.44888949569679953
97335,0.44889490861538206
97336,0.4489027849590446
97337,0.44889929268332673
97338,0.44892642093221263
97339,0.4489501934679541
97340,0.44893998381750744
97341,0.4489076527838469
97342,0.4489022067983525
97343,0.4489503913701353
97344,0.4489109086366852
97345,0.44888693522391065
97346,0.44893117914301817
97347,0.4489294241591968
97348,0.4489409217372667
97349,0.4489122588909053
97350,0.4489232538619337
97351,0.4489539362189165
97352,0.4489643687364319
97353,0.4489054195003556
97354,0.44890591549092496
97355,0.448949927120591
97356,0.4488887806424912
97357,0.44894539541253076
97358,0.44892936100418923
97359,0.4489343979617447
97360,0.4489186470930121
97361,0.4489405305649198
97362,0.4488997830541682
97363,0.44889545817463683
97364,0.4488888770301715
97365,0.4489110645428238
97366,0.448929178147508
97367,0.4488962570497571
97368,0.44891838339253315
97369,0.4489488562751319
97370,0.448914104970909
97371,0.44894963696689144
97372,0.44890221638791844
97373,0.4489206261002722
97374,0.4489282453543113
97375,0.4488939242381985
97376,0.4489199373328189
97377,0.44896339163476123
97378,0.44892693477836265
97379,0.4489463346549306
97380,0.44890724474702753
97381,0.44890187299580625
97382,0.44893491495048027
97383,0.44890655548588865
97384,0.44889360928325184
97385,0.4488925804322496
97386,0.4489559345691558
97387,0.44892733950907
97388,0.4488876759044361
97389,0.44896105435830747
97390,0.4489472391795898
97391,0.4489035497764912
97392,0.44890250323463843
97393,0.4489557890783723
97394,0.44894219941103
97395,0.44891916590120595
97396,0.44896237650438914
97397,0.4489124681988514
97398,0.4489349027164061
97399,0.4488951280096457
97400,0.44895240955741145
97401,0.44889076824373936
97402,0.4489051784485533
97403,0.44893909103302926
97404,0.4489524138576651
97405,0.44892988526715955
97406,0.4489499297674309
97407,0.4489037301536434
97408,0.4488856178700586
97409,0.4489157837355958
97410,0.4489085731785247
97411,0.44890748183178214
97412,0.4489306109029595
97413,0.44891695162914164
97414,0.44888502962425625
97415,0.4489210195864758
97416,0.4489422033782725
97417,0.44890987895728995
97418,0.44889740361776115
97419,0.44896029813679617
97420,0.4489119128525646
97421,0.44889248371350604
97422,0.4488887312079494
97423,0.4489007923962678
97424,0.4489292775120123
97425,0.44893365380932754
97426,0.44892113829334424
97427,0.4489456470463708
97428,0.448926234274144
97429,0.44890278413274803
97430,0.4488850650057464
97431,0.44895973468980016
97432,0.448956062699369
97433,0.44889515892484744
97434,0.4489478411474297
97435,0.4489242574185429
97436,0.4489566696288077
97437,0.44888719082406486
97438,0.4489199480783388
97439,0.4489414896470436
97440,0.4488935208314338
97441,0.44893937738534956
97442,0.4489303007426123
97443,0.44891328575679235
97444,0.44890464542145614
97445,0.4489506792101001
97446,0.44894699283678074
97447,0.448900109912493
97448,0.44890388490224675
97449,0.4489181497788958
97450,0.44893344830350984
97451,0.4489145141621303
97452,0.4488930048351441
97453,0.448894941350822
97454,0.44894060793997215
97455,0.4489268228496713
97456,0.4489519876340891
97457,0.4489601645481079
97458,0.44895499598723504
97459,0.4489648004151663
97460,0.4489181038179553
97461,0.44889689472935296
97462,0.4489409192555956
97463,0.44888998160139615
97464,0.44892233264090925
97465,0.4489401770871546
97466,0.44889722026506945
97467,0.4489581141197093
97468,0.4488854498946994
97469,0.4489051726612208
97470,0.448957989296452
97471,0.44894138614880996
97472,0.44889882231811606
97473,0.4489562311710695
97474,0.4488871020419485
97475,0.44893550716291925
97476,0.44888477865296733
97477,0.4489429481919179
97478,0.4489287386990618
97479,0.44892767264958844
97480,0.44895120760592006
97481,0.4489008072747315
97482,0.4489310515078444
97483,0.4489290839090917
97484,0.44889810081600867
97485,0.44895587356264255
97486,0.44895926151313337
97487,0.448962632768235
97488,0.4489026953499713
97489,0.4489584844609059
97490,0.4489418358476571
97491,0.4489590455932627
97492,0.4489521977690568
97493,0.4489337435828405
97494,0.44890891722996323
97495,0.4489601144529905
97496,0.44894693596183743
97497,0.4489431401397666
97498,0.4489394271498188
97499,0.44893846624923445
97500,0.4489529594465556
97501,0.44891035858176853
97502,0.4489474651859323
97503,0.44890881257668797
97504,0.44894225578799263
97505,0.4489264541641034
97506,0.4489380388692024
97507,0.44895280436786783
97508,0.4489447509557145
97509,0.44890571511042926
97510,0.4489430414387141
97511,0.44894981172156495
97512,0.448896139666749
97513,0.44893642573987774
97514,0.4488892409217455
97515,0.44894635151858525
97516,0.44889415603018434
97517,0.4488924645342569
97518,0.4489403277045516
97519,0.44892684318533055
97520,0.44890062326322505
97521,0.4489206413102871
97522,0.44888943320182756
97523,0.4488996592213174
97524,0.44894044789937465
97525,0.44891717912472173
97526,0.4489335802377196
97527,0.44894785205882504
97528,0.44892248325699735
97529,0.4488845151165737
97530,0.4489575500138846
97531,0.44892825246390883
97532,0.4488857744379657
97533,0.4489655282002656
97534,0.44893111598587426
97535,0.4489121486146678
97536,0.44892945375466325
97537,0.44889032648202765
97538,0.4489185173085763
97539,0.44895300805533667
97540,0.44894935838369016
97541,0.44888833276157863
97542,0.4489278560007176
97543,0.4489630110440118
97544,0.44890645595701495
97545,0.44890535617831634
97546,0.44896171997882756
97547,0.44895718909712157
97548,0.4488931690083182
97549,0.44893948336146333
97550,0.4489456048872247
97551,0.4489614964512885
97552,0.44891540876610636
97553,0.44892032701710743
97554,0.4489353826707424
97555,0.44895048792233955
97556,0.4489598836516075
97557,0.44892206943485696
97558,0.44891857451291156
97559,0.4488954755342484
97560,0.4488886868984892
97561,0.4489403242321741
97562,0.448953833715704
97563,0.44893531620716204
97564,0.44894425116212483
97565,0.44891042917704477
97566,0.4489102689735008
97567,0.4488926581378538
97568,0.4488929357269788
97569,0.4488891326307441
97570,0.4488920950219462
97571,0.44889884447244227
97572,0.4488955052934294
97573,0.4489094411634509
97574,0.44892677523456287
97575,0.4489022345735154
97576,0.4489504700674401
97577,0.4489015370433856
97578,0.4489549268807107
97579,0.4489058432405732
97580,0.4489013093846649
97581,0.44891001833246225
97582,0.44888663200784207
97583,0.44890839710119096
97584,0.44893642954247837
97585,0.4489236164306455
97586,0.4489132550065472
97587,0.448909605832603
97588,0.4489439021478441
97589,0.44889745635787737
97590,0.44893629463191015
97591,0.4489314053150674
97592,0.44893517980992126
97593,0.4489017093177154
97594,0.4489008322409093
97595,0.448893128006633
97596,0.44895847338375516
97597,0.4489104882008513
97598,0.44890254291521314
97599,0.4488913191261372
97600,0.44889333913337714
97601,0.4488859047174512
97602,0.4489519677961018
97603,0.4489238961711714
97604,0.4489601170995575
97605,0.4488893596281626
97606,0.44888658340064175
97607,0.44888740128977384
97608,0.44894515138607477
97609,0.44889486562991804
97610,0.44894047319565644
97611,0.44890533848838465
97612,0.4489489220779058
97613,0.4489600944496739
97614,0.448908640301451
97615,0.4489565019832308
97616,0.44889964401054766
97617,0.4489601170982508
97618,0.4488899445673839
97619,0.4489075798731243
97620,0.44889491737703
97621,0.44894384990337766
97622,0.4488868262707892
97623,0.44889850372539897
97624,0.44894037763398503
97625,0.44895851008714
97626,0.4489248405387303
97627,0.4489599476358354
97628,0.4489367163916056
97629,0.44891604760304427
97630,0.4489583606274703
97631,0.448958737912884
97632,0.4488852167787187
97633,0.448923566997789
97634,0.44890201352751835
97635,0.4488971134615014
97636,0.44889539303364395
97637,0.4488949390365786
97638,0.44895865508194344
97639,0.44889869154082057
97640,0.448915426621874
97641,0.44888846386778497
97642,0.4489386801861244
97643,0.4489498752076813
97644,0.4489252131923192
97645,0.4488848328801028
97646,0.44890169377752764
97647,0.4489583885695843
97648,0.44895418768825296
97649,0.44892571133301273
97650,0.448897033608529
97651,0.44893109217957344
97652,0.4489550902268613
97653,0.4489397050699637
97654,0.4488859958154438
97655,0.44895463523708534
97656,0.4489644054406704
97657,0.4488844585735554
97658,0.44890225457926813
97659,0.44891985020270486
97660,0.4489122334293043
97661,0.44891952450345163
97662,0.4489125427625558
97663,0.4489133085732561
97664,0.4489356366183774
97665,0.4488957174111042
97666,0.4488941993477381
97667,0.44892973332812175
97668,0.4488884141032143
97669,0.44895152900832813
97670,0.4489522291832406
97671,0.44891773744570246
97672,0.44895796466269794
97673,0.44893215823076
97674,0.4488944732994437
97675,0.4489173747097596
97676,0.44894097133632915
97677,0.4489026141713059
97678,0.4489543564902916
97679,0.44891408017127477
97680,0.4488870769117547
97681,0.44891448308123044
97682,0.44893626636044826
97683,0.44889153141003296
97684,0.4489064000749432
97685,0.44893876467029176
97686,0.44890196607757415
97687,0.4489440630153294
97688,0.44894618288245747
97689,0.44891175430070335
97690,0.44892595585803624
97691,0.44895294208690956
97692,0.44893788709496196
97693,0.44893731935146436
97694,0.44888999978866617
97695,0.4489065014228639
97696,0.44892289525925244
97697,0.44891447911329313
97698,0.4489354957563592
97699,0.448964535390446
97700,0.44889393134615035
97701,0.44890908818258213
97702,0.44892221591801446
97703,0.44890295376016165
97704,0.4489558424804379
97705,0.4489576340000218
97706,0.44892199768104313
97707,0.44892313581671683
97708,0.4488991266922189
97709,0.4489313595185407
97710,0.4489338513791984
97711,0.4488856211765948
97712,0.44890682398092224
97713,0.44893233777957764
97714,0.4489238095376304
97715,0.44895021562349047
97716,0.4489625892846741
97717,0.44891082729272264
97718,0.4489649282160292
97719,0.44889417785384983
97720,0.44890926012692817
97721,0.44895929821820973
97722,0.4489624113899915
97723,0.44889994788869203
97724,0.44895289943284733
97725,0.4489382929811511
97726,0.4489545414950921
97727,0.4489040960292362
97728,0.448886095841204
97729,0.4489208983988314
97730,0.4489354884818303
97731,0.4489606327640308
97732,0.4489503518554327
97733,0.44890524474525834
97734,0.44895919124940037
97735,0.4489599096094946
97736,0.44891029989023196
97737,0.4489082575630914
97738,0.4489235393876542
97739,0.44895964276517586
97740,0.4488922826723729
97741,0.44896189605496434
97742,0.4489280917626023
97743,0.4489132216101248
97744,0.44893590775866227
97745,0.44895333259826053
97746,0.4489613069815815
97747,0.44894733407757886
97748,0.4488907417925048
97749,0.44893339258755444
97750,0.4489340843289776
97751,0.44893484865337974
97752,0.4489488098172674
97753,0.4488882970506093
97754,0.448913218634197
97755,0.4489056365775801
97756,0.4489374173919487
97757,0.4489053331977892
97758,0.4488913019313667
97759,0.44895492158938194
97760,0.44896572031384036
97761,0.44893552088664207
97762,0.44891652391920994
97763,0.44893945542102986
97764,0.4489042134138113
97765,0.44895710031419583
97766,0.44890658276510365
97767,0.44893336332450273
97768,0.4489335069949607
97769,0.4489299831431688
97770,0.44889468161747603
97771,0.4489054241292456
97772,0.44889569062928997
97773,0.44895239385266766
97774,0.4488897486506888
97775,0.4488871574264563
97776,0.4488862543926661
97777,0.44894182146521694
97778,0.4489463968191686
97779,0.448918580134187
97780,0.448890716496578
97781,0.4489072260662549
97782,0.44895298259370287
97783,0.4489457779888512
97784,0.4489356918379985
97785,0.4489448546179512
97786,0.44893985767003336
97787,0.4489043233593353
97788,0.44893591255414195
97789,0.4489574070013331
97790,0.44888777973022886
97791,0.4489654222234266
97792,0.4489197817560029
97793,0.4489166606484349
97794,0.4489315574197822
97795,0.4489456333247582
97796,0.4488946083760285
97797,0.4489481121236347
97798,0.4488923446713408
97799,0.44895591489385
97800,0.44891412117243895
97801,0.44895476502143994
97802,0.44892655154332256
97803,0.4489045516790555
97804,0.4489214181977779
97805,0.4489259710683817
97806,0.44895138599784534
97807,0.4489659798826987
97808,0.4489505388445893
97809,0.448948518340561
97810,0.4489433701143832
97811,0.44888491455462004
97812,0.44892805952286097
97813,0.4488939386223196
97814,0.4489515007372219
97815,0.448921344460355
97816,0.4489262308025387
97817,0.44891259914026405
97818,0.44894454892183655
97819,0.4489212849414421
97820,0.4489038495205804
97821,0.448963760651055
97822,0.44894651007047853
97823,0.44893364107964817
97824,0.44892660643305576
97825,0.44888742476665683
97826,0.44892288285942666
97827,0.4489172113645976
97828,0.4489629206068771
97829,0.4489527074846318
97830,0.44888820777175703
97831,0.44890572734528955
97832,0.44893093048504257
97833,0.448886610349241
97834,0.44890386159095386
97835,0.4489413238192789
97836,0.4489221949193713
97837,0.4489118447373299
97838,0.4489337035738013
97839,0.44894688454571235
97840,0.4489043744457345
97841,0.44889345354205734
97842,0.4489450138311343
97843,0.44892002545471393
97844,0.4489282809007484
97845,0.44888828994135516
97846,0.4489105678909296
97847,0.4489398991679445
97848,0.44890237113650755
97849,0.44895277775006603
97850,0.4489241987254428
97851,0.4489003529465878
97852,0.44890431839939765
97853,0.44892129271108877
97854,0.4489244887155621
97855,0.4489515597601445
97856,0.44892534578894705
97857,0.44894161959714973
97858,0.4489421759333791
97859,0.44893002612735444
97860,0.4489532376990503
97861,0.448931060105033
97862,0.4489001279331557
97863,0.4489323402579264
97864,0.44892870794926876
97865,0.4489525231411658
97866,0.44896488192386214
97867,0.4489056238484322
97868,0.44894441368023175
97869,0.44890379777212036
97870,0.44896464517059526
97871,0.4489000621320304
97872,0.44894253718118593
97873,0.4489574471766629
97874,0.4489154618375398
97875,0.44889156265792113
97876,0.4489588622417147
97877,0.44888903822747406
97878,0.44892096271273657
97879,0.4489010402262815
97880,0.4489553904669086
97881,0.4489519992085304
97882,0.4489543460744327
97883,0.4489426930874463
97884,0.4489408299784974
97885,0.44889122075320187
97886,0.44888549321165594
97887,0.44895393622059093
97888,0.4489135936021011
97889,0.4489087938934061
97890,0.44890816514167686
97891,0.4489602723449207
97892,0.4489442376042287
97893,0.4489131996208299
97894,0.4489544120400088
97895,0.44890418745604616
97896,0.4488928429769472
97897,0.4488851779263782
97898,0.44890370882436437
97899,0.44895374691648454
97900,0.4489273080945679
97901,0.4489055190292179
97902,0.4488878443758147
97903,0.44894017361522154
97904,0.44893000397448063
97905,0.4489237690323684
97906,0.448951607706354
97907,0.4488956289610146
97908,0.4488860943532175
97909,0.4489428119587204
97910,0.44894389371731425
97911,0.4489061019841427
97912,0.44890626235335324
97913,0.44894386346052817
97914,0.4489031706736877
97915,0.44895039103904655
97916,0.44892622154450484
97917,0.4489508362736885
97918,0.4489412391713798
97919,0.4489137691843162
97920,0.4489390058870644
97921,0.44890169923392115
97922,0.4489241850031235
97923,0.44895945329811887
97924,0.44894372557576306
97925,0.4489107459501588
97926,0.44894764539642756
97927,0.4489005766396878
97928,0.44896561648549893
97929,0.44892448557297243
97930,0.4489037280040286
97931,0.4489482271936245
97932,0.4489538618219101
97933,0.4488879247259637
97934,0.4489088016655665
97935,0.4488997278337699
97936,0.44896121902582786
97937,0.4489092444202033
97938,0.44889292431952343
97939,0.44890340560918285
97940,0.4489410505292776
97941,0.44890462161514466
97942,0.4489652859915258
97943,0.4489257161275838
97944,0.4489494499785372
97945,0.4488957625472303
97946,0.44890087638288534
97947,0.44889595052871206
97948,0.44892191468560094
97949,0.4488849868027017
97950,0.44891411555162625
97951,0.4489140343743361
97952,0.4488925977906624
97953,0.44890567956512095
97954,0.4489266935621982
97955,0.44894468101961377
97956,0.44891873587541803
97957,0.4489433410179527
97958,0.44896487630265636
97959,0.4489003221951981
97960,0.4489557961875154
97961,0.4489515204110906
97962,0.4488989335862636
97963,0.44889709907872277
97964,0.4489010164194201
97965,0.4489313208311898
97966,0.4489373882929162
97967,0.44895943279721917
97968,0.4489563437611022
97969,0.4488877377376539
97970,0.44890315596057556
97971,0.4488855682709038
97972,0.4489299796695387
97973,0.4489149198847474
97974,0.4489478568541464
97975,0.4488930884931368
97976,0.44892128973674955
97977,0.448957893404405
97978,0.44888958282428726
97979,0.4489202818818818
97980,0.4489195258252889
97981,0.4489120118863957
97982,0.4489286353692605
97983,0.4488975289383296
97984,0.44895668847648096
97985,0.44889169426057846
97986,0.4489291599610922
97987,0.4488997870217446
97988,0.4489425176721835
97989,0.44893267951726873
97990,0.44894447964844897
97991,0.4488948137148413
97992,0.4489482501736839
97993,0.4489150746332618
97994,0.4489266522303479
97995,0.4489086523704971
97996,0.4489223209025113
97997,0.4489465976966533
97998,0.44895846495266534
97999,0.44890896087886695
98000,0.448940550074334
98001,0.44891262625440653
98002,0.44891727187422414
98003,0.44890814017838515
98004,0.4488999981491656
98005,0.44888931713986324
98006,0.44896329425471493
98007,0.4489277728402365
98008,0.44893271721220374
98009,0.44891894138205896
98010,0.4489548647157455
98011,0.44893167910135257
98012,0.4489326411602557
98013,0.44892450210604334
98014,0.44889939485790753
98015,0.4489272846186036
98016,0.44896151959829445
98017,0.4489660995827725
98018,0.44896107601497875
98019,0.44893253005859535
98020,0.44892425493821064
98021,0.44893411425463414
98022,0.4489006135083687
98023,0.44894195984718954
98024,0.4489255564199885
98025,0.44891237197694994
98026,0.4489250850620739
98027,0.4489271541736008
98028,0.4489167892758615
98029,0.44895329920150706
98030,0.44890640338119764
98031,0.4489502891959536
98032,0.44895913685402933
98033,0.4488925958083137
98034,0.44888644964797914
98035,0.4489236228795379
98036,0.44894296075617796
98037,0.44895352868028604
98038,0.44893285526356297
98039,0.4489048755613749
98040,0.44892376572539666
98041,0.44892958122443977
98042,0.44890813323447387
98043,0.44889756365640393
98044,0.4489068572139831
98045,0.4489428458514776
98046,0.4489598699301393
98047,0.44891582705288674
98048,0.4489196899988298
98049,0.44890327400650076
98050,0.4489542579520257
98051,0.44893384443605244
98052,0.4489232702299999
98053,0.44894306904929265
98054,0.44888826233111534
98055,0.44892407208146556
98056,0.4489128969011165
98057,0.44893241895648944
98058,0.4489444188055524
98059,0.44891362005585905
98060,0.44894751891874546
98061,0.44892437926717116
98062,0.4489622262190304
98063,0.4489579438309943
98064,0.4489313272798225
98065,0.44891630535237564
98066,0.44893232785896403
98067,0.44894582345443845
98068,0.44890864889949794
98069,0.4489466944156265
98070,0.4489502885342167
98071,0.44895201921317385
98072,0.44890653729878377
98073,0.4488880464092491
98074,0.44896312115408765
98075,0.4489587767659308
98076,0.4489651661265933
98077,0.4488869932546054
98078,0.448922695209404
98079,0.44894830192209045
98080,0.4489267889582652
98081,0.44892863437558417
98082,0.4489590551823775
98083,0.4489228846789571
98084,0.44895414503256287
98085,0.4489086164954782
98086,0.44896121968838343
98087,0.44893431562792824
98088,0.4488953452521822
98089,0.4489615417508751
98090,0.4488945622484175
98091,0.44888938674233786
98092,0.4489241438361923
98093,0.44894692620862475
98094,0.4488897962675556
98095,0.4489067277595182
98096,0.44895305583509787
98097,0.44891211108384194
98098,0.44891918673293124
98099,0.44894036110081686
98100,0.44894487544990563
98101,0.44892383202253355
98102,0.4489213588444634
98103,0.448926714559957
98104,0.4489095350707575
98105,0.44894086238353376
98106,0.448963932098721
98107,0.44896495781055284
98108,0.44896146851041774
98109,0.44894550816953604
98110,0.448945363670043
98111,0.44891910886221675
98112,0.4488863524333056
98113,0.4489360167126838
98114,0.4489270273647584
98115,0.4488904005504092
98116,0.448901429910174
98117,0.4489463632588111
98118,0.44888639012779114
98119,0.44892325799558536
98120,0.4489221152318024
98121,0.4489477665820394
98122,0.4489316564527408
98123,0.44896574527911887
98124,0.4489134910988361
98125,0.44894398282997733
98126,0.44894522876036497
98127,0.4488964253574667
98128,0.4489002701169132
98129,0.44894978047334216
98130,0.4489592463027956
98131,0.4489619367253788
98132,0.4489112561616808
98133,0.44894902342426946
98134,0.44891358153296584
98135,0.4489179608075723
98136,0.44890752002346934
98137,0.4488992146480457
98138,0.4489180085867455
98139,0.44892392824566935
98140,0.44890893740150106
98141,0.448933923794396
98142,0.4489144478662193
98143,0.4489183190773467
98144,0.4489012005976209
98145,0.44894486635673236
98146,0.4489660732935797
98147,0.448946805352367
98148,0.4489214469660053
98149,0.4489297900368619
98150,0.44890329979678734
98151,0.4488991129690665
98152,0.4489427091231977
98153,0.4489082979033485
98154,0.44889650157352373
98155,0.44890943488056195
98156,0.4489213492556923
98157,0.4489384406222124
98158,0.44889240716458634
98159,0.44892142299139665
98160,0.448908083303033
98161,0.4489150850494518
98162,0.44891500750824337
98163,0.44892575680010205
98164,0.4489519208422582
98165,0.44891230567942625
98166,0.44890310255849714
98167,0.4488927125308746
98168,0.4489029433456165
98169,0.4488975054600729
98170,0.4489255342657837
98171,0.448941663904895
98172,0.4489268263225721
98173,0.4489595247200806
98174,0.4489084744761736
98175,0.44889507229169734
98176,0.44893769729686556
98177,0.4489067135419001
98178,0.448901714938981
98179,0.44891026020924696
98180,0.4489086191400147
98181,0.44893283095875114
98182,0.44894724496569205
98183,0.4489081805186428
98184,0.4489298313690419
98185,0.4488921399918974
98186,0.4489560641889195
98187,0.4489100806613493
98188,0.4489521814022487
98189,0.448899666496192
98190,0.4489101877961545
98191,0.4488905101637377
98192,0.44889786736978626
98193,0.4489310693643325
98194,0.44889980355352677
98195,0.44891844820041293
98196,0.44890478297638997
98197,0.4488987588315892
98198,0.44888631787925004
98199,0.4489627602380867
98200,0.4489139867595063
98201,0.44892842953281065
98202,0.44892265734963566
98203,0.44892826254737356
98204,0.4489531279191477
98205,0.44892782905217216
98206,0.4489660762707371
98207,0.4489310657269861
98208,0.4489173246158997
98209,0.4489194228248541
98210,0.4489339247850827
98211,0.44894315634370396
98212,0.4489562496881215
98213,0.44890611851583784
98214,0.4488899295232323
98215,0.4489405833049792
98216,0.4489385451118254
98217,0.44889813685795277
98218,0.44895201293095066
98219,0.44890896054818347
98220,0.44889970121560197
98221,0.4489516062166931
98222,0.44894814700917335
98223,0.4489365821424306
98224,0.4488923537641729
98225,0.44891521913111376
98226,0.44895240277982523
98227,0.448940703168687
98228,0.4489014194951535
98229,0.4489094948962296
98230,0.44895046394945903
98231,0.4488880507085554
98232,0.44893264942754096
98233,0.44888461762116155
98234,0.4488858972775898
98235,0.44894336614644376
98236,0.4489178716931794
98237,0.4489226957053605
98238,0.44889021703279736
98239,0.4489605949049639
98240,0.4488906551586089
98241,0.44892785963874177
98242,0.44892336744392053
98243,0.44895660944717647
98244,0.4489011643894951
98245,0.4488923656682766
98246,0.44891637826308456
98247,0.44893496091271756
98248,0.4489301281371895
98249,0.44891208628552687
98250,0.4489235455055685
98251,0.44891180836541483
98252,0.448960882413893
98253,0.4488988901027177
98254,0.44889595929087184
98255,0.4488980826296259
98256,0.4489166095613219
98257,0.44889773758409957
98258,0.44891158169695466
98259,0.44896366938947085
98260,0.448966145543843
98261,0.44893812219616624
98262,0.44894775302622775
98263,0.44889347023940457
98264,0.4489651257846741
98265,0.44892618186436356
98266,0.4489433238231718
98267,0.4489188891384485
98268,0.4489025777995688
98269,0.4489318047537791
98270,0.4489529787918562
98271,0.4489190260304449
98272,0.44893273027409614
98273,0.4489275952745533
98274,0.44890527251986845
98275,0.44892771811549087
98276,0.44893820767065284
98277,0.4489248284683521
98278,0.4489138915275281
98279,0.44891256078266556
98280,0.44895421629000665
98281,0.4489298918791155
98282,0.4488854698983663
98283,0.44890617952372647
98284,0.44889984720163384
98285,0.4489328064911413
98286,0.44895585058131676
98287,0.44889445610630485
98288,0.4489084837335028
98289,0.44895248246987196
98290,0.4489345462635356
98291,0.4489459606791216
98292,0.44889917215775077
98293,0.44889682446521517
98294,0.4489381688180055
98295,0.448889765019409
98296,0.44891376670440697
98297,0.4489073965216137
98298,0.44888789843757737
98299,0.44894745840609795
98300,0.4488948623232599
98301,0.4489431707274861
98302,0.4489075988857488
98303,0.448890724102133
98304,0.44892528395375725
98305,0.4489203268517356
98306,0.4489312333721644
98307,0.44888625273978117
98308,0.4489590779980462
98309,0.4489211449064865
98310,0.4488922987086976
98311,0.4489175540949651
98312,0.4488939728453294
98313,0.4489061385208115
98314,0.44889583364003066
98315,0.44888867119214776
98316,0.44891271966684
98317,0.4488888261067717
98318,0.44894517023253055
98319,0.44894061405551716
98320,0.4489590469154868
98321,0.448935203121073
98322,0.4489417110241303
98323,0.4489422979479734
98324,0.44895528482082825
98325,0.448914297911469
98326,0.4488958829082202
98327,0.44894075690243235
98328,0.4489267630017177
98329,0.4489156139403091
98330,0.4489529015822082
98331,0.44889163374872143
98332,0.4489299927319315
98333,0.44894980543827806
98334,0.44889993829875985
98335,0.44888611601142364
98336,0.4489048130682435
98337,0.44894130083964234
98338,0.4489177680318618
98339,0.44891962684220993
98340,0.4488926080420062
98341,0.44893012764199436
98342,0.4489285584902086
98343,0.4489479471241672
98344,0.4489253692651393
98345,0.4489018634073682
98346,0.4488911179189244
98347,0.4489255612145904
98348,0.448901328562979
98349,0.44892051797420207
98350,0.4489606593830781
98351,0.4489603626149398
98352,0.44890199484440985
98353,0.448923858972205
98354,0.4489094930775801
98355,0.44892618665899137
98356,0.44890293788972263
98357,0.44890205089180246
98358,0.44888581279497974
98359,0.44895524795250946
98360,0.44891271784745096
98361,0.44894486470262124
98362,0.4488960579935781
98363,0.4489576019259564
98364,0.4489457725326674
98365,0.44891829973497666
98366,0.44892850855997674
98367,0.4488913561605613
98368,0.44890744314519665
98369,0.44893505200943384
98370,0.4489056040074379
98371,0.4489094638140582
98372,0.44891152994855177
98373,0.44894070019279786
98374,0.44892502769250475
98375,0.4489084404177639
98376,0.44891216795745625
98377,0.44889576982090723
98378,0.4488871351081173
98379,0.4489617887545613
98380,0.44891870264528133
98381,0.4488846908628999
98382,0.4488916426765788
98383,0.4489329546275464
98384,0.44896453109191886
98385,0.44889514553436627
98386,0.4489194203435543
98387,0.44896014669376955
98388,0.4489111176139228
98389,0.44891289061823614
98390,0.44895839402419546
98391,0.4488946358204972
98392,0.4488880783179317
98393,0.4489313752240172
98394,0.44896316265199077
98395,0.4489413777182849
98396,0.4489155879843156
98397,0.44889971344964436
98398,0.44895909965463776
98399,0.44896170790802986
98400,0.4489192616280411
98401,0.4489172298815446
98402,0.4489034985248791
98403,0.44889605204129335
98404,0.44892637860836815
98405,0.44890533518181963
98406,0.4489348613834624
98407,0.44893680351910925
98408,0.4489608424030178
98409,0.44895139128710393
98410,0.44896360491132387
98411,0.4489464457570155
98412,0.44891349556277454
98413,0.44889091456119723
98414,0.448915014453683
98415,0.4489638998605908
98416,0.4489523683917878
98417,0.44892029577003645
98418,0.44892872828499336
98419,0.4488893968291577
98420,0.44895399507658185
98421,0.44888917594769245
98422,0.4489004582637656
98423,0.44888777824227843
98424,0.44892147606254
98425,0.4489210424024298
98426,0.44894158024775804
98427,0.44894690422000744
98428,0.448960273502565
98429,0.4489338219494684
98430,0.44895631549050075
98431,0.4489452249568237
98432,0.4489127810037082
98433,0.4489121712656952
98434,0.448948664988699
98435,0.44895693266820846
98436,0.44892071141010187
98437,0.44893967712954336
98438,0.44891480117703453
98439,0.4489078425819432
98440,0.4489340539098217
98441,0.4489093138586386
98442,0.44894915519386963
98443,0.448888806102713
98444,0.44889738328177675
98445,0.44889712255605224
98446,0.44893497512949837
98447,0.448958103704838
98448,0.4489455536347242
98449,0.4489341989039325
98450,0.4489557497300483
98451,0.4489565363723899
98452,0.44890538395354074
98453,0.4488884413837497
98454,0.4488914740395073
98455,0.44889799533420094
98456,0.44888452139916335
98457,0.44891630915619324
98458,0.44894682601835206
98459,0.4489654263563347
98460,0.448928036044619
98461,0.44894749858272326
98462,0.44891499048041433
98463,0.44893326015750035
98464,0.4489546980617093
98465,0.44891802247453627
98466,0.44894243880880363
98467,0.4489509157979557
98468,0.44891367593832165
98469,0.44895524514143187
98470,0.4489172555065449
98471,0.4489256893440189
98472,0.4489374180540359
98473,0.4489042077930442
98474,0.44892603835828726
98475,0.4488894892472577
98476,0.4489524925542114
98477,0.4489632114244473
98478,0.4489530282252892
98479,0.44893351889964933
98480,0.4488879229074058
98481,0.4489119784900971
98482,0.4488987735459433
98483,0.44894106722800897
98484,0.44891668214177416
98485,0.44893522808606284
98486,0.4488970794043781
98487,0.4489417302014914
98488,0.448922280065496
98489,0.4489489758099641
98490,0.44890702337078764
98491,0.44890940495645487
98492,0.4489475564483251
98493,0.4489262197250509
98494,0.4488927388188082
98495,0.4489647561066914
98496,0.4489606785617904
98497,0.448922160697228
98498,0.4489467104511212
98499,0.44889408576478207
98500,0.4489538669454609
98501,0.44895711668237887
98502,0.4489497882446516
98503,0.4489151678804061
98504,0.4489616409507872
98505,0.4488918293363456
98506,0.4489179517143403
98507,0.4489396801037333
98508,0.44893850906811844
98509,0.4488921983539384
98510,0.4489317520130477
98511,0.44894955777325773
98512,0.44892842275389866
98513,0.448907672458571
98514,0.44895242030557375
98515,0.44895806617486045
98516,0.44890910240097676
98517,0.44890275503384197
98518,0.4489300834987957
98519,0.44894088205754057
98520,0.4489068021581646
98521,0.4488921568551668
98522,0.4489220605057462
98523,0.44889252983982936
98524,0.44892361643164985
98525,0.44893899563662204
98526,0.4489043360881718
98527,0.44891650176658954
98528,0.44894143938647335
98529,0.44892706506047925
98530,0.4489001924124145
98531,0.4489504404732745
98532,0.4489384199563181
98533,0.44895546800654884
98534,0.4489525608364887
98535,0.4488868180038144
98536,0.4489544140240314
98537,0.4489595650598789
98538,0.44891350515190026
98539,0.44890416943665074
98540,0.44891222499784217
98541,0.44892789799498173
98542,0.44894019560544657
98543,0.4489109063220464
98544,0.4489265275711388
98545,0.4489507860139292
98546,0.44891557161735374
98547,0.44893133769487537
98548,0.4488943684798404
98549,0.44890568683929427
98550,0.4489407869928428
98551,0.4489549384534678
98552,0.44890141899875025
98553,0.44892828685260083
98554,0.4489458027884777
98555,0.44895493878408443
98556,0.4488987943780012
98557,0.44890930178989347
98558,0.44890958384399793
98559,0.44890212082691716
98560,0.44896139212679353
98561,0.4489340567196126
98562,0.4489298146707099
98563,0.44893463802065614
98564,0.44893871044156247
98565,0.44888794902998524
98566,0.4489091725001657
98567,0.448885032931219
98568,0.4489183977746469
98569,0.44893284583847026
98570,0.44892554897936177
98571,0.4489311125138692
98572,0.44891644125527713
98573,0.4488893523536788
98574,0.44890074230148913
98575,0.44894131456236974
98576,0.44894740450831366
98577,0.44890041411887044
98578,0.44888886826609675
98579,0.44895522794589937
98580,0.44891888335153046
98581,0.44890814497229187
98582,0.4489601275141367
98583,0.4489605917629961
98584,0.4489171675506739
98585,0.44892322641707855
98586,0.44889168814245656
98587,0.44892399173176056
98588,0.44894765002503567
98589,0.4489525014812038
98590,0.44896287481212244
98591,0.44889737815560876
98592,0.44894506243795135
98593,0.4489006340100475
98594,0.4489205163204984
98595,0.44896137245248907
98596,0.4489502510038231
98597,0.4489644561971429
98598,0.44894711931460435
98599,0.44896302162545143
98600,0.4489320421683773
98601,0.44891702949971235
98602,0.4489484579949946
98603,0.44894369581542665
98604,0.44891346712555963
98605,0.4488868004788296
98606,0.4489396782867803
98607,0.44888655479684203
98608,0.44895849338872834
98609,0.4489304624345423
98610,0.4489401202147855
98611,0.4488850035024615
98612,0.4489467071457206
98613,0.4489233054457716
98614,0.4488878298271098
98615,0.4489343939928932
98616,0.4489017666883708
98617,0.4489213006481976
98618,0.44894692257009206
98619,0.44893029793157474
98620,0.44891747837198354
98621,0.44890088448532317
98622,0.4489431879211537
98623,0.4489328503023834
98624,0.4489628604279969
98625,0.4489068527493432
98626,0.4489228316070234
98627,0.44896522382559745
98628,0.44892830751890656
98629,0.4489007482534744
98630,0.44893993752460043
98631,0.448904834890111
98632,0.448931662238553
98633,0.4489173485888694
98634,0.4489216032029192
98635,0.44890050323200836
98636,0.44892546929088806
98637,0.44893802828800844
98638,0.44891795022504777
98639,0.44889256951909623
98640,0.44896161565456444
98641,0.44894878667223637
98642,0.44894948568992993
98643,0.44893870283637266
98644,0.44895009608917946
98645,0.4489108439910994
98646,0.4489068509306953
98647,0.44894094901507886
98648,0.44895478056165444
98649,0.4489497629473895
98650,0.44892483458678106
98651,0.44895842477731035
98652,0.4489649951752816
98653,0.4489200495921948
98654,0.44890786275229716
98655,0.4489331882395201
98656,0.44895054066191437
98657,0.4489507172360999
98658,0.4488876924357766
98659,0.4488892093427637
98660,0.44891131336434786
98661,0.4489375442004374
98662,0.44892927023740703
98663,0.44891732511153987
98664,0.44895650495965456
98665,0.44889872526916635
98666,0.4489319520632009
98667,0.4489252224517647
98668,0.4488997589159983
98669,0.44891157475344756
98670,0.44891448456958205
98671,0.448900612847341
98672,0.4489056144249597
98673,0.44891949639728584
98674,0.4488902512553685
98675,0.44896535361003126
98676,0.448948621672485
98677,0.44891885805633386
98678,0.4489231325097404
98679,0.4489597108821816
98680,0.44889720968554486
98681,0.4489010804023868
98682,0.4489641513277697
98683,0.44889921349072415
98684,0.44894333241993706
98685,0.4489169575826761
98686,0.44888652735371165
98687,0.44893784129842373
98688,0.4489531060947158
98689,0.44895220157260934
98690,0.44889597020229594
98691,0.44890496798201124
98692,0.4488905281852159
98693,0.44895049751151783
98694,0.4489382225520675
98695,0.4489162570758235
98696,0.44895794267203226
98697,0.44890441015715193
98698,0.4489050298147171
98699,0.44894247418855315
98700,0.4489215385583945
98701,0.44896011528134416
98702,0.448963089410973
98703,0.4488855449583964
98704,0.44891343025686764
98705,0.4489450725230982
98706,0.4489647609016406
98707,0.4489490905500592
98708,0.4489597029455085
98709,0.4489003962649198
98710,0.4489021451288562
98711,0.4489448283307464
98712,0.4489480365676354
98713,0.4488945453834778
98714,0.4488971986084399
98715,0.4489359899287862
98716,0.44891841282099254
98717,0.4489516440786677
98718,0.4488926754972214
98719,0.4489503194506744
98720,0.44891424979995415
98721,0.44895135541201087
98722,0.44891181117435064
98723,0.4489124896905618
98724,0.4488957002176375
98725,0.4488889428301355
98726,0.44891807554720015
98727,0.4489084480237068
98728,0.44895000350412034
98729,0.44893523155799026
98730,0.448939856677998
98731,0.4489401772524666
98732,0.44889402393253236
98733,0.4489618084305365
98734,0.4489112391325907
98735,0.4489181005105049
98736,0.44892440786759097
98737,0.4489479586973316
98738,0.44890757441755413
98739,0.4489375772669488
98740,0.4489341602169351
98741,0.4489295142652226
98742,0.4489592839980718
98743,0.4489085993011008
98744,0.4489438485816544
98745,0.4489487780750728
98746,0.44893152253348206
98747,0.44893861587283107
98748,0.4489423991299313
98749,0.4489194629987612
98750,0.4489605013262904
98751,0.4489609736762763
98752,0.4489004992653336
98753,0.4489629849221206
98754,0.4489227517536736
98755,0.44895583520589755
98756,0.44892529503089046
98757,0.4489003088050273
98758,0.44896433980525113
98759,0.44895145179894663
98760,0.4489279363513353
98761,0.4488910269875849
98762,0.4489073394822652
98763,0.4489086771717815
98764,0.4489600992438376
98765,0.44891680481564344
98766,0.4488961623162808
98767,0.44890245198311407
98768,0.4489504176572715
98769,0.44896020869131764
98770,0.4489406644823127
98771,0.448934439460432
98772,0.448930356789208
98773,0.4488945844015147
98774,0.4489287621769715
98775,0.448938586608981
98776,0.4489161296060038
98777,0.44892094006121186
98778,0.4489474073189964
98779,0.44896318364903864
98780,0.44889802972290527
98781,0.4489062947581111
98782,0.4489231690474429
98783,0.4489453502773268
98784,0.4489589789650739
98785,0.44888466788155734
98786,0.44890466013676267
98787,0.448902001126015
98788,0.44888956265530133
98789,0.44893069439474637
98790,0.4489023448488898
98791,0.4489182635276372
98792,0.44892026435644206
98793,0.44892582739624154
98794,0.4489090165944913
98795,0.448895070970305
98796,0.44888730523306664
98797,0.4489407020123406
98798,0.4489384070601351
98799,0.44895065986677474
98800,0.44892762420816335
98801,0.44891677852901873
98802,0.4489601151156064
98803,0.4489344883965636
98804,0.44891788607848987
98805,0.44892484202710137
98806,0.44893923933369223
98807,0.44890646571070486
98808,0.4489280977141885
98809,0.4488847345101343
98810,0.44891955227730784
98811,0.4489302608983174
98812,0.44892119830734206
98813,0.44890824383989625
98814,0.4489595468751165
98815,0.4489607770974898
98816,0.4489642878914972
98817,0.4488984179198042
98818,0.4489518434671934
98819,0.4488942373737445
98820,0.4489334213538016
98821,0.44892900620539156
98822,0.4489562361326449
98823,0.44894564258327524
98824,0.4489102893090381
98825,0.4489505386796342
98826,0.44891518309046824
98827,0.4489612304349079
98828,0.4489631674462226
98829,0.44895869740690825
98830,0.4489231153153312
98831,0.4489251935179498
98832,0.4489483301952612
98833,0.44891473372259383
98834,0.44889576601922654
98835,0.448954820903195
98836,0.4489485218125213
98837,0.44890928294263344
98838,0.4489338307120273
98839,0.44890537717577
98840,0.44888597531488944
98841,0.4488954907443724
98842,0.4489269466835292
98843,0.4488872706790504
98844,0.44889948198735136
98845,0.44893342152001914
98846,0.44896073923808255
98847,0.44889609304318323
98848,0.44892129023113186
98849,0.44892578060773913
98850,0.4489277849092635
98851,0.44890245479402613
98852,0.44896354092812435
98853,0.448948323911042
98854,0.44894698010629075
98855,0.4489512049613866
98856,0.4489149377387758
98857,0.44892420170054054
98858,0.4489525681110119
98859,0.4489084073507513
98860,0.4489582224128368
98861,0.44893253683579315
98862,0.4489198672331507
98863,0.44894188114824046
98864,0.4489600488181351
98865,0.4489628885345257
98866,0.44895085710574284
98867,0.4488850051561095
98868,0.4489527623726488
98869,0.44890567113248964
98870,0.44891433659842195
98871,0.4489306107368308
98872,0.4489398246042512
98873,0.44894673128400836
98874,0.44888595167133916
98875,0.44891180654669444
98876,0.4489499145570787
98877,0.4489163461902292
98878,0.4488930807222303
98879,0.4489109827050306
98880,0.44889160944642
98881,0.44890681951700806
98882,0.448942527094398
98883,0.4488869330730056
98884,0.44891796659282845
98885,0.44893564835681643
98886,0.448890552984773
98887,0.4489618925834033
98888,0.4489087352027739
98889,0.44889335483886345
98890,0.44896016587072785
98891,0.44894144236249467
98892,0.44894122247302815
98893,0.4488904683351877
98894,0.44888829953016496
98895,0.4489033275736356
98896,0.4488873966596116
98897,0.44889077303832026
98898,0.448963489013065
98899,0.44891981548427234
98900,0.4489206849576193
98901,0.44895560126332157
98902,0.4489238016008605
98903,0.448960973511035
98904,0.4489246024625181
98905,0.448925488303863
98906,0.448901696588166
98907,0.44896071377685287
98908,0.4489061031410001
98909,0.4488902714265401
98910,0.44890606544476763
98911,0.4489094525708694
98912,0.4489000771753998
98913,0.4489607536206119
98914,0.4489493413547744
98915,0.44892310886752035
98916,0.4489484703955461
98917,0.4489448380852437
98918,0.4489029562413721
98919,0.4489131488640115
98920,0.4489150547935857
98921,0.4488918764551156
98922,0.4489567408849385
98923,0.44893152815556014
98924,0.4489422298311337
98925,0.4489652314325014
98926,0.4489518208169972
98927,0.4488905448838888
98928,0.4489270630757536
98929,0.44896436625772934
98930,0.44894340896706236
98931,0.4489453268017301
98932,0.4489642966533227
98933,0.44896221563876476
98934,0.4489505542203224
98935,0.4488892217438749
98936,0.44896143246841175
98937,0.44891464527077113
98938,0.44894604516291087
98939,0.44888934177419126
98940,0.448899828685417
98941,0.4489230460418673
98942,0.448895451560956
98943,0.4488936287930652
98944,0.44888449296162686
98945,0.44893874516089477
98946,0.44891392922459056
98947,0.4489067004790666
98948,0.44895913933527254
98949,0.4488930832021095
98950,0.4489658715920202
98951,0.44895120281205086
98952,0.4489430472255985
98953,0.44890701345098366
98954,0.44892117400472425
98955,0.4489037855389935
98956,0.4489314773991287
98957,0.4489213196612008
98958,0.4489593288036042
98959,0.44890286167240395
98960,0.4489549844140629
98961,0.44893378458479527
98962,0.4489476397752489
98963,0.44892529602453485
98964,0.44894241929984396
98965,0.44888933549158117
98966,0.44891900453836875
98967,0.4489545578624067
98968,0.44895671840088064
98969,0.44892584491999665
98970,0.44891727170981277
98971,0.448904229451685
98972,0.44891601090000643
98973,0.4488920644354722
98974,0.4489577907342844
98975,0.44890618828694234
98976,0.44893164901295995
98977,0.4489533064761442
98978,0.4489025738307826
98979,0.44889035243759573
98980,0.448896883984142
98981,0.44894764324642183
98982,0.4489385127067191
98983,0.44892423956125627
98984,0.44894213294656343
98985,0.4489398444432062
98986,0.4489103845394289
98987,0.44893655800336074
98988,0.44896129309517285
98989,0.4489051663790547
98990,0.4489164673770879
98991,0.4489277245636765
98992,0.4489519777159595
98993,0.44892301214949776
98994,0.44896609577846397
98995,0.44896043106252786
98996,0.4489333148809713
98997,0.44892579730485216
98998,0.44893555593672396
98999,0.44892872927523486
99000,0.4489420530932379
99001,0.4489006683970902
99002,0.4489087042852251
99003,0.4489625868056454
99004,0.44891272264283877
99005,0.44892324873741507
99006,0.4489511380017555
99007,0.4489285231090461
99008,0.44892750897241895
99009,0.4489080823111265
99010,0.44894636705962826
99011,0.4489232723788602
99012,0.4489183905013358
99013,0.4488960128582841
99014,0.44896534831947604
99015,0.4489649507013552
99016,0.44888562415294225
99017,0.4489469802712426
99018,0.4489329156092472
99019,0.44895568425885896
99020,0.4489093381621847
99021,0.448899248706121
99022,0.44889650041712964
99023,0.4489489187717482
99024,0.4489258721996007
99025,0.4489284830982427
99026,0.4489246279237469
99027,0.44889218297738653
99028,0.4488906564803692
99029,0.4489613345927527
99030,0.44894596993597874
99031,0.44892519219630284
99032,0.4489080588357656
99033,0.44893895843629544
99034,0.4489520177242034
99035,0.44894704276624664
99036,0.4488921512339126
99037,0.4489309607405044
99038,0.44889364449901903
99039,0.4489304693792769
99040,0.44892570802772463
99041,0.44893677243788993
99042,0.4489285738658563
99043,0.44890480761067664
99044,0.4489557246001695
99045,0.44889777908366985
99046,0.44893129669294224
99047,0.4489224222504367
99048,0.44893240523448363
99049,0.44890574834099667
99050,0.4489215283086721
99051,0.44896047057603644
99052,0.4489129592304019
99053,0.44893190758807056
99054,0.4489338130233294
99055,0.4489189030262423
99056,0.44889987282867433
99057,0.4489314740932938
99058,0.44890196326530607
99059,0.4489058152997754
99060,0.44889430367157385
99061,0.4489348820484274
99062,0.4489339148661075
99063,0.44890345619939676
99064,0.4489619735953697
99065,0.4489164129825069
99066,0.4489249789206822
99067,0.44892334991925775
99068,0.4489145630998676
99069,0.4489635635771319
99070,0.4489459993663408
99071,0.4489553638483903
99072,0.44892852079352336
99073,0.4489416068649458
99074,0.44891422417248594
99075,0.44893248889160914
99076,0.4489579228336708
99077,0.4489001535594375
99078,0.4488911170918806
99079,0.4489340509322356
99080,0.4489049016845461
99081,0.4489428941289457
99082,0.44890256787974103
99083,0.4489072597929173
99084,0.44890782290759557
99085,0.4489364292121838
99086,0.448907717923648
99087,0.44894213278252093
99088,0.4489584337034814
99089,0.4489386423253265
99090,0.4489613160756646
99091,0.4489337201059034
99092,0.44890198591728336
99093,0.4489047137038326
99094,0.44890933088670465
99095,0.4489623399680185
99096,0.44891646274780617
99097,0.44892669753051934
99098,0.44896025085196056
99099,0.4489481933016901
99100,0.448921679584319
99101,0.4489594053519496
99102,0.4489407921164255
99103,0.448911452243158
99104,0.44892497644039225
99105,0.4489104205807286
99106,0.44888752231243634
99107,0.44892390592596776
99108,0.4489495008986709
99109,0.4489007285786649
99110,0.44892875258810694
99111,0.44896491383261766
99112,0.4489640339434993
99113,0.44889072360579907
99114,0.448887994992242
99115,0.4489633283135168
99116,0.44892618103681503
99117,0.4489446206757213
99118,0.44892156402000777
99119,0.44893317633498314
99120,0.4489140846344305
99121,0.4488942935860691
99122,0.44896101170268515
99123,0.44893724081910313
99124,0.44896373304216625
99125,0.4489562047198698
99126,0.4488950736159506
99127,0.4489216179169641
99128,0.4489301559118407
99129,0.448962406759799
99130,0.4489027826439993
99131,0.4489244034049961
99132,0.4489650761867933
99133,0.44895260448368857
99134,0.4489549667249531
99135,0.4489530700543139
99136,0.4489172735275164
99137,0.4489336724907415
99138,0.4489272277452937
99139,0.44891587665136834
99140,0.44894607855971685
99141,0.44888469036608974
99142,0.44889106633544135
99143,0.4489040074128272
99144,0.4489173254413306
99145,0.44889783380721465
99146,0.4489375542863783
99147,0.4489371852680553
99148,0.44892491411077784
99149,0.44892376109619625
99150,0.44892150813829906
99151,0.44894891810995424
99152,0.44888869268630976
99153,0.44896341445067506
99154,0.4488914995019825
99155,0.4489246333784184
99156,0.448934579991313
99157,0.4489632725971257
99158,0.4488989127538761
99159,0.448903239617818
99160,0.44890506883397213
99161,0.44892674415235956
99162,0.44896581405542696
99163,0.4489137929915071
99164,0.44896245569855353
99165,0.4489612211760089
99166,0.448906021302842
99167,0.44889302021086686
99168,0.4489039323511721
99169,0.44894585040294904
99170,0.4489598801813294
99171,0.4489371477370929
99172,0.4489480076338942
99173,0.44894475922218513
99174,0.4489300934177809
99175,0.4489533921163925
99176,0.4489573726139114
99177,0.44891402643852646
99178,0.44892790146692924
99179,0.4489266457820206
99180,0.44895901533704685
99181,0.4489601498353759
99182,0.4488960555128796
99183,0.4489159328636289
99184,0.4488976059809864
99185,0.44896000467522484
99186,0.4489034674435824
99187,0.4489576325121368
99188,0.44889513561412014
99189,0.44895247172336933
99190,0.4489032217617608
99191,0.44893561231433543
99192,0.448945290593006
99193,0.4488873134992956
99194,0.44893072481491947
99195,0.4489080094012352
99196,0.44894104226235515
99197,0.4489141481221232
99198,0.44891184622444064
99199,0.44892767777354653
99200,0.4489600321184372
99201,0.44895342683674616
99202,0.448950731454895
99203,0.44890239130680687
99204,0.44889321893847284
99205,0.4488957410533625
99206,0.44894283031206333
99207,0.44894536383613887
99208,0.44890770949220704
99209,0.44894481196231273
99210,0.4488995330738323
99211,0.44893058957447907
99212,0.4488990665112414
99213,0.4489181453159129
99214,0.4489536419323751
99215,0.4488972230756996
99216,0.4489043203833427
99217,0.448951826769192
99218,0.44892549243641033
99219,0.44895524216553606
99220,0.4489015448155917
99221,0.4489364973283437
99222,0.44892025642098227
99223,0.44894151428085916
99224,0.4489263597604215
99225,0.448898481076795
99226,0.44895067788785914
99227,0.44895919670363166
99228,0.44892998512545673
99229,0.4489558051158182
99230,0.44893028635889864
99231,0.44894253668444056
99232,0.44890811603940883
99233,0.44891159575039874
99234,0.4488913601277133
99235,0.44892716574501906
99236,0.44890961393243634
99237,0.44889159092976133
99238,0.4489475070145291
99239,0.44891049547539164
99240,0.4489501109696829
99241,0.44891801305155504
99242,0.44889033788981725
99243,0.4488874778368688
99244,0.4489640308019638
99245,0.44889459085105154
99246,0.44893283740831363
99247,0.44891032783030244
99248,0.44889640072192916
99249,0.4489622577970963
99250,0.44888821752664526
99251,0.4489487451730688
99252,0.44896392912398597
99253,0.448906370315859
99254,0.44890170287112596
99255,0.44895279858135373
99256,0.4488992510203401
99257,0.44890405684664697
99258,0.44890382703561227
99259,0.4489440828540522
99260,0.44891560435204375
99261,0.44891322425548524
99262,0.4489289967815552
99263,0.44892070595455313
99264,0.4488940746892949
99265,0.44888778750166825
99266,0.4489013624560642
99267,0.44892574754126174
99268,0.44890383860971717
99269,0.4489043142654059
99270,0.44896334765684537
99271,0.44889123695683236
99272,0.44895109898454855
99273,0.44895147329190876
99274,0.4489445008103047
99275,0.44889467483725265
99276,0.4488850545899179
99277,0.4489283194219274
99278,0.4488846544885221
99279,0.4489158673932411
99280,0.4489194514273995
99281,0.448915645685491
99282,0.4489116846978
99283,0.44892272331642546
99284,0.44891642091998185
99285,0.44889070823045285
99286,0.4489311123494752
99287,0.4489379168556873
99288,0.44893255783406055
99289,0.44895677130658446
99290,0.4488898037070397
99291,0.448937223459796
99292,0.4489635397711864
99293,0.44892936860821336
99294,0.4489594070048437
99295,0.4489363853999339
99296,0.44890307875085805
99297,0.44895275294965825
99298,0.4489208843464407
99299,0.4489393469646093
99300,0.4489160704190174
99301,0.4489091344750463
99302,0.44893033364332185
99303,0.4488893356552783
99304,0.44888606872662046
99305,0.44891286036146705
99306,0.4489308081421789
99307,0.4489173322206653
99308,0.4489566400346426
99309,0.4489241301125027
99310,0.44892048523834266
99311,0.44890347934564917
99312,0.44889769327714946
99313,0.44896614075001806
99314,0.44888588339150687
99315,0.4488932116642873
99316,0.44889256108854936
99317,0.44892879970693395
99318,0.44893591619174966
99319,0.4488980656005882
99320,0.4489022727656839
99321,0.4489592010030346
99322,0.4489408479990944
99323,0.4489344255723755
99324,0.44893738415971945
99325,0.44892181366865164
99326,0.44889990192517415
99327,0.44890555953354344
99328,0.4489051000801752
99329,0.4489258578170148
99330,0.44891356235625274
99331,0.44896247884522406
99332,0.4489403966476774
99333,0.44890776239835556
99334,0.44894061703245847
99335,0.44893886023096335
99336,0.4488971594250965
99337,0.44889441130046015
99338,0.4489414625331434
99339,0.4488890018546946
99340,0.44890384720596166
99341,0.4488940007861776
99342,0.448892601924722
99343,0.4489526725994639
99344,0.44894441384650646
99345,0.44894070168199296
99346,0.44892099429084564
99347,0.44895268218868584
99348,0.4489073262548886
99349,0.44891384060740913
99350,0.44896297252202544
99351,0.44894362075536465
99352,0.44894356239467553
99353,0.4489342933065971
99354,0.44889962086466156
99355,0.4489387167248412
99356,0.4489540246720529
99357,0.4489081732429061
99358,0.44890405519299054
99359,0.44892802496754286
99360,0.4489622581286506
99361,0.4488944693327341
99362,0.44890850919603137
99363,0.44889861730746655
99364,0.4489465504124419
99365,0.4489341221909415
99366,0.448923635279689
99367,0.44894009723344264
99368,0.4489594347807843
99369,0.4489249650329485
99370,0.4489463134925788
99371,0.4489263116496198
99372,0.4489320000077788
99373,0.4489063688261986
99374,0.44894329290507873
99375,0.4489560117784659
99376,0.44890913712077724
99377,0.4489637350265071
99378,0.44895333144178656
99379,0.44894287908386077
99380,0.44890095557747556
99381,0.4489387527668614
99382,0.44889454191314593
99383,0.4489481084862997
99384,0.4489180071000453
99385,0.4489103010458836
99386,0.44894370772048664
99387,0.44893653171745523
99388,0.4489239884259212
99389,0.4489238971631193
99390,0.4489240138851097
99391,0.4488894026150029
99392,0.4488949178729803
99393,0.44888592125186
99394,0.44896262036770873
99395,0.44891086829644045
99396,0.4489083937949931
99397,0.44890515364815275
99398,0.4489064473581935
99399,0.44894207557683946
99400,0.4488938949747586
99401,0.4489493127541645
99402,0.44891112769815295
99403,0.4488874993298289
99404,0.44892607274545193
99405,0.44895110510007297
99406,0.4489364538467774
99407,0.44892996892469644
99408,0.44893322361853527
99409,0.4489554056760897
99410,0.4489163741307081
99411,0.4489298293851211
99412,0.448912037511786
99413,0.44895042608789254
99414,0.44893482947500635
99415,0.44888753950599797
99416,0.44894347476944163
99417,0.4488870950977318
99418,0.44891114406761734
99419,0.4489599978959091
99420,0.44894118494259955
99421,0.44891631064449017
99422,0.4488939260555107
99423,0.448932380598547
99424,0.44895904691506383
99425,0.44892726147310297
99426,0.44890968072694765
99427,0.44891843778593515
99428,0.44892484053877446
99429,0.4489420800408392
99430,0.4489289989301703
99431,0.44894130745318983
99432,0.4489495787692412
99433,0.44893938647854353
99434,0.44893277127608383
99435,0.4489055968991418
99436,0.4488855378500621
99437,0.4489505831527624
99438,0.4489506335792755
99439,0.44892745507435833
99440,0.44893161148250477
99441,0.4489032535059111
99442,0.4489279108911491
99443,0.44888887289531315
99444,0.44890392557256803
99445,0.4489296929878428
99446,0.4489499411736454
99447,0.4489340651523421
99448,0.44892085789359853
99449,0.44894667027701507
99450,0.4489066644379462
99451,0.44893027743096453
99452,0.4489088775515279
99453,0.448898853730961
99454,0.44890107692966796
99455,0.44895180031639564
99456,0.4489240800182925
99457,0.44889496730847905
99458,0.44892938762250284
99459,0.44888613006287187
99460,0.4489079158232743
99461,0.4489242980891251
99462,0.44891336346334354
99463,0.4489457781542387
99464,0.44895389290326054
99465,0.4489433598655654
99466,0.44895258315445075
99467,0.4489505877827229
99468,0.44889330838183344
99469,0.4489160052788356
99470,0.44891415142793745
99471,0.4489643834525947
99472,0.44888651743346225
99473,0.44889965475693094
99474,0.44892248524064915
99475,0.44890511545756784
99476,0.4488909816862079
99477,0.4489454708032752
99478,0.4488995391917882
99479,0.44895672551012594
99480,0.44892982492121086
99481,0.4489353180249269
99482,0.4489144804356107
99483,0.4489070747881829
99484,0.4489418280771902
99485,0.4489446340667102
99486,0.44889815008525286
99487,0.44891138974693634
99488,0.44892532628007437
99489,0.44893410698092406
99490,0.4489300758935821
99491,0.44889811288549875
99492,0.4489373152168914
99493,0.44890555639399154
99494,0.44894162488698297
99495,0.4489337156432786
99496,0.44894848246299546
99497,0.44896451174859836
99498,0.4489074605048653
99499,0.44889684777550154
99500,0.44895540518137683
99501,0.44888855083317997
99502,0.4489032295322925
99503,0.44895268598996363
99504,0.448942618689104
99505,0.44890307263370854
99506,0.4489586641741464
99507,0.4489307496134892
99508,0.448904128433942
99509,0.44888494249548583
99510,0.4489654471883265
99511,0.44888821074772906
99512,0.44894708327214466
99513,0.44894524628614796
99514,0.4489460628532827
99515,0.44895420471728975
99516,0.4488932470442843
99517,0.44895864235217553
99518,0.44893106556097795
99519,0.4488888365239091
99520,0.4488894492382504
99521,0.4489495533092133
99522,0.448930366378806
99523,0.4489509154660199
99524,0.44894891959672745
99525,0.44889853993399953
99526,0.44890289622640583
99527,0.4489283693521058
99528,0.44891417209506407
99529,0.4489510209478153
99530,0.4489176203924477
99531,0.44892859899648235
99532,0.44889762383835397
99533,0.44893249037927285
99534,0.4489226447844808
99535,0.4489582162939229
99536,0.4488860918732729
99537,0.44896077891782143
99538,0.4489519132362907
99539,0.4489373350565469
99540,0.4489541951277074
99541,0.44892576572761267
99542,0.4489184787878873
99543,0.4489549334922804
99544,0.4489001560397049
99545,0.4489528686817932
99546,0.44891279588252175
99547,0.44891864726001646
99548,0.4489488237059318
99549,0.44893642822024526
99550,0.44888707310876264
99551,0.4489393625039715
99552,0.4489259037776497
99553,0.448902108922763
99554,0.44891240338976157
99555,0.4488911698327545
99556,0.44891250324896204
99557,0.4489314021738252
99558,0.44895090042264235
99559,0.44889716256559303
99560,0.44889045808506367
99561,0.4488853427608938
99562,0.4489076028537051
99563,0.44892278151278125
99564,0.448949246951975
99565,0.44893992033058716
99566,0.4489619745869624
99567,0.44894700424326345
99568,0.4489425758668403
99569,0.4488854925499239
99570,0.44894925389654355
99571,0.448936100203256
99572,0.4488885300008777
99573,0.4489603488928458
99574,0.44890646653776095
99575,0.44894543096024186
99576,0.44894944055296204
99577,0.4489081735744054
99578,0.44894452908186633
99579,0.4489067434666613
99580,0.44889444932739686
99581,0.4489318811365415
99582,0.44891602891976434
99583,0.44889135781384076
99584,0.4489460605387087
99585,0.4489135079625305
99586,0.44895431515635764
99587,0.44892476233617934
99588,0.44895328068459206
99589,0.4488908277639495
99590,0.4489548749665784
99591,0.4489199720522854
99592,0.4488944519725998
99593,0.44894811476896684
99594,0.448955672355368
99595,0.44893295991779836
99596,0.44892038686547214
99597,0.44896091911640457
99598,0.44891689492244213
99599,0.44890950613868663
99600,0.4488846859012915
99601,0.4489054085884483
99602,0.4489009972407239
99603,0.44888714420163617
99604,0.44892225344809433
99605,0.4489616268969583
99606,0.44893801638336117
99607,0.4489442895179619
99608,0.4488889770534636
99609,0.44888674922680755
99610,0.44895678139086215
99611,0.4489591743856489
99612,0.4488903390474898
99613,0.448891363102754
99614,0.44891129319528944
99615,0.44892478300241084
99616,0.44895557993436447
99617,0.4489464350105329
99618,0.44889150297357683
99619,0.44894536085982806
99620,0.448943075992768
99621,0.4489151526696111
99622,0.4489052703705641
99623,0.44892543721600386
99624,0.44889296598243283
99625,0.44893926148704594
99626,0.4489623193016663
99627,0.4489375251865791
99628,0.44893978575156057
99629,0.44889331383846887
99630,0.44891333651448595
99631,0.4489584156834458
99632,0.44892217226916276
99633,0.4489589578011016
99634,0.44894986727088626
99635,0.4488919840856335
99636,0.44895075972562026
99637,0.448896460736879
99638,0.4489630366702335
99639,0.4489249729688107
99640,0.4489652702834132
99641,0.44892746234965264
99642,0.44889578437155275
99643,0.44895781321922734
99644,0.44895861507268126
99645,0.4488859171181801
99646,0.44893048210881487
99647,0.44894724546203824
99648,0.4489184642387952
99649,0.448923814497856
99650,0.4489393142287056
99651,0.44892162188562534
99652,0.44892787732742734
99653,0.44893169580069037
99654,0.44895337955296266
99655,0.4489452482694043
99656,0.4489097356169731
99657,0.44896069972286823
99658,0.44894475112101623
99659,0.44892216697858844
99660,0.4489486757358917
99661,0.44893378706474074
99662,0.4489166198121897
99663,0.4489045928463362
99664,0.4489009193687897
99665,0.4489595505107456
99666,0.44894682535572794
99667,0.4489162560847154
99668,0.44890682067430066
99669,0.44889859763475887
99670,0.4489554403964516
99671,0.44893553874233205
99672,0.44890432997086843
99673,0.44895741956773005
99674,0.4489154982106169
99675,0.4489622197727917
99676,0.44893141424326277
99677,0.4489338536930187
99678,0.44892250127803496
99679,0.4489589334991967
99680,0.4489113500689686
99681,0.44896383372710713
99682,0.44892328229778033
99683,0.4489194183605292
99684,0.44892867984233614
99685,0.4488847659224898
99686,0.44892420599914973
99687,0.44894239218598037
99688,0.44889315941908653
99689,0.4488928849705041
99690,0.44888993828570206
99691,0.44893529653283787
99692,0.44891677852903017
99693,0.44893354551787445
99694,0.44889066408640044
99695,0.44893432257182364
99696,0.44889241328349105
99697,0.4489224506855848
99698,0.4489050723059767
99699,0.44895009675128267
99700,0.44892491394512124
99701,0.4489105639212955
99702,0.4489403252241065
99703,0.44892212151359623
99704,0.4489143113032776
99705,0.44889850323068103
99706,0.4488961596701383
99707,0.44891751259622065
99708,0.4489287916061261
99709,0.4489523219339804
99710,0.4489031804298991
99711,0.44892105992738257
99712,0.44890905891939115
99713,0.4489635326603469
99714,0.44889005881070176
99715,0.4489418105537993
99716,0.44895466483119395
99717,0.44893003422947525
99718,0.44896299285797137
99719,0.44893405820801585
99720,0.4489198895522945
99721,0.44889838270353993
99722,0.4489107064361544
99723,0.44889166830438293
99724,0.4489192713825035
99725,0.4489022559003023
99726,0.4489270331516814
99727,0.4489639441687298
99728,0.44892077621965604
99729,0.44890420101487055
99730,0.448901906558709
99731,0.4489279599925619
99732,0.44889134921583795
99733,0.448893449574456
99734,0.4489083688287535
99735,0.44893280599386365
99736,0.448940203872345
99737,0.4489077195773013
99738,0.44892631710510505
99739,0.4489171149764944
99740,0.44888626877644017
99741,0.4489035064607413
99742,0.4489030924733275
99743,0.4489339851323288
99744,0.44889780685875974
99745,0.4489151058806749
99746,0.4489072151528747
99747,0.44890569626309856
99748,0.44891478580002353
99749,0.4489598428159762
99750,0.44893267918666035
99751,0.44894334994576024
99752,0.4489492289312684
99753,0.44891804975490346
99754,0.4489623697267334
99755,0.44888544212411424
99756,0.44891798974068997
99757,0.44896225135048223
99758,0.4489227234821326
99759,0.448927175335537
99760,0.44891679704514664
99761,0.4489309480100671
99762,0.4489393175353993
99763,0.4489537945316176
99764,0.4489386978768024
99765,0.448901165049897
99766,0.4488908963757777
99767,0.44891660096446445
99768,0.44895454513232574
99769,0.44891325004624233
99770,0.44890361508323395
99771,0.4489495098273221
99772,0.4489428703204067
99773,0.4489439707608298
99774,0.4488885577754185
99775,0.44891888483987996
99776,0.4489121691165083
99777,0.4489364804646317
99778,0.4489011572793415
99779,0.4489415903336353
99780,0.4489652350693635
99781,0.44892772472825304
99782,0.44895432954138187
99783,0.4489274669788805
99784,0.448956974992777
99785,0.44896572692709075
99786,0.44895519289747776
99787,0.4488953860888384
99788,0.4489354415276126
99789,0.4489080624714061
99790,0.4489239738752026
99791,0.4489640349352002
99792,0.44891115117682556
99793,0.4489372719015841
99794,0.4489523591333596
99795,0.4489236243682789
99796,0.44896073510445517
99797,0.4489449895279188
99798,0.44892742382759776
99799,0.4489459553881066
99800,0.4489135833528545
99801,0.4489558930702815
99802,0.44893418485080655
99803,0.448913792991914
99804,0.44892759378690517
99805,0.44896395028675723
99806,0.44896299996687083
99807,0.44888977725382356
99808,0.44890098302195375
99809,0.44890870345759865
99810,0.4489221797089975
99811,0.448894126272076
99812,0.44892303909757736
99813,0.4489158121728665
99814,0.44891401205518894
99815,0.4489279609862268
99816,0.4489602000958047
99817,0.4489301120992681
99818,0.44892090418609815
99819,0.4489216549517819
99820,0.4489003258337308
99821,0.4489331343410182
99822,0.4488888750455411
99823,0.4489482344689233
99824,0.44895260448337815
99825,0.4489386674563756
99826,0.44888778502214366
99827,0.4489582396072446
99828,0.44889291439843315
99829,0.4489190531455485
99830,0.4488856909461243
99831,0.4489061142188632
99832,0.4489481377498769
99833,0.44890352216625967
99834,0.4489446830036195
99835,0.4489156418824662
99836,0.44895299697662266
99837,0.4489207768809779
99838,0.4489428542846586
99839,0.44895819546359605
99840,0.4489527967622813
99841,0.44889115131437873
99842,0.4489544418011733
99843,0.4489471199759066
99844,0.44894603987160725
99845,0.4488878377625396
99846,0.4489056078114025
99847,0.44892601041742763
99848,0.4489565765476481
99849,0.44888746097441956
99850,0.4489191063810384
99851,0.4488928089189048
99852,0.44892919550877136
99853,0.4489634817398757
99854,0.448963035511634
99855,0.4489510586422906
99856,0.4489523045735402
99857,0.44889630516177687
99858,0.44890327780910144
99859,0.4489038928380966
99860,0.4489164278637882
99861,0.44888798044148687
99862,0.44888616742930715
99863,0.44891701032302883
99864,0.4489388727961134
99865,0.44890268642237974
99866,0.448914375780476
99867,0.44888852983585653
99868,0.44896355035229163
99869,0.44890045016261404
99870,0.44894321933304543
99871,0.44893350848381874
99872,0.4489319464407359
99873,0.448936917928979
99874,0.44889650636972767
99875,0.448916706278735
99876,0.4489115530935431
99877,0.4488981580206955
99878,0.44889678776142744
99879,0.44895571153744573
99880,0.44892724163267395
99881,0.4489023570841628
99882,0.4489241109341165
99883,0.448927270400585
99884,0.44890716853130924
99885,0.44891366486081685
99886,0.4488950719626094
99887,0.4488986007757189
99888,0.44888736657072537
99889,0.4489600894881427
99890,0.4489378570057382
99891,0.44896440411722816
99892,0.4489028753950986
99893,0.44888463035120596
99894,0.4489055094401273
99895,0.44894547212585406
99896,0.4489020300600674
99897,0.4489539702770046
99898,0.44891571876109027
99899,0.44895176510014356
99900,0.44891593352410797
99901,0.4489597968548615
99902,0.4488967708981452
99903,0.44892794147686826
99904,0.448931912714237
99905,0.44891176901604735
99906,0.4489130303211827
99907,0.4489606988974259
99908,0.4489527908103661
99909,0.4489333122366039
99910,0.44893539176224184
99911,0.44889581578363097
99912,0.448915050330482
99913,0.448925411590153
99914,0.448931597264137
99915,0.44889760548588986
99916,0.4488950557598853
99917,0.44893040737945855
99918,0.4489311680661672
99919,0.4489420884734913
99920,0.4489329003991629
99921,0.44890927930455227
99922,0.4489586097812999
99923,0.4489244954937104
99924,0.448951632009585
99925,0.4489231485455213
99926,0.4489078496927951
99927,0.44894503350417303
99928,0.4489303546406897
99929,0.4489157486863693
99930,0.44889860557025807
99931,0.4489024954650509
99932,0.44893544648795763
99933,0.4488942512619063
99934,0.4489142119379919
99935,0.4489602903663042
99936,0.4489302197294482
99937,0.4489433243187001
99938,0.44892655683470833
99939,0.44896234972217236
99940,0.44895897301241094
99941,0.4489323331487042
99942,0.44890904949429367
99943,0.4489549161338553
99944,0.44891745671366096
99945,0.4489434504650446
99946,0.4489203853791391
99947,0.44893733241282435
99948,0.44891912870156997
99949,0.44891541025488696
99950,0.44888657397648263
99951,0.4489180079262984
99952,0.44895865772800997
99953,0.4488962115838273
99954,0.4489332728879985
99955,0.44895327969166965
99956,0.4489004729778266
99957,0.4489644052753925
99958,0.4489517698955335
99959,0.44894196331751035
99960,0.44893363347373766
99961,0.44889724605785536
99962,0.44891341670014384
99963,0.44888741583878805
99964,0.4489067811612926
99965,0.44891449829038327
99966,0.4489251442507676
99967,0.44891510935303763
99968,0.44890727500334976
99969,0.4489585613395362
99970,0.4489080176678109
99971,0.44892271075040263
99972,0.4489290768015434
99973,0.44890353506291136
99974,0.448907176797115
99975,0.44893549211881184
99976,0.44892772654691326
99977,0.4488898288360281
99978,0.4488989896332777
99979,0.4489377424320408
99980,0.4489246132080052
99981,0.4488866210952333
99982,0.4489165660793979
99983,0.44892381300990897
99984,0.4489113948731851
99985,0.4489454263306547
99986,0.4489426373697724
99987,0.4489475243729243
99988,0.44890223655826367
99989,0.44889144626489674
99990,0.44889135649112083
99991,0.44889752149800244
99992,0.4489253524005893
99993,0.4489457530240255
99994,0.4489346158681006
99995,0.4488883909586874
99996,0.44892960519774333
99997,0.44890447546294143
99998,0.4489432502506733
99999,0.4489223371052484
100000,0.4489198840971638
